Unnamed: 0,id,slug,title,difficulty,content,java_code,java_description,cpp_code,cpp_description,python_code,python_description,javascript_code,javascript_description,translated_python,parsed_python_from_javascript,translated_python_from_java,translated_python_from_cpp,parsed_python_from_java,parsed_python_from_cpp
0,1,two-sum,Two Sum,Easy,"Given an array of integers `nums` and an integer `target`, return _indices of the two numbers such that they add up to `target`_.

You may assume that each input would have **_exactly_ one solution**, and you may not use the _same_ element twice.

You can return the answer in any order.

**Example 1:**

**Input:** nums = \[2,7,11,15\], target = 9
**Output:** \[0,1\]
**Explanation:** Because nums\[0\] + nums\[1\] == 9, we return \[0, 1\].

**Example 2:**

**Input:** nums = \[3,2,4\], target = 6
**Output:** \[1,2\]

**Example 3:**

**Input:** nums = \[3,3\], target = 6
**Output:** \[0,1\]

**Constraints:**

*   `2 <= nums.length <= 104`
*   `-109 <= nums[i] <= 109`
*   `-109 <= target <= 109`
*   **Only one valid answer exists.**

**Follow-up:** Can you come up with an algorithm that is less than `O(n2)` time complexity?","import java.util.HashMap;
import java.util.Map;

public int[] twoSum(int[] nums, int target) {
    Map<Integer, Integer> map = new HashMap<>();
    for (int i = 0; i < nums.length; i++) {
        int complement = target - nums[i];
        if (map.containsKey(complement)) {
            return new int[]{map.get(complement), i};
        }
        map.put(nums[i], i);
    }
    throw new IllegalArgumentException(""No two sum solution"");
}","The algorithm leverages a hash map (unordered_map in C++, HashMap in Java, dictionary in Python, and Map in JavaScript). It iterates through the given 'nums' array and calculates the complementary value (target - current value). If the complementary value is already in the hash map, it means that we found a solution, and we return those indices. If the complement is not in the hash map, we store the current element in the hash map with its index. If the algorithm doesn't find the solution, it returns an empty array or throws an exception (in Java).

This approach has a time complexity of O(n) and a space complexity of O(n) as well.","#include <vector>
#include <unordered_map>

std::vector<int> twoSum(std::vector<int>& nums, int target) {
    std::unordered_map<int, int> map;
    for (int i = 0; i < nums.size(); i++) {
        int complement = target - nums[i];
        if (map.find(complement) != map.end()) {
            return {map[complement], i};
        }
        map[nums[i]] = i;
    }
    return {};
}","The algorithm leverages a hash map (unordered_map in C++, HashMap in Java, dictionary in Python, and Map in JavaScript). It iterates through the given 'nums' array and calculates the complementary value (target - current value). If the complementary value is already in the hash map, it means that we found a solution, and we return those indices. If the complement is not in the hash map, we store the current element in the hash map with its index. If the algorithm doesn't find the solution, it returns an empty array or throws an exception (in Java).

This approach has a time complexity of O(n) and a space complexity of O(n) as well.","def twoSum(nums, target):
    map = {}
    for i, num in enumerate(nums):
        complement = target - num
        if complement in map:
            return [map[complement], i]
        map[num] = i
    return []","The algorithm leverages a hash map (unordered_map in C++, HashMap in Java, dictionary in Python, and Map in JavaScript). It iterates through the given 'nums' array and calculates the complementary value (target - current value). If the complementary value is already in the hash map, it means that we found a solution, and we return those indices. If the complement is not in the hash map, we store the current element in the hash map with its index. If the algorithm doesn't find the solution, it returns an empty array or throws an exception (in Java).

This approach has a time complexity of O(n) and a space complexity of O(n) as well.","function twoSum(nums, target) {
    const map = new Map();
    for (let i = 0; i < nums.length; i++) {
        const complement = target - nums[i];
        if (map.has(complement)) {
            return [map.get(complement), i];
        }
        map.set(nums[i], i);
    }
    return [];
}","The algorithm leverages a hash map (unordered_map in C++, HashMap in Java, dictionary in Python, and Map in JavaScript). It iterates through the given 'nums' array and calculates the complementary value (target - current value). If the complementary value is already in the hash map, it means that we found a solution, and we return those indices. If the complement is not in the hash map, we store the current element in the hash map with its index. If the algorithm doesn't find the solution, it returns an empty array or throws an exception (in Java).

This approach has a time complexity of O(n) and a space complexity of O(n) as well.","def two_sum(nums, target):
    map = {}
    for i in range(len(nums)):
        complement = target - nums[i]
        if complement in map:
            return [map[complement], i]
        map[nums[i]] = i
    return []","def two_sum(nums, target):
    map = {}
    for i in range(len(nums)):
        complement = target - nums[i]
        if complement in map:
            return [map[complement], i]
        map[nums[i]] = i
    return []","```python
def two_sum(nums, target):
    map = {}
    for i in range(len(nums)):
        complement = target - nums[i]
        if complement in map:
            return [map[complement], i]
        map[nums[i]] = i
    raise ValueError(""No two sum solution"")
```","Here is the equivalent code in Python:

```python
from typing import List

def twoSum(nums: List[int], target: int) -> List[int]:
    map = {}
    for i in range(len(nums)):
        complement = target - nums[i]
        if complement in map:
            return [map[complement], i]
        map[nums[i]] = i
    return []
```","def two_sum(nums, target):
    map = {}
    for i in range(len(nums)):
        complement = target - nums[i]
        if complement in map:
            return [map[complement], i]
        map[nums[i]] = i
    raise ValueError(""No two sum solution"")","from typing import List

def twoSum(nums: List[int], target: int) -> List[int]:
    map = {}
    for i in range(len(nums)):
        complement = target - nums[i]
        if complement in map:
            return [map[complement], i]
        map[nums[i]] = i
    return []"
2,3,longest-substring-without-repeating-characters,Longest Substring Without Repeating Characters,Medium,"Given a string `s`, find the length of the **longest** **substring** without repeating characters.

**Example 1:**

**Input:** s =  ""abcabcbb ""
**Output:** 3
**Explanation:** The answer is  ""abc "", with the length of 3.

**Example 2:**

**Input:** s =  ""bbbbb ""
**Output:** 1
**Explanation:** The answer is  ""b "", with the length of 1.

**Example 3:**

**Input:** s =  ""pwwkew ""
**Output:** 3
**Explanation:** The answer is  ""wke "", with the length of 3.
Notice that the answer must be a substring,  ""pwke "" is a subsequence and not a substring.

**Constraints:**

*   `0 <= s.length <= 5 * 104`
*   `s` consists of English letters, digits, symbols and spaces.","import java.util.HashSet;
import java.util.Set;

public int lengthOfLongestSubstring(String s) {
    int left = 0, right = 0, maxLength = 0;
    Set<Character> characters = new HashSet<>();

    while (right < s.length()) {
        if (!characters.contains(s.charAt(right))) {
            characters.add(s.charAt(right));
            maxLength = Math.max(maxLength, right - left + 1);
            right++;
        } else {
            characters.remove(s.charAt(left));
            left++;
        }
    }

    return maxLength;
}","The algorithm uses a sliding window with two pointers, left and right, to iterate through the string. It also uses a set to store the unique characters in the current window.

1. Initialize left and right pointers to the start of the string, and maxLength to 0.
2. Check if the character at the right index is in the set.
   - If it's not in the set, add the character to the set, update maxLength, and move the right pointer forward.
   - If it's in the set, remove the character at the left index from the set, and move the left pointer forward.
3. Repeat step 2 until the right pointer reaches the end of the string.
4. Return maxLength. 

The algorithm runs in O(n) time, where n is the length of the input string.","#include <string>
#include <unordered_set>

int lengthOfLongestSubstring(std::string s) {
    int left = 0, right = 0, maxLength = 0;
    std::unordered_set<char> characters;

    while (right < s.size()) {
        if (characters.find(s[right]) == characters.end()) {
            characters.insert(s[right]);
            maxLength = std::max(maxLength, right - left + 1);
            right++;
        } else {
            characters.erase(s[left]);
            left++;
        }
    }

    return maxLength;
}","The algorithm uses a sliding window with two pointers, left and right, to iterate through the string. It also uses a set to store the unique characters in the current window.

1. Initialize left and right pointers to the start of the string, and maxLength to 0.
2. Check if the character at the right index is in the set.
   - If it's not in the set, add the character to the set, update maxLength, and move the right pointer forward.
   - If it's in the set, remove the character at the left index from the set, and move the left pointer forward.
3. Repeat step 2 until the right pointer reaches the end of the string.
4. Return maxLength. 

The algorithm runs in O(n) time, where n is the length of the input string.","def length_of_longest_substring(s: str) -> int:
    left = 0
    right = 0
    max_length = 0
    characters = set()

    while right < len(s):
        if s[right] not in characters:
            characters.add(s[right])
            max_length = max(max_length, right - left + 1)
            right += 1
        else:
            characters.remove(s[left])
            left += 1

    return max_length","The algorithm uses a sliding window with two pointers, left and right, to iterate through the string. It also uses a set to store the unique characters in the current window.

1. Initialize left and right pointers to the start of the string, and maxLength to 0.
2. Check if the character at the right index is in the set.
   - If it's not in the set, add the character to the set, update maxLength, and move the right pointer forward.
   - If it's in the set, remove the character at the left index from the set, and move the left pointer forward.
3. Repeat step 2 until the right pointer reaches the end of the string.
4. Return maxLength. 

The algorithm runs in O(n) time, where n is the length of the input string.","function lengthOfLongestSubstring(s) {
    let left = 0, right = 0, maxLength = 0;
    const characters = new Set();

    while (right < s.length) {
        if (!characters.has(s.charAt(right))) {
            characters.add(s.charAt(right));
            maxLength = Math.max(maxLength, right - left + 1);
            right++;
        } else {
            characters.delete(s.charAt(left));
            left++;
        }
    }

    return maxLength;
}","The algorithm uses a sliding window with two pointers, left and right, to iterate through the string. It also uses a set to store the unique characters in the current window.

1. Initialize left and right pointers to the start of the string, and maxLength to 0.
2. Check if the character at the right index is in the set.
   - If it's not in the set, add the character to the set, update maxLength, and move the right pointer forward.
   - If it's in the set, remove the character at the left index from the set, and move the left pointer forward.
3. Repeat step 2 until the right pointer reaches the end of the string.
4. Return maxLength. 

The algorithm runs in O(n) time, where n is the length of the input string.","Here is the equivalent code in Python:

```python
def lengthOfLongestSubstring(s):
    left = 0
    right = 0
    maxLength = 0
    characters = set()

    while right < len(s):
        if s[right] not in characters:
            characters.add(s[right])
            maxLength = max(maxLength, right - left + 1)
            right += 1
        else:
            characters.remove(s[left])
            left += 1

    return maxLength
```","def lengthOfLongestSubstring(s):
    left = 0
    right = 0
    maxLength = 0
    characters = set()

    while right < len(s):
        if s[right] not in characters:
            characters.add(s[right])
            maxLength = max(maxLength, right - left + 1)
            right += 1
        else:
            characters.remove(s[left])
            left += 1

    return maxLength","Here is the equivalent code in Python:

```python
def lengthOfLongestSubstring(s):
    left = 0
    right = 0
    maxLength = 0
    characters = set()

    while right < len(s):
        if s[right] not in characters:
            characters.add(s[right])
            maxLength = max(maxLength, right - left + 1)
            right += 1
        else:
            characters.remove(s[left])
            left += 1

    return maxLength
```","Here is the equivalent code in Python:

```python
def lengthOfLongestSubstring(s):
    left = 0
    right = 0
    maxLength = 0
    characters = set()

    while right < len(s):
        if s[right] not in characters:
            characters.add(s[right])
            maxLength = max(maxLength, right - left + 1)
            right += 1
        else:
            characters.remove(s[left])
            left += 1

    return maxLength
```","def lengthOfLongestSubstring(s):
    left = 0
    right = 0
    maxLength = 0
    characters = set()

    while right < len(s):
        if s[right] not in characters:
            characters.add(s[right])
            maxLength = max(maxLength, right - left + 1)
            right += 1
        else:
            characters.remove(s[left])
            left += 1

    return maxLength","def lengthOfLongestSubstring(s):
    left = 0
    right = 0
    maxLength = 0
    characters = set()

    while right < len(s):
        if s[right] not in characters:
            characters.add(s[right])
            maxLength = max(maxLength, right - left + 1)
            right += 1
        else:
            characters.remove(s[left])
            left += 1

    return maxLength"
3,4,median-of-two-sorted-arrays,Median of Two Sorted Arrays,Hard,"Given two sorted arrays `nums1` and `nums2` of size `m` and `n` respectively, return **the median** of the two sorted arrays.

The overall run time complexity should be `O(log (m+n))`.

**Example 1:**

**Input:** nums1 = \[1,3\], nums2 = \[2\]
**Output:** 2.00000
**Explanation:** merged array = \[1,2,3\] and median is 2.

**Example 2:**

**Input:** nums1 = \[1,2\], nums2 = \[3,4\]
**Output:** 2.50000
**Explanation:** merged array = \[1,2,3,4\] and median is (2 + 3) / 2 = 2.5.

**Constraints:**

*   `nums1.length == m`
*   `nums2.length == n`
*   `0 <= m <= 1000`
*   `0 <= n <= 1000`
*   `1 <= m + n <= 2000`
*   `-106 <= nums1[i], nums2[i] <= 106`","public double findMedianSortedArrays(int[] nums1, int[] nums2) {
    if (nums1.length > nums2.length) {
        return findMedianSortedArrays(nums2, nums1);
    }
    
    int x = nums1.length;
    int y = nums2.length;
    int low = 0;
    int high = x;
    
    while (low <= high) {
        int partitionX = (low + high) / 2;
        int partitionY = (x + y + 1) / 2 - partitionX;
        
        int maxLeftX = (partitionX == 0) ? Integer.MIN_VALUE : nums1[partitionX - 1];
        int minRightX = (partitionX == x) ? Integer.MAX_VALUE : nums1[partitionX];
        
        int maxLeftY = (partitionY == 0) ? Integer.MIN_VALUE : nums2[partitionY - 1];
        int minRightY = (partitionY == y) ? Integer.MAX_VALUE : nums2[partitionY];
        
        if (maxLeftX <= minRightY && maxLeftY <= minRightX) {
            if ((x + y) % 2 == 0) {
                return (double)(Math.max(maxLeftX, maxLeftY) + Math.min(minRightX, minRightY)) / 2;
            } else {
                return (double)Math.max(maxLeftX, maxLeftY);
            }
        } else if (maxLeftX > minRightY) {
            high = partitionX - 1;
        } else {
            low = partitionX + 1;
        }
    }    
    return 0;
}","1. Choose the smaller array as nums1 so that the problem is simpler with less log(n) complexity.
2. Use Binary Search (BS) to partition the smallest array.
3. Now we calculate the position of partition in the larger array (nums2) having fetched the smaller one.
4. Find the four important numbers - maxSize - left and right of partition in the two arrays.
5. If maxSizeLeft <= minSizeRight and maxSizeLeft2 <= minSizeRight2, then the partition of both arrays is correct, if not, adjust the partition of nums1. If maxLeftX > minRightY, move the BS partition to the left; if maxLeftY > minRightX, move the BS partition to the right.
6. When the correct partition is found, calculate the median based on the length of the merged array, even or odd.","double findMedianSortedArrays(vector<int>& nums1, vector<int>& nums2) {
    if (nums1.size() > nums2.size()) {
        return findMedianSortedArrays(nums2, nums1);
    }
    
    int x = nums1.size();
    int y = nums2.size();
    int low = 0;
    int high = x;
    
    while (low <= high) {
        int partitionX = (low + high) / 2;
        int partitionY = (x + y + 1) / 2 - partitionX;
        
        int maxLeftX = (partitionX == 0) ? INT_MIN : nums1[partitionX - 1];
        int minRightX = (partitionX == x) ? INT_MAX : nums1[partitionX];
        
        int maxLeftY = (partitionY == 0) ? INT_MIN : nums2[partitionY - 1];
        int minRightY = (partitionY == y) ? INT_MAX : nums2[partitionY];
        
        if (maxLeftX <= minRightY && maxLeftY <= minRightX) {
            if ((x + y) % 2 == 0) {
                return (double(max(maxLeftX, maxLeftY) + min(minRightX, minRightY))) / 2;
            } else {
                return double(max(maxLeftX, maxLeftY));
            }
        } else if (maxLeftX > minRightY) {
            high = partitionX - 1;
        } else {
            low = partitionX + 1;
        }
    }    
    return 0;
}","1. Choose the smaller array as nums1 so that the problem is simpler with less log(n) complexity.
2. Use Binary Search (BS) to partition the smallest array.
3. Now we calculate the position of partition in the larger array (nums2) having fetched the smaller one.
4. Find the four important numbers - maxSize - left and right of partition in the two arrays.
5. If maxSizeLeft <= minSizeRight and maxSizeLeft2 <= minSizeRight2, then the partition of both arrays is correct, if not, adjust the partition of nums1. If maxLeftX > minRightY, move the BS partition to the left; if maxLeftY > minRightX, move the BS partition to the right.
6. When the correct partition is found, calculate the median based on the length of the merged array, even or odd.","def findMedianSortedArrays(nums1, nums2):
    if len(nums1) > len(nums2):
        return findMedianSortedArrays(nums2, nums1)
    
    x, y = len(nums1), len(nums2)
    low, high = 0, x

    while low <= high:
        partition_x = (low + high) // 2
        partition_y = (x + y + 1) // 2 - partition_x

        max_left_x = float('-inf') if partition_x == 0 else nums1[partition_x - 1]
        min_right_x = float('inf') if partition_x == x else nums1[partition_x]

        max_left_y = float('-inf') if partition_y == 0 else nums2[partition_y - 1]
        min_right_y = float('inf') if partition_y == y else nums2[partition_y]

        if max_left_x <= min_right_y and max_left_y <= min_right_x:
            if (x + y) % 2 == 0:
                return (max(max_left_x, max_left_y) + min(min_right_x, min_right_y)) / 2
            else:
                return max(max_left_x, max_left_y)
        elif max_left_x > min_right_y:
            high = partition_x - 1
        else:
            low = partition_x + 1
    
    return 0","1. Choose the smaller array as nums1 so that the problem is simpler with less log(n) complexity.
2. Use Binary Search (BS) to partition the smallest array.
3. Now we calculate the position of partition in the larger array (nums2) having fetched the smaller one.
4. Find the four important numbers - maxSize - left and right of partition in the two arrays.
5. If maxSizeLeft <= minSizeRight and maxSizeLeft2 <= minSizeRight2, then the partition of both arrays is correct, if not, adjust the partition of nums1. If maxLeftX > minRightY, move the BS partition to the left; if maxLeftY > minRightX, move the BS partition to the right.
6. When the correct partition is found, calculate the median based on the length of the merged array, even or odd.","function findMedianSortedArrays(nums1, nums2) {
    if (nums1.length > nums2.length) {
        return findMedianSortedArrays(nums2, nums1);
    }
    
    const x = nums1.length;
    const y = nums2.length;
    let low = 0;
    let high = x;
    
    while (low <= high) {
        const partitionX = Math.floor((low + high) / 2);
        const partitionY = Math.floor((x + y + 1) / 2) - partitionX;
        
        const maxLeftX = (partitionX === 0) ? Number.NEGATIVE_INFINITY : nums1[partitionX - 1];
        const minRightX = (partitionX === x) ? Number.POSITIVE_INFINITY : nums1[partitionX];
        
        const maxLeftY = (partitionY === 0) ? Number.NEGATIVE_INFINITY : nums2[partitionY - 1];
        const minRightY = (partitionY === y) ? Number.POSITIVE_INFINITY : nums2[partitionY];
        
        if (maxLeftX <= minRightY && maxLeftY <= minRightX) {
            if ((x + y) % 2 === 0) {
                return (Math.max(maxLeftX, maxLeftY) + Math.min(minRightX, minRightY)) / 2;
            } else {
                return Math.max(maxLeftX, maxLeftY);
            }
        } else if (maxLeftX > minRightY) {
            high = partitionX - 1;
        } else {
            low = partitionX + 1;
        }
    }    
    return 0;
}","1. Choose the smaller array as nums1 so that the problem is simpler with less log(n) complexity.
2. Use Binary Search (BS) to partition the smallest array.
3. Now we calculate the position of partition in the larger array (nums2) having fetched the smaller one.
4. Find the four important numbers - maxSize - left and right of partition in the two arrays.
5. If maxSizeLeft <= minSizeRight and maxSizeLeft2 <= minSizeRight2, then the partition of both arrays is correct, if not, adjust the partition of nums1. If maxLeftX > minRightY, move the BS partition to the left; if maxLeftY > minRightX, move the BS partition to the right.
6. When the correct partition is found, calculate the median based on the length of the merged array, even or odd.","def findMedianSortedArrays(nums1, nums2):
    if len(nums1) > len(nums2):
        return findMedianSortedArrays(nums2, nums1)
    
    x = len(nums1)
    y = len(nums2)
    low = 0
    high = x
    
    while low <= high:
        partitionX = (low + high) // 2
        partitionY = (x + y + 1) // 2 - partitionX
        
        maxLeftX = float('-inf') if partitionX == 0 else nums1[partitionX - 1]
        minRightX = float('inf') if partitionX == x else nums1[partitionX]
        
        maxLeftY = float('-inf') if partitionY == 0 else nums2[partitionY - 1]
        minRightY = float('inf') if partitionY == y else nums2[partitionY]
        
        if maxLeftX <= minRightY and maxLeftY <= minRightX:
            if (x + y) % 2 == 0:
                return (max(maxLeftX, maxLeftY) + min(minRightX, minRightY)) / 2
            else:
                return max(maxLeftX, maxLeftY)
        elif maxLeftX > minRightY:
            high = partitionX - 1
        else:
            low = partitionX + 1
    
    return 0","def findMedianSortedArrays(nums1, nums2):
    if len(nums1) > len(nums2):
        return findMedianSortedArrays(nums2, nums1)
    
    x = len(nums1)
    y = len(nums2)
    low = 0
    high = x
    
    while low <= high:
        partitionX = (low + high) // 2
        partitionY = (x + y + 1) // 2 - partitionX
        
        maxLeftX = float('-inf') if partitionX == 0 else nums1[partitionX - 1]
        minRightX = float('inf') if partitionX == x else nums1[partitionX]
        
        maxLeftY = float('-inf') if partitionY == 0 else nums2[partitionY - 1]
        minRightY = float('inf') if partitionY == y else nums2[partitionY]
        
        if maxLeftX <= minRightY and maxLeftY <= minRightX:
            if (x + y) % 2 == 0:
                return (max(maxLeftX, maxLeftY) + min(minRightX, minRightY)) / 2
            else:
                return max(maxLeftX, maxLeftY)
        elif maxLeftX > minRightY:
            high = partitionX - 1
        else:
            low = partitionX + 1
    
    return 0","```python
def findMedianSortedArrays(nums1, nums2):
    if len(nums1) > len(nums2):
        return findMedianSortedArrays(nums2, nums1)
    
    x = len(nums1)
    y = len(nums2)
    low = 0
    high = x
    
    while low <= high:
        partitionX = (low + high) // 2
        partitionY = (x + y + 1) // 2 - partitionX
        
        maxLeftX = float('-inf') if partitionX == 0 else nums1[partitionX - 1]
        minRightX = float('inf') if partitionX == x else nums1[partitionX]
        
        maxLeftY = float('-inf') if partitionY == 0 else nums2[partitionY - 1]
        minRightY = float('inf') if partitionY == y else nums2[partitionY]
        
        if maxLeftX <= minRightY and maxLeftY <= minRightX:
            if (x + y) % 2 == 0:
                return (max(maxLeftX, maxLeftY) + min(minRightX, minRightY)) / 2
            else:
                return max(maxLeftX, maxLeftY)
        elif maxLeftX > minRightY:
            high = partitionX - 1
        else:
            low = partitionX + 1
    
    return 0
```","```python
def findMedianSortedArrays(nums1, nums2):
    if len(nums1) > len(nums2):
        return findMedianSortedArrays(nums2, nums1)
    
    x = len(nums1)
    y = len(nums2)
    low = 0
    high = x
    
    while low <= high:
        partitionX = (low + high) // 2
        partitionY = (x + y + 1) // 2 - partitionX
        
        maxLeftX = float('-inf') if partitionX == 0 else nums1[partitionX - 1]
        minRightX = float('inf') if partitionX == x else nums1[partitionX]
        
        maxLeftY = float('-inf') if partitionY == 0 else nums2[partitionY - 1]
        minRightY = float('inf') if partitionY == y else nums2[partitionY]
        
        if maxLeftX <= minRightY and maxLeftY <= minRightX:
            if (x + y) % 2 == 0:
                return (max(maxLeftX, maxLeftY) + min(minRightX, minRightY)) / 2
            else:
                return float(max(maxLeftX, maxLeftY))
        elif maxLeftX > minRightY:
            high = partitionX - 1
        else:
            low = partitionX + 1
    
    return 0
```","def findMedianSortedArrays(nums1, nums2):
    if len(nums1) > len(nums2):
        return findMedianSortedArrays(nums2, nums1)
    
    x = len(nums1)
    y = len(nums2)
    low = 0
    high = x
    
    while low <= high:
        partitionX = (low + high) // 2
        partitionY = (x + y + 1) // 2 - partitionX
        
        maxLeftX = float('-inf') if partitionX == 0 else nums1[partitionX - 1]
        minRightX = float('inf') if partitionX == x else nums1[partitionX]
        
        maxLeftY = float('-inf') if partitionY == 0 else nums2[partitionY - 1]
        minRightY = float('inf') if partitionY == y else nums2[partitionY]
        
        if maxLeftX <= minRightY and maxLeftY <= minRightX:
            if (x + y) % 2 == 0:
                return (max(maxLeftX, maxLeftY) + min(minRightX, minRightY)) / 2
            else:
                return max(maxLeftX, maxLeftY)
        elif maxLeftX > minRightY:
            high = partitionX - 1
        else:
            low = partitionX + 1
    
    return 0","def findMedianSortedArrays(nums1, nums2):
    if len(nums1) > len(nums2):
        return findMedianSortedArrays(nums2, nums1)
    
    x = len(nums1)
    y = len(nums2)
    low = 0
    high = x
    
    while low <= high:
        partitionX = (low + high) // 2
        partitionY = (x + y + 1) // 2 - partitionX
        
        maxLeftX = float('-inf') if partitionX == 0 else nums1[partitionX - 1]
        minRightX = float('inf') if partitionX == x else nums1[partitionX]
        
        maxLeftY = float('-inf') if partitionY == 0 else nums2[partitionY - 1]
        minRightY = float('inf') if partitionY == y else nums2[partitionY]
        
        if maxLeftX <= minRightY and maxLeftY <= minRightX:
            if (x + y) % 2 == 0:
                return (max(maxLeftX, maxLeftY) + min(minRightX, minRightY)) / 2
            else:
                return float(max(maxLeftX, maxLeftY))
        elif maxLeftX > minRightY:
            high = partitionX - 1
        else:
            low = partitionX + 1
    
    return 0"
5,6,zigzag-conversion,Zigzag Conversion,Medium,"The string `""PAYPALISHIRING ""` is written in a zigzag pattern on a given number of rows like this: (you may want to display this pattern in a fixed font for better legibility)

P   A   H   N
A P L S I I G
Y   I   R

And then read line by line: `""PAHNAPLSIIGYIR ""`

Write the code that will take a string and make this conversion given a number of rows:

string convert(string s, int numRows);

**Example 1:**

**Input:** s =  ""PAYPALISHIRING "", numRows = 3
**Output:**  ""PAHNAPLSIIGYIR ""

**Example 2:**

**Input:** s =  ""PAYPALISHIRING "", numRows = 4
**Output:**  ""PINALSIGYAHRPI ""
**Explanation:**
P     I    N
A   L S  I G
Y A   H R
P     I

**Example 3:**

**Input:** s =  ""A "", numRows = 1
**Output:**  ""A ""

**Constraints:**

*   `1 <= s.length <= 1000`
*   `s` consists of English letters (lower-case and upper-case), `','` and `'.'`.
*   `1 <= numRows <= 1000`","public class ZigzagConversion {
    public String convert(String s, int numRows) {
        if (numRows == 1 || numRows >= s.length()) return s;

        StringBuilder[] rows = new StringBuilder[numRows];
        for (int i = 0; i < numRows; i++) rows[i] = new StringBuilder();
        
        int curRow = 0;
        boolean goingDown = false;

        for (char c : s.toCharArray()) {
            rows[curRow].append(c);
            if (curRow == 0 || curRow == numRows - 1) goingDown = !goingDown;
            curRow += goingDown ? 1 : -1;
        }

        StringBuilder result = new StringBuilder();
        for (StringBuilder row : rows) result.append(row);
        return result.toString();
    }
}","1. If the number of rows is 1 or is greater than or equal to the length of the string, the string is just returned as is.
2. Create an array called ""rows"" to contain the characters that would reside in each row of the zigzag pattern.
3. Iterate through the string one character at a time.
4. For each character in the string, place it into the appropriate row of the ""rows"" array.
5. Determine whether the next character should be placed in the row above or below the current row by checking if the current row is 0 (at the top) or equal to the number of rows minus 1 (at the bottom). If at the top or the bottom, the direction will change.
6. Update the current row index according to the direction (going up or down).
7. After iterating through the entire string, join the rows array into a single string and return it.","#include <string>
#include <vector>

std::string convert(std::string s, int numRows) {
    if (numRows == 1 || numRows >= s.size()) return s;

    std::vector<std::string> rows(std::min(numRows, int(s.size())));
    int curRow = 0;
    bool goingDown = false;

    for (char c : s) {
        rows[curRow] += c;
        if (curRow == 0 || curRow == numRows - 1) goingDown = !goingDown;
        curRow += goingDown ? 1 : -1;
    }

    std::string result;
    for (std::string row : rows) result += row;
    return result;
}","1. If the number of rows is 1 or is greater than or equal to the length of the string, the string is just returned as is.
2. Create an array called ""rows"" to contain the characters that would reside in each row of the zigzag pattern.
3. Iterate through the string one character at a time.
4. For each character in the string, place it into the appropriate row of the ""rows"" array.
5. Determine whether the next character should be placed in the row above or below the current row by checking if the current row is 0 (at the top) or equal to the number of rows minus 1 (at the bottom). If at the top or the bottom, the direction will change.
6. Update the current row index according to the direction (going up or down).
7. After iterating through the entire string, join the rows array into a single string and return it.","def convert(s: str, numRows: int) -> str:
    if numRows == 1 or numRows >= len(s):
        return s

    rows = [""""] * numRows
    curRow = 0
    goingDown = False

    for c in s:
        rows[curRow] += c
        if curRow == 0 or curRow == numRows - 1:
            goingDown = not goingDown
        curRow += 1 if goingDown else -1

    return """".join(rows)","1. If the number of rows is 1 or is greater than or equal to the length of the string, the string is just returned as is.
2. Create an array called ""rows"" to contain the characters that would reside in each row of the zigzag pattern.
3. Iterate through the string one character at a time.
4. For each character in the string, place it into the appropriate row of the ""rows"" array.
5. Determine whether the next character should be placed in the row above or below the current row by checking if the current row is 0 (at the top) or equal to the number of rows minus 1 (at the bottom). If at the top or the bottom, the direction will change.
6. Update the current row index according to the direction (going up or down).
7. After iterating through the entire string, join the rows array into a single string and return it.","function convert(s, numRows) {
    if (numRows === 1 || numRows >= s.length) return s;

    let rows = new Array(numRows).fill("""");
    let curRow = 0;
    let goingDown = false;

    for (let c of s) {
        rows[curRow] += c;
        if (curRow === 0 || curRow === numRows - 1) goingDown = !goingDown;
        curRow += goingDown ? 1 : -1;
    }

    return rows.join("""");
}","1. If the number of rows is 1 or is greater than or equal to the length of the string, the string is just returned as is.
2. Create an array called ""rows"" to contain the characters that would reside in each row of the zigzag pattern.
3. Iterate through the string one character at a time.
4. For each character in the string, place it into the appropriate row of the ""rows"" array.
5. Determine whether the next character should be placed in the row above or below the current row by checking if the current row is 0 (at the top) or equal to the number of rows minus 1 (at the bottom). If at the top or the bottom, the direction will change.
6. Update the current row index according to the direction (going up or down).
7. After iterating through the entire string, join the rows array into a single string and return it.","def convert(s, numRows):
    if numRows == 1 or numRows >= len(s):
        return s

    rows = [''] * numRows
    curRow = 0
    goingDown = False

    for c in s:
        rows[curRow] += c
        if curRow == 0 or curRow == numRows - 1:
            goingDown = not goingDown
        curRow += 1 if goingDown else -1

    return ''.join(rows)","def convert(s, numRows):
    if numRows == 1 or numRows >= len(s):
        return s

    rows = [''] * numRows
    curRow = 0
    goingDown = False

    for c in s:
        rows[curRow] += c
        if curRow == 0 or curRow == numRows - 1:
            goingDown = not goingDown
        curRow += 1 if goingDown else -1

    return ''.join(rows)","```python
class ZigzagConversion:
    def convert(self, s, numRows):
        if numRows == 1 or numRows >= len(s):
            return s

        rows = ['' for _ in range(numRows)]
        curRow = 0
        goingDown = False

        for c in s:
            rows[curRow] += c
            if curRow == 0 or curRow == numRows - 1:
                goingDown = not goingDown
            curRow += 1 if goingDown else -1

        result = ''
        for row in rows:
            result += row

        return result
```","Here is the equivalent code in Python:

```python
def convert(s, numRows):
    if numRows == 1 or numRows >= len(s):
        return s

    rows = [''] * min(numRows, len(s))
    curRow = 0
    goingDown = False

    for c in s:
        rows[curRow] += c
        if curRow == 0 or curRow == numRows - 1:
            goingDown = not goingDown
        curRow += 1 if goingDown else -1

    return ''.join(rows)
```","class ZigzagConversion:
    def convert(self, s, numRows):
        if numRows == 1 or numRows >= len(s):
            return s

        rows = ['' for _ in range(numRows)]
        curRow = 0
        goingDown = False

        for c in s:
            rows[curRow] += c
            if curRow == 0 or curRow == numRows - 1:
                goingDown = not goingDown
            curRow += 1 if goingDown else -1

        result = ''
        for row in rows:
            result += row

        return result","def convert(s, numRows):
    if numRows == 1 or numRows >= len(s):
        return s

    rows = [''] * min(numRows, len(s))
    curRow = 0
    goingDown = False

    for c in s:
        rows[curRow] += c
        if curRow == 0 or curRow == numRows - 1:
            goingDown = not goingDown
        curRow += 1 if goingDown else -1

    return ''.join(rows)"
8,9,palindrome-number,Palindrome Number,Easy,"Given an integer `x`, return `true` _if_ `x` _is a_ _**palindrome**__, and_ `false` _otherwise_.

**Example 1:**

**Input:** x = 121
**Output:** true
**Explanation:** 121 reads as 121 from left to right and from right to left.

**Example 2:**

**Input:** x = -121
**Output:** false
**Explanation:** From left to right, it reads -121. From right to left, it becomes 121-. Therefore it is not a palindrome.

**Example 3:**

**Input:** x = 10
**Output:** false
**Explanation:** Reads 01 from right to left. Therefore it is not a palindrome.

**Constraints:**

*   `-231 <= x <= 231 - 1`

**Follow up:** Could you solve it without converting the integer to a string?","public boolean isPalindrome(int x) {
    if (x < 0) return false;
    int original = x, reversed = 0;
    while (x > 0) {
        reversed = reversed * 10 + x % 10;
        x /= 10;
    }
    return original == reversed;
}","Here is the algorithm:

1. If the integer is negative, immediately return false, as negative numbers cannot be palindromes.
2. Create a variable named `original` to store the original integer value and `reversed` initialized with 0 to store the reversed integer value.
3. Iterate through the integer while it's greater than zero and, in each iteration, perform the following operations:
   a. Multiply the `reversed` value by 10 and add the modulus of the integer (x) by 10.
   b. Divide the integer (x) by 10, discarding the remainder.
4. Compare `original` and `reversed` integers; if they are equal, return true; otherwise, return false.

This approach requires O(log10(n)) time complexity as we are dividing the input by 10 in each iteration.","bool isPalindrome(int x) {
    if (x < 0) return false;
    int original = x, reversed = 0;
    while (x > 0) {
        reversed = reversed * 10 + x % 10;
        x /= 10;
    }
    return original == reversed;
}","Here is the algorithm:

1. If the integer is negative, immediately return false, as negative numbers cannot be palindromes.
2. Create a variable named `original` to store the original integer value and `reversed` initialized with 0 to store the reversed integer value.
3. Iterate through the integer while it's greater than zero and, in each iteration, perform the following operations:
   a. Multiply the `reversed` value by 10 and add the modulus of the integer (x) by 10.
   b. Divide the integer (x) by 10, discarding the remainder.
4. Compare `original` and `reversed` integers; if they are equal, return true; otherwise, return false.

This approach requires O(log10(n)) time complexity as we are dividing the input by 10 in each iteration.","def is_palindrome(x: int) -> bool:
    if x < 0:
        return False
    original, reversed = x, 0
    while x > 0:
        reversed = reversed * 10 + x % 10
        x //= 10
    return original == reversed","Here is the algorithm:

1. If the integer is negative, immediately return false, as negative numbers cannot be palindromes.
2. Create a variable named `original` to store the original integer value and `reversed` initialized with 0 to store the reversed integer value.
3. Iterate through the integer while it's greater than zero and, in each iteration, perform the following operations:
   a. Multiply the `reversed` value by 10 and add the modulus of the integer (x) by 10.
   b. Divide the integer (x) by 10, discarding the remainder.
4. Compare `original` and `reversed` integers; if they are equal, return true; otherwise, return false.

This approach requires O(log10(n)) time complexity as we are dividing the input by 10 in each iteration.","function isPalindrome(x) {
    if (x < 0) return false;
    let original = x, reversed = 0;
    while (x > 0) {
        reversed = reversed * 10 + x % 10;
        x = Math.floor(x / 10);
    }
    return original === reversed;
}","Here is the algorithm:

1. If the integer is negative, immediately return false, as negative numbers cannot be palindromes.
2. Create a variable named `original` to store the original integer value and `reversed` initialized with 0 to store the reversed integer value.
3. Iterate through the integer while it's greater than zero and, in each iteration, perform the following operations:
   a. Multiply the `reversed` value by 10 and add the modulus of the integer (x) by 10.
   b. Divide the integer (x) by 10, discarding the remainder.
4. Compare `original` and `reversed` integers; if they are equal, return true; otherwise, return false.

This approach requires O(log10(n)) time complexity as we are dividing the input by 10 in each iteration.","def is_palindrome(x):
    if x < 0:
        return False
    original = x
    reversed_num = 0
    while x > 0:
        reversed_num = reversed_num * 10 + x % 10
        x = x // 10
    return original == reversed_num","def is_palindrome(x):
    if x < 0:
        return False
    original = x
    reversed_num = 0
    while x > 0:
        reversed_num = reversed_num * 10 + x % 10
        x = x // 10
    return original == reversed_num","def is_palindrome(x):
    if x < 0:
        return False
    original = x
    reversed_num = 0
    while x > 0:
        reversed_num = reversed_num * 10 + x % 10
        x //= 10
    return original == reversed_num","Here is the equivalent code in Python:

```python
def isPalindrome(x):
    if x < 0:
        return False
    original = x
    reversed_num = 0
    while x > 0:
        reversed_num = reversed_num * 10 + x % 10
        x //= 10
    return original == reversed_num
```","def is_palindrome(x):
    if x < 0:
        return False
    original = x
    reversed_num = 0
    while x > 0:
        reversed_num = reversed_num * 10 + x % 10
        x //= 10
    return original == reversed_num","def isPalindrome(x):
    if x < 0:
        return False
    original = x
    reversed_num = 0
    while x > 0:
        reversed_num = reversed_num * 10 + x % 10
        x //= 10
    return original == reversed_num"
10,11,container-with-most-water,Container With Most Water,,"You are given an integer array `height` of length `n`. There are `n` vertical lines drawn such that the two endpoints of the `ith` line are `(i, 0)` and `(i, height[i])`.

Find two lines that together with the x-axis form a container, such that the container contains the most water.

Return _the maximum amount of water a container can store_.

**Notice** that you may not slant the container.

**Example 1:**

**Input:** height = \[1,8,6,2,5,4,8,3,7\]
**Output:** 49
**Explanation:** The above vertical lines are represented by array \[1,8,6,2,5,4,8,3,7\]. In this case, the max area of water (blue section) the container can contain is 49.

**Example 2:**

**Input:** height = \[1,1\]
**Output:** 1

**Constraints:**

*   `n == height.length`
*   `2 <= n <= 105`
*   `0 <= height[i] <= 104`","public int maxArea(int[] height) {
    int max_area = 0, left = 0, right = height.length - 1;
    while (left < right) {
        max_area = Math.max(max_area, Math.min(height[left], height[right]) * (right - left));
        if (height[left] < height[right]) {
            left++;
        } else {
            right--;
        }
    }
    return max_area;
}","The algorithm uses a two-pointer approach, with one pointer starting from the left end and the other from the right end. It calculates the area between these two lines and updates the maximum area if the current area is larger than the previously calculated maximum area. If the height at the left pointer is less than the height at the right pointer, it moves the left pointer to the right. Otherwise, it moves the right pointer to the left. The algorithm continues until the pointers meet.

This algorithm ensures that the maximum area is found without having to check all possible pairs of lines because it always chooses the pair of lines with the maximum possible distance and minimum height difference at each step.","int maxArea(vector<int>& height) {
    int max_area = 0, left = 0, right = height.size() - 1;
    while (left < right) {
        max_area = max(max_area, min(height[left], height[right]) * (right - left));
        if (height[left] < height[right]) {
            left++;
        } else {
            right--;
        }
    }
    return max_area;
}","The algorithm uses a two-pointer approach, with one pointer starting from the left end and the other from the right end. It calculates the area between these two lines and updates the maximum area if the current area is larger than the previously calculated maximum area. If the height at the left pointer is less than the height at the right pointer, it moves the left pointer to the right. Otherwise, it moves the right pointer to the left. The algorithm continues until the pointers meet.

This algorithm ensures that the maximum area is found without having to check all possible pairs of lines because it always chooses the pair of lines with the maximum possible distance and minimum height difference at each step.","def max_area(height):
    max_area, left, right = 0, 0, len(height) - 1
    while left < right:
        max_area = max(max_area, min(height[left], height[right]) * (right - left))
        if height[left] < height[right]:
            left += 1
        else:
            right -= 1
    return max_area","The algorithm uses a two-pointer approach, with one pointer starting from the left end and the other from the right end. It calculates the area between these two lines and updates the maximum area if the current area is larger than the previously calculated maximum area. If the height at the left pointer is less than the height at the right pointer, it moves the left pointer to the right. Otherwise, it moves the right pointer to the left. The algorithm continues until the pointers meet.

This algorithm ensures that the maximum area is found without having to check all possible pairs of lines because it always chooses the pair of lines with the maximum possible distance and minimum height difference at each step.","function maxArea(height) {
    let max_area = 0, left = 0, right = height.length - 1;
    while (left < right) {
        max_area = Math.max(max_area, Math.min(height[left], height[right]) * (right - left));
        if (height[left] < height[right]) {
            left++;
        } else {
            right--;
        }
    }
    return max_area;
}","The algorithm uses a two-pointer approach, with one pointer starting from the left end and the other from the right end. It calculates the area between these two lines and updates the maximum area if the current area is larger than the previously calculated maximum area. If the height at the left pointer is less than the height at the right pointer, it moves the left pointer to the right. Otherwise, it moves the right pointer to the left. The algorithm continues until the pointers meet.

This algorithm ensures that the maximum area is found without having to check all possible pairs of lines because it always chooses the pair of lines with the maximum possible distance and minimum height difference at each step.","def maxArea(height):
    max_area = 0
    left = 0
    right = len(height) - 1
    while left < right:
        max_area = max(max_area, min(height[left], height[right]) * (right - left))
        if height[left] < height[right]:
            left += 1
        else:
            right -= 1
    return max_area","def maxArea(height):
    max_area = 0
    left = 0
    right = len(height) - 1
    while left < right:
        max_area = max(max_area, min(height[left], height[right]) * (right - left))
        if height[left] < height[right]:
            left += 1
        else:
            right -= 1
    return max_area","def maxArea(height):
    max_area = 0
    left = 0
    right = len(height) - 1
    while left < right:
        max_area = max(max_area, min(height[left], height[right]) * (right - left))
        if height[left] < height[right]:
            left += 1
        else:
            right -= 1
    return max_area","Here is the equivalent code in Python:

```python
def maxArea(height):
    max_area = 0
    left = 0
    right = len(height) - 1
    while left < right:
        max_area = max(max_area, min(height[left], height[right]) * (right - left))
        if height[left] < height[right]:
            left += 1
        else:
            right -= 1
    return max_area
```","def maxArea(height):
    max_area = 0
    left = 0
    right = len(height) - 1
    while left < right:
        max_area = max(max_area, min(height[left], height[right]) * (right - left))
        if height[left] < height[right]:
            left += 1
        else:
            right -= 1
    return max_area","def maxArea(height):
    max_area = 0
    left = 0
    right = len(height) - 1
    while left < right:
        max_area = max(max_area, min(height[left], height[right]) * (right - left))
        if height[left] < height[right]:
            left += 1
        else:
            right -= 1
    return max_area"
11,12,integer-to-roman,Integer to Roman,Medium,"Roman numerals are represented by seven different symbols: `I`, `V`, `X`, `L`, `C`, `D` and `M`.

**Symbol**       **Value**
I             1
V             5
X             10
L             50
C             100
D             500
M             1000

For example, `2` is written as `II` in Roman numeral, just two one's added together. `12` is written as `XII`, which is simply `X + II`. The number `27` is written as `XXVII`, which is `XX + V + II`.

Roman numerals are usually written largest to smallest from left to right. However, the numeral for four is not `IIII`. Instead, the number four is written as `IV`. Because the one is before the five we subtract it making four. The same principle applies to the number nine, which is written as `IX`. There are six instances where subtraction is used:

*   `I` can be placed before `V` (5) and `X` (10) to make 4 and 9.
*   `X` can be placed before `L` (50) and `C` (100) to make 40 and 90.
*   `C` can be placed before `D` (500) and `M` (1000) to make 400 and 900.

Given an integer, convert it to a roman numeral.

**Example 1:**

**Input:** num = 3
**Output:**  ""III ""
**Explanation:** 3 is represented as 3 ones.

**Example 2:**

**Input:** num = 58
**Output:**  ""LVIII ""
**Explanation:** L = 50, V = 5, III = 3.

**Example 3:**

**Input:** num = 1994
**Output:**  ""MCMXCIV ""
**Explanation:** M = 1000, CM = 900, XC = 90 and IV = 4.

**Constraints:**

*   `1 <= num <= 3999`","import java.util.ArrayList;
import java.util.Arrays;
import java.util.List;

public class RomanNumerals {
    public static String intToRoman(int num) {
        List<Pair> romans = Arrays.asList(
            new Pair(1000, ""M""), new Pair(900, ""CM""), new Pair(500, ""D""), 
            new Pair(400, ""CD""), new Pair(100, ""C""), new Pair(90, ""XC""),
            new Pair(50, ""L""), new Pair(40, ""XL""), new Pair(10, ""X""), 
            new Pair(9, ""IX""), new Pair(5, ""V""), new Pair(4, ""IV""),
            new Pair(1, ""I"")
        );
        StringBuilder roman = new StringBuilder();
        for (Pair p : romans) {
            while (num >= p.num) {
                roman.append(p.symbol);
                num -= p.num;
            }
        }
        return roman.toString();
    }
    
    private static class Pair {
        final int num;
        final String symbol;
        
        Pair(int num, String symbol) {
            this.num = num;
            this.symbol = symbol;
        }
    }
}","The algorithm starts with a list of pairs, where each pair contains a decimal value and its corresponding roman numeral. Then, it iteratively go through the list of pairs and checks if the num is greater than or equal to the decimal value. If it is, it appends the roman numeral to the result, and subtracts the decimal value from the num. This is done until the num becomes 0.","#include <vector>
#include <string>

std::string intToRoman(int num) {
    std::vector<std::pair<int, std::string>> romans = {
        {1000, ""M""},
        {900, ""CM""},
        {500, ""D""},
        {400, ""CD""},
        {100, ""C""},
        {90, ""XC""},
        {50, ""L""},
        {40, ""XL""},
        {10, ""X""},
        {9, ""IX""},
        {5, ""V""},
        {4, ""IV""},
        {1, ""I""}
    };
    std::string roman = """";
    for (const auto& p : romans) {
        while (num >= p.first) {
            roman += p.second;
            num -= p.first;
        }
    }
    return roman;
}","The algorithm starts with a list of pairs, where each pair contains a decimal value and its corresponding roman numeral. Then, it iteratively go through the list of pairs and checks if the num is greater than or equal to the decimal value. If it is, it appends the roman numeral to the result, and subtracts the decimal value from the num. This is done until the num becomes 0.","def int_to_roman(num):
    romans = [
        (1000, ""M""), (900, ""CM""), (500, ""D""),
        (400, ""CD""), (100, ""C""), (90, ""XC""),
        (50, ""L""), (40, ""XL""), (10, ""X""), 
        (9, ""IX""), (5, ""V""), (4, ""IV""), (1, ""I"")
    ]
    roman = """"
    for value, symbol in romans:
        while num >= value:
            roman += symbol
            num -= value
    return roman","The algorithm starts with a list of pairs, where each pair contains a decimal value and its corresponding roman numeral. Then, it iteratively go through the list of pairs and checks if the num is greater than or equal to the decimal value. If it is, it appends the roman numeral to the result, and subtracts the decimal value from the num. This is done until the num becomes 0.","function intToRoman(num) {
    const romans = [
        [1000, ""M""], [900, ""CM""], [500, ""D""],
        [400, ""CD""], [100, ""C""], [90, ""XC""],
        [50, ""L""], [40, ""XL""], [10, ""X""], 
        [9, ""IX""], [5, ""V""], [4, ""IV""], [1, ""I""]
    ];
    let roman = """";
    for (const [value, symbol] of romans) {
        while (num >= value) {
            roman += symbol;
            num -= value;
        }
    }
    return roman;
}","The algorithm starts with a list of pairs, where each pair contains a decimal value and its corresponding roman numeral. Then, it iteratively go through the list of pairs and checks if the num is greater than or equal to the decimal value. If it is, it appends the roman numeral to the result, and subtracts the decimal value from the num. This is done until the num becomes 0.","```python
def int_to_roman(num):
    romans = [
        [1000, ""M""], [900, ""CM""], [500, ""D""],
        [400, ""CD""], [100, ""C""], [90, ""XC""],
        [50, ""L""], [40, ""XL""], [10, ""X""], 
        [9, ""IX""], [5, ""V""], [4, ""IV""], [1, ""I""]
    ]
    roman = """"
    for value, symbol in romans:
        while num >= value:
            roman += symbol
            num -= value
    return roman
```","def int_to_roman(num):
    romans = [
        [1000, ""M""], [900, ""CM""], [500, ""D""],
        [400, ""CD""], [100, ""C""], [90, ""XC""],
        [50, ""L""], [40, ""XL""], [10, ""X""], 
        [9, ""IX""], [5, ""V""], [4, ""IV""], [1, ""I""]
    ]
    roman = """"
    for value, symbol in romans:
        while num >= value:
            roman += symbol
            num -= value
    return roman","```python
class RomanNumerals:
    @staticmethod
    def int_to_roman(num):
        romans = [
            (1000, ""M""), (900, ""CM""), (500, ""D""), 
            (400, ""CD""), (100, ""C""), (90, ""XC""),
            (50, ""L""), (40, ""XL""), (10, ""X""), 
            (9, ""IX""), (5, ""V""), (4, ""IV""),
            (1, ""I"")
        ]
        roman = """"
        for pair in romans:
            while num >= pair[0]:
                roman += pair[1]
                num -= pair[0]
        return roman
```","```python
def intToRoman(num):
    romans = [
        (1000, ""M""),
        (900, ""CM""),
        (500, ""D""),
        (400, ""CD""),
        (100, ""C""),
        (90, ""XC""),
        (50, ""L""),
        (40, ""XL""),
        (10, ""X""),
        (9, ""IX""),
        (5, ""V""),
        (4, ""IV""),
        (1, ""I"")
    ]
    roman = """"
    for p in romans:
        while num >= p[0]:
            roman += p[1]
            num -= p[0]
    return roman
```","class RomanNumerals:
    @staticmethod
    def int_to_roman(num):
        romans = [
            (1000, ""M""), (900, ""CM""), (500, ""D""), 
            (400, ""CD""), (100, ""C""), (90, ""XC""),
            (50, ""L""), (40, ""XL""), (10, ""X""), 
            (9, ""IX""), (5, ""V""), (4, ""IV""),
            (1, ""I"")
        ]
        roman = """"
        for pair in romans:
            while num >= pair[0]:
                roman += pair[1]
                num -= pair[0]
        return roman","def intToRoman(num):
    romans = [
        (1000, ""M""),
        (900, ""CM""),
        (500, ""D""),
        (400, ""CD""),
        (100, ""C""),
        (90, ""XC""),
        (50, ""L""),
        (40, ""XL""),
        (10, ""X""),
        (9, ""IX""),
        (5, ""V""),
        (4, ""IV""),
        (1, ""I"")
    ]
    roman = """"
    for p in romans:
        while num >= p[0]:
            roman += p[1]
            num -= p[0]
    return roman"
12,13,roman-to-integer,Roman to Integer,Easy,"Roman numerals are represented by seven different symbols: `I`, `V`, `X`, `L`, `C`, `D` and `M`.

**Symbol**       **Value**
I             1
V             5
X             10
L             50
C             100
D             500
M             1000

For example, `2` is written as `II` in Roman numeral, just two ones added together. `12` is written as `XII`, which is simply `X + II`. The number `27` is written as `XXVII`, which is `XX + V + II`.

Roman numerals are usually written largest to smallest from left to right. However, the numeral for four is not `IIII`. Instead, the number four is written as `IV`. Because the one is before the five we subtract it making four. The same principle applies to the number nine, which is written as `IX`. There are six instances where subtraction is used:

*   `I` can be placed before `V` (5) and `X` (10) to make 4 and 9.
*   `X` can be placed before `L` (50) and `C` (100) to make 40 and 90.
*   `C` can be placed before `D` (500) and `M` (1000) to make 400 and 900.

Given a roman numeral, convert it to an integer.

**Example 1:**

**Input:** s =  ""III ""
**Output:** 3
**Explanation:** III = 3.

**Example 2:**

**Input:** s =  ""LVIII ""
**Output:** 58
**Explanation:** L = 50, V= 5, III = 3.

**Example 3:**

**Input:** s =  ""MCMXCIV ""
**Output:** 1994
**Explanation:** M = 1000, CM = 900, XC = 90 and IV = 4.

**Constraints:**

*   `1 <= s.length <= 15`
*   `s` contains only the characters `('I', 'V', 'X', 'L', 'C', 'D', 'M')`.
*   It is **guaranteed** that `s` is a valid roman numeral in the range `[1, 3999]`.","public int romanToInt(String s) {
    Map<Character, Integer> romanValues = new HashMap<>();
    romanValues.put('I', 1);
    romanValues.put('V', 5);
    romanValues.put('X', 10);
    romanValues.put('L', 50);
    romanValues.put('C', 100);
    romanValues.put('D', 500);
    romanValues.put('M', 1000);

    int total = 0;
    int prevValue = 0;

    for (char c : s.toCharArray()) {
        int currValue = romanValues.get(c);
        total += currValue > prevValue ? currValue - 2 * prevValue : currValue;
        prevValue = currValue;
    }

    return total;
}","The algorithm iterates through the input string, which represents the Roman numeral. At each iteration, the character is converted to its corresponding integer value using a hash map. Then, the value is added to the total. However, if the current value is greater than the previous value, it means that we need to subtract the previous value from the current value (while considering that the previous value has already been added once). To do this, we add to the total the current value minus 2 times the previous value. Finally, the previous value is updated, and the loop continues. After the loop finishes, the total gives us the integer value equivalent to the Roman numeral.","int romanToInt(string s) {
    unordered_map<char, int> roman_values = { {'I', 1}, {'V', 5}, {'X', 10}, {'L', 50}, {'C', 100}, {'D', 500}, {'M', 1000} };
    int total = 0;
    int prev_value = 0;

    for (char c : s) {
        int current_value = roman_values[c];
        if (current_value > prev_value)
            total += current_value - (2 * prev_value);
        else
            total += current_value;
        prev_value = current_value;
    }

    return total;
}","The algorithm iterates through the input string, which represents the Roman numeral. At each iteration, the character is converted to its corresponding integer value using a hash map. Then, the value is added to the total. However, if the current value is greater than the previous value, it means that we need to subtract the previous value from the current value (while considering that the previous value has already been added once). To do this, we add to the total the current value minus 2 times the previous value. Finally, the previous value is updated, and the loop continues. After the loop finishes, the total gives us the integer value equivalent to the Roman numeral.","def roman_to_int(s):
    roman_values = {'I': 1, 'V': 5, 'X': 10, 'L': 50, 'C': 100, 'D': 500, 'M': 1000}
    total = 0
    prev_value = 0
    
    for c in s:
        current_value = roman_values[c]
        if current_value > prev_value:
            total += current_value - 2 * prev_value
        else:
            total += current_value
        prev_value = current_value

    return total","The algorithm iterates through the input string, which represents the Roman numeral. At each iteration, the character is converted to its corresponding integer value using a hash map. Then, the value is added to the total. However, if the current value is greater than the previous value, it means that we need to subtract the previous value from the current value (while considering that the previous value has already been added once). To do this, we add to the total the current value minus 2 times the previous value. Finally, the previous value is updated, and the loop continues. After the loop finishes, the total gives us the integer value equivalent to the Roman numeral.","function romanToInt(s) {
    const romanValues = {'I': 1, 'V': 5, 'X': 10, 'L': 50, 'C': 100, 'D': 500, 'M': 1000};
    let total = 0;
    let prevValue = 0;

    for (let i = 0; i < s.length; i++) {
        let currValue = romanValues[s[i]];
        if (currValue > prevValue)
            total += currValue - (2 * prevValue);
        else
            total += currValue;
        prevValue = currValue;
    }

    return total;
}","The algorithm iterates through the input string, which represents the Roman numeral. At each iteration, the character is converted to its corresponding integer value using a hash map. Then, the value is added to the total. However, if the current value is greater than the previous value, it means that we need to subtract the previous value from the current value (while considering that the previous value has already been added once). To do this, we add to the total the current value minus 2 times the previous value. Finally, the previous value is updated, and the loop continues. After the loop finishes, the total gives us the integer value equivalent to the Roman numeral.","def roman_to_int(s):
    roman_values = {'I': 1, 'V': 5, 'X': 10, 'L': 50, 'C': 100, 'D': 500, 'M': 1000}
    total = 0
    prev_value = 0

    for i in range(len(s)):
        curr_value = roman_values[s[i]]
        if curr_value > prev_value:
            total += curr_value - (2 * prev_value)
        else:
            total += curr_value
        prev_value = curr_value

    return total","def roman_to_int(s):
    roman_values = {'I': 1, 'V': 5, 'X': 10, 'L': 50, 'C': 100, 'D': 500, 'M': 1000}
    total = 0
    prev_value = 0

    for i in range(len(s)):
        curr_value = roman_values[s[i]]
        if curr_value > prev_value:
            total += curr_value - (2 * prev_value)
        else:
            total += curr_value
        prev_value = curr_value

    return total","```python
def romanToInt(s):
    romanValues = {'I': 1, 'V': 5, 'X': 10, 'L': 50, 'C': 100, 'D': 500, 'M': 1000}

    total = 0
    prevValue = 0

    for c in s:
        currValue = romanValues[c]
        total += currValue - 2 * prevValue if currValue > prevValue else currValue
        prevValue = currValue

    return total
```","```python
def romanToInt(s):
    roman_values = {'I': 1, 'V': 5, 'X': 10, 'L': 50, 'C': 100, 'D': 500, 'M': 1000}
    total = 0
    prev_value = 0

    for c in s:
        current_value = roman_values[c]
        if current_value > prev_value:
            total += current_value - (2 * prev_value)
        else:
            total += current_value
        prev_value = current_value

    return total
```","def romanToInt(s):
    romanValues = {'I': 1, 'V': 5, 'X': 10, 'L': 50, 'C': 100, 'D': 500, 'M': 1000}

    total = 0
    prevValue = 0

    for c in s:
        currValue = romanValues[c]
        total += currValue - 2 * prevValue if currValue > prevValue else currValue
        prevValue = currValue

    return total","def romanToInt(s):
    roman_values = {'I': 1, 'V': 5, 'X': 10, 'L': 50, 'C': 100, 'D': 500, 'M': 1000}
    total = 0
    prev_value = 0

    for c in s:
        current_value = roman_values[c]
        if current_value > prev_value:
            total += current_value - (2 * prev_value)
        else:
            total += current_value
        prev_value = current_value

    return total"
13,14,longest-common-prefix,Longest Common Prefix,Easy,"Write a function to find the longest common prefix string amongst an array of strings.

If there is no common prefix, return an empty string `"" ""`.

**Example 1:**

**Input:** strs = \[ ""flower "", ""flow "", ""flight ""\]
**Output:**  ""fl ""

**Example 2:**

**Input:** strs = \[ ""dog "", ""racecar "", ""car ""\]
**Output:**  "" ""
**Explanation:** There is no common prefix among the input strings.

**Constraints:**

*   `1 <= strs.length <= 200`
*   `0 <= strs[i].length <= 200`
*   `strs[i]` consists of only lowercase English letters.","public String longestCommonPrefix(String[] strs) {
    if (strs.length == 0) return """";

    for (int i = 0; i < strs[0].length(); ++i) {
        char c = strs[0].charAt(i);
        for (int j = 1; j < strs.length; ++j) {
            if (i == strs[j].length() || strs[j].charAt(i) != c) {
                return strs[0].substring(0, i);
            }
        }
    }
    return strs[0];
}","The algorithm iterates through the characters in the first string and compares the equivalent characters in the subsequent strings. If there is a mismatch detected, return the common prefix up to the mismatch point. If the algorithm finishes iterating over the first string, return the entire first string as the common prefix.

1. Check if the input array is empty, if it is, return an empty string as there is no common prefix.
2. Iterate through the characters of the first string.
3. For each character, iterate through the rest of the strings in the array.
4. Compare the current character with the corresponding character in the other strings.
5. If there is a mismatch or if we reach the end of a string, return the common prefix substring up to the current index.
6. If the loop reaches the end of the first string, then the whole first string is the common prefix. Return the entire first string.","#include <vector>
#include <string>
using namespace std;

string longestCommonPrefix(vector<string>& strs) {
    if (strs.empty()) return """";

    for (int i = 0; i < strs[0].size(); ++i) {
        char c = strs[0][i];
        for (int j = 1; j < strs.size(); ++j) {
            if (i == strs[j].size() || strs[j][i] != c) {
                return strs[0].substr(0, i);
            }
        }
    }
    return strs[0];
}","The algorithm iterates through the characters in the first string and compares the equivalent characters in the subsequent strings. If there is a mismatch detected, return the common prefix up to the mismatch point. If the algorithm finishes iterating over the first string, return the entire first string as the common prefix.

1. Check if the input array is empty, if it is, return an empty string as there is no common prefix.
2. Iterate through the characters of the first string.
3. For each character, iterate through the rest of the strings in the array.
4. Compare the current character with the corresponding character in the other strings.
5. If there is a mismatch or if we reach the end of a string, return the common prefix substring up to the current index.
6. If the loop reaches the end of the first string, then the whole first string is the common prefix. Return the entire first string.","def longest_common_prefix(strs):
    if not strs:
        return """"

    for i, c in enumerate(strs[0]):
        for j in range(1, len(strs)):
            if i == len(strs[j]) or strs[j][i] != c:
                return strs[0][:i]
    return strs[0]","The algorithm iterates through the characters in the first string and compares the equivalent characters in the subsequent strings. If there is a mismatch detected, return the common prefix up to the mismatch point. If the algorithm finishes iterating over the first string, return the entire first string as the common prefix.

1. Check if the input array is empty, if it is, return an empty string as there is no common prefix.
2. Iterate through the characters of the first string.
3. For each character, iterate through the rest of the strings in the array.
4. Compare the current character with the corresponding character in the other strings.
5. If there is a mismatch or if we reach the end of a string, return the common prefix substring up to the current index.
6. If the loop reaches the end of the first string, then the whole first string is the common prefix. Return the entire first string.","function longestCommonPrefix(strs) {
    if (strs.length === 0) return """";

    for (let i = 0; i < strs[0].length; ++i) {
        const c = strs[0][i];
        for (let j = 1; j < strs.length; ++j) {
            if (i === strs[j].length || strs[j][i] !== c) {
                return strs[0].substr(0, i);
            }
        }
    }
    return strs[0];
}","The algorithm iterates through the characters in the first string and compares the equivalent characters in the subsequent strings. If there is a mismatch detected, return the common prefix up to the mismatch point. If the algorithm finishes iterating over the first string, return the entire first string as the common prefix.

1. Check if the input array is empty, if it is, return an empty string as there is no common prefix.
2. Iterate through the characters of the first string.
3. For each character, iterate through the rest of the strings in the array.
4. Compare the current character with the corresponding character in the other strings.
5. If there is a mismatch or if we reach the end of a string, return the common prefix substring up to the current index.
6. If the loop reaches the end of the first string, then the whole first string is the common prefix. Return the entire first string.","def longestCommonPrefix(strs):
    if len(strs) == 0:
        return """"

    for i in range(len(strs[0])):
        c = strs[0][i]
        for j in range(1, len(strs)):
            if i == len(strs[j]) or strs[j][i] != c:
                return strs[0][:i]
    
    return strs[0]","def longestCommonPrefix(strs):
    if len(strs) == 0:
        return """"

    for i in range(len(strs[0])):
        c = strs[0][i]
        for j in range(1, len(strs)):
            if i == len(strs[j]) or strs[j][i] != c:
                return strs[0][:i]
    
    return strs[0]","```python
def longestCommonPrefix(strs):
    if len(strs) == 0:
        return """"

    for i in range(len(strs[0])):
        c = strs[0][i]
        for j in range(1, len(strs)):
            if i == len(strs[j]) or strs[j][i] != c:
                return strs[0][:i]
    
    return strs[0]
```","Here is the equivalent code in Python:

```python
from typing import List

def longestCommonPrefix(strs: List[str]) -> str:
    if not strs:
        return """"

    for i in range(len(strs[0])):
        c = strs[0][i]
        for j in range(1, len(strs)):
            if i == len(strs[j]) or strs[j][i] != c:
                return strs[0][:i]
    
    return strs[0]
```","def longestCommonPrefix(strs):
    if len(strs) == 0:
        return """"

    for i in range(len(strs[0])):
        c = strs[0][i]
        for j in range(1, len(strs)):
            if i == len(strs[j]) or strs[j][i] != c:
                return strs[0][:i]
    
    return strs[0]","from typing import List

def longestCommonPrefix(strs: List[str]) -> str:
    if not strs:
        return """"

    for i in range(len(strs[0])):
        c = strs[0][i]
        for j in range(1, len(strs)):
            if i == len(strs[j]) or strs[j][i] != c:
                return strs[0][:i]
    
    return strs[0]"
14,15,3sum,3Sum,Medium,"Given an integer array nums, return all the triplets `[nums[i], nums[j], nums[k]]` such that `i != j`, `i != k`, and `j != k`, and `nums[i] + nums[j] + nums[k] == 0`.

Notice that the solution set must not contain duplicate triplets.

**Example 1:**

**Input:** nums = \[-1,0,1,2,-1,-4\]
**Output:** \[\[-1,-1,2\],\[-1,0,1\]\]
**Explanation:** 
nums\[0\] + nums\[1\] + nums\[2\] = (-1) + 0 + 1 = 0.
nums\[1\] + nums\[2\] + nums\[4\] = 0 + 1 + (-1) = 0.
nums\[0\] + nums\[3\] + nums\[4\] = (-1) + 2 + (-1) = 0.
The distinct triplets are \[-1,0,1\] and \[-1,-1,2\].
Notice that the order of the output and the order of the triplets does not matter.

**Example 2:**

**Input:** nums = \[0,1,1\]
**Output:** \[\]
**Explanation:** The only possible triplet does not sum up to 0.

**Example 3:**

**Input:** nums = \[0,0,0\]
**Output:** \[\[0,0,0\]\]
**Explanation:** The only possible triplet sums up to 0.

**Constraints:**

*   `3 <= nums.length <= 3000`
*   `-105 <= nums[i] <= 105`","import java.util.Arrays;
import java.util.ArrayList;
import java.util.List;

public List<List<Integer>> threeSum(int[] nums) {
    Arrays.sort(nums);
    List<List<Integer>> result = new ArrayList<>();

    for (int i = 0; i < nums.length - 2; i++) {
        if (i == 0 || nums[i] != nums[i - 1]) {
            int j = i + 1, k = nums.length - 1;
            while (j < k) {
                int sum = nums[i] + nums[j] + nums[k];
                if (sum == 0) {
                    result.add(Arrays.asList(nums[i], nums[j], nums[k]));
                    while (j < k && nums[j] == nums[j + 1]) j++;
                    while (j < k && nums[k] == nums[k - 1]) k--;
                    j++;
                    k--;
                } else if (sum < 0) {
                    j++;
                } else {
                    k--;
                }                    
            }
        }
    }

    return result;
}","1. Sort the input array `nums`.
2. Loop through `nums` from index `0` to `length - 2`. Let the current index be `i`.
    - If `i` is `0` or `nums[i]` is not equal to the previous element (`nums[i - 1]`), perform the following steps:
        - Initialize two pointers `j` and `k`, where `j` is the next index after `i`, and `k` is the last index of `nums`.
        - While `j` is less than `k`, perform the following steps:
            - Calculate the sum `s` of the elements at indices `i`, `j`, and `k`.
            - If the sum `s` is equal to `0`, then we've found a valid triplet. Add it to the `result` array and move the pointers, `j` and `k`, skipping duplicates if any.
            - If the sum `s` is less than `0`, increment `j` to move towards positive values.
            - If the sum `s` is greater than `0`, decrement `k` to move towards negative values.
3. Return the `result` array.

The algorithm removes duplicates by checking if the current numbers being processed are equal to previously processed numbers. The sorting step helps in simplifying the algorithm and reducing the search space.","#include <vector>
#include <algorithm>

std::vector<std::vector<int>> threeSum(std::vector<int>& nums) {
    std::vector<std::vector<int>> result;
    std::sort(nums.begin(), nums.end());

    for (int i = 0; i < (int)nums.size() - 2; ++i) {
        if (i == 0 || nums[i] != nums[i - 1]) {
            int j = i + 1, k = nums.size() - 1;
            while (j < k) {
                int sum = nums[i] + nums[j] + nums[k];
                if (sum == 0) {
                    result.push_back({nums[i], nums[j], nums[k]});
                    while (j < k && nums[j] == nums[j + 1]) ++j;
                    while (j < k && nums[k] == nums[k - 1]) --k;
                    ++j;
                    --k;
                } else if (sum < 0) {
                    ++j;
                } else {
                    --k;
                }
            }
        }
    }

    return result;
}","1. Sort the input array `nums`.
2. Loop through `nums` from index `0` to `length - 2`. Let the current index be `i`.
    - If `i` is `0` or `nums[i]` is not equal to the previous element (`nums[i - 1]`), perform the following steps:
        - Initialize two pointers `j` and `k`, where `j` is the next index after `i`, and `k` is the last index of `nums`.
        - While `j` is less than `k`, perform the following steps:
            - Calculate the sum `s` of the elements at indices `i`, `j`, and `k`.
            - If the sum `s` is equal to `0`, then we've found a valid triplet. Add it to the `result` array and move the pointers, `j` and `k`, skipping duplicates if any.
            - If the sum `s` is less than `0`, increment `j` to move towards positive values.
            - If the sum `s` is greater than `0`, decrement `k` to move towards negative values.
3. Return the `result` array.

The algorithm removes duplicates by checking if the current numbers being processed are equal to previously processed numbers. The sorting step helps in simplifying the algorithm and reducing the search space.","def threeSum(nums):
    nums.sort()
    result = []

    for i in range(len(nums) - 2):
        if i == 0 or nums[i] != nums[i - 1]:
            j, k = i + 1, len(nums) - 1
            while j < k:
                s = nums[i] + nums[j] + nums[k]
                if s == 0:
                    result.append([nums[i], nums[j], nums[k]])
                    while j < k and nums[j] == nums[j + 1]:
                        j += 1
                    while j < k and nums[k] == nums[k - 1]:
                        k -= 1
                    j += 1
                    k -= 1
                elif s < 0:
                    j += 1
                else:
                    k -= 1

    return result","1. Sort the input array `nums`.
2. Loop through `nums` from index `0` to `length - 2`. Let the current index be `i`.
    - If `i` is `0` or `nums[i]` is not equal to the previous element (`nums[i - 1]`), perform the following steps:
        - Initialize two pointers `j` and `k`, where `j` is the next index after `i`, and `k` is the last index of `nums`.
        - While `j` is less than `k`, perform the following steps:
            - Calculate the sum `s` of the elements at indices `i`, `j`, and `k`.
            - If the sum `s` is equal to `0`, then we've found a valid triplet. Add it to the `result` array and move the pointers, `j` and `k`, skipping duplicates if any.
            - If the sum `s` is less than `0`, increment `j` to move towards positive values.
            - If the sum `s` is greater than `0`, decrement `k` to move towards negative values.
3. Return the `result` array.

The algorithm removes duplicates by checking if the current numbers being processed are equal to previously processed numbers. The sorting step helps in simplifying the algorithm and reducing the search space.","function threeSum(nums) {
    nums.sort((a, b) => a - b);
    const result = [];

    for (let i = 0; i < nums.length - 2; i++) {
        if (i == 0 || nums[i] != nums[i - 1]) {
            let j = i + 1, k = nums.length - 1;
            while (j < k) {
                const sum = nums[i] + nums[j] + nums[k];
                if (sum === 0) {
                    result.push([nums[i], nums[j], nums[k]]);
                    while (j < k && nums[j] === nums[j + 1]) j++;
                    while (j < k && nums[k] === nums[k - 1]) k--;
                    j++;
                    k--;
                } else if (sum < 0) {
                    j++;
                } else {
                    k--;
                }
            }
        }
    }

    return result;
}","1. Sort the input array `nums`.
2. Loop through `nums` from index `0` to `length - 2`. Let the current index be `i`.
    - If `i` is `0` or `nums[i]` is not equal to the previous element (`nums[i - 1]`), perform the following steps:
        - Initialize two pointers `j` and `k`, where `j` is the next index after `i`, and `k` is the last index of `nums`.
        - While `j` is less than `k`, perform the following steps:
            - Calculate the sum `s` of the elements at indices `i`, `j`, and `k`.
            - If the sum `s` is equal to `0`, then we've found a valid triplet. Add it to the `result` array and move the pointers, `j` and `k`, skipping duplicates if any.
            - If the sum `s` is less than `0`, increment `j` to move towards positive values.
            - If the sum `s` is greater than `0`, decrement `k` to move towards negative values.
3. Return the `result` array.

The algorithm removes duplicates by checking if the current numbers being processed are equal to previously processed numbers. The sorting step helps in simplifying the algorithm and reducing the search space.","```python
def threeSum(nums):
    nums.sort()
    result = []

    for i in range(len(nums) - 2):
        if i == 0 or nums[i] != nums[i - 1]:
            j, k = i + 1, len(nums) - 1
            while j < k:
                sum_val = nums[i] + nums[j] + nums[k]
                if sum_val == 0:
                    result.append([nums[i], nums[j], nums[k]])
                    while j < k and nums[j] == nums[j + 1]:
                        j += 1
                    while j < k and nums[k] == nums[k - 1]:
                        k -= 1
                    j += 1
                    k -= 1
                elif sum_val < 0:
                    j += 1
                else:
                    k -= 1

    return result
```","def threeSum(nums):
    nums.sort()
    result = []

    for i in range(len(nums) - 2):
        if i == 0 or nums[i] != nums[i - 1]:
            j, k = i + 1, len(nums) - 1
            while j < k:
                sum_val = nums[i] + nums[j] + nums[k]
                if sum_val == 0:
                    result.append([nums[i], nums[j], nums[k]])
                    while j < k and nums[j] == nums[j + 1]:
                        j += 1
                    while j < k and nums[k] == nums[k - 1]:
                        k -= 1
                    j += 1
                    k -= 1
                elif sum_val < 0:
                    j += 1
                else:
                    k -= 1

    return result","Here is the equivalent Python code:

```python
def threeSum(nums):
    nums.sort()
    result = []

    for i in range(len(nums) - 2):
        if i == 0 or nums[i] != nums[i - 1]:
            j, k = i + 1, len(nums) - 1
            while j < k:
                sum_val = nums[i] + nums[j] + nums[k]
                if sum_val == 0:
                    result.append([nums[i], nums[j], nums[k]])
                    while j < k and nums[j] == nums[j + 1]:
                        j += 1
                    while j < k and nums[k] == nums[k - 1]:
                        k -= 1
                    j += 1
                    k -= 1
                elif sum_val < 0:
                    j += 1
                else:
                    k -= 1

    return result
```","Here is the equivalent code in Python:

```python
def threeSum(nums):
    result = []
    nums.sort()

    for i in range(len(nums) - 2):
        if i == 0 or nums[i] != nums[i - 1]:
            j, k = i + 1, len(nums) - 1
            while j < k:
                sum_val = nums[i] + nums[j] + nums[k]
                if sum_val == 0:
                    result.append([nums[i], nums[j], nums[k]])
                    while j < k and nums[j] == nums[j + 1]:
                        j += 1
                    while j < k and nums[k] == nums[k - 1]:
                        k -= 1
                    j += 1
                    k -= 1
                elif sum_val < 0:
                    j += 1
                else:
                    k -= 1

    return result
```","def threeSum(nums):
    nums.sort()
    result = []

    for i in range(len(nums) - 2):
        if i == 0 or nums[i] != nums[i - 1]:
            j, k = i + 1, len(nums) - 1
            while j < k:
                sum_val = nums[i] + nums[j] + nums[k]
                if sum_val == 0:
                    result.append([nums[i], nums[j], nums[k]])
                    while j < k and nums[j] == nums[j + 1]:
                        j += 1
                    while j < k and nums[k] == nums[k - 1]:
                        k -= 1
                    j += 1
                    k -= 1
                elif sum_val < 0:
                    j += 1
                else:
                    k -= 1

    return result","def threeSum(nums):
    result = []
    nums.sort()

    for i in range(len(nums) - 2):
        if i == 0 or nums[i] != nums[i - 1]:
            j, k = i + 1, len(nums) - 1
            while j < k:
                sum_val = nums[i] + nums[j] + nums[k]
                if sum_val == 0:
                    result.append([nums[i], nums[j], nums[k]])
                    while j < k and nums[j] == nums[j + 1]:
                        j += 1
                    while j < k and nums[k] == nums[k - 1]:
                        k -= 1
                    j += 1
                    k -= 1
                elif sum_val < 0:
                    j += 1
                else:
                    k -= 1

    return result"
16,17,letter-combinations-of-a-phone-number,Letter Combinations of a Phone Number,Medium,"Given a string containing digits from `2-9` inclusive, return all possible letter combinations that the number could represent. Return the answer in **any order**.

A mapping of digits to letters (just like on the telephone buttons) is given below. Note that 1 does not map to any letters.

**Example 1:**

**Input:** digits =  ""23 ""
**Output:** \[ ""ad "", ""ae "", ""af "", ""bd "", ""be "", ""bf "", ""cd "", ""ce "", ""cf ""\]

**Example 2:**

**Input:** digits =  "" ""
**Output:** \[\]

**Example 3:**

**Input:** digits =  ""2 ""
**Output:** \[ ""a "", ""b "", ""c ""\]

**Constraints:**

*   `0 <= digits.length <= 4`
*   `digits[i]` is a digit in the range `['2', '9']`.","public List<String> letterCombinations(String digits) {
    LinkedList<String> output = new LinkedList<>();
    if(digits.isEmpty()) return output;
    
    String[] phone = new String[] {""abc"", ""def"", ""ghi"", ""jkl"", ""mno"", ""pqrs"", ""tuv"", ""wxyz""};
    output.add("""");
    
    for(char d : digits.toCharArray()){
        while(output.peek().length() == digits.indexOf(d)){
            String perm = output.remove();
            for(char c : phone[d - '2'].toCharArray()){
                output.add(perm + c);
            }
        }
    }
    
    return output;
}","The algorithm visits each digit from the given `digits` string one by one. For each digit, it appends all possible characters corresponding to that digit, in a breadth-first search manner. The current stage's results are saved in the `result` list (or `output` list in Java). A temporary list `temp` is used to store the combinations formed at each stage before replacing the `result` list. The phone buttons mapping is stored in the `phone` list/array.","#include <vector>
#include <string>
using namespace std;

vector<string> letterCombinations(string digits) {
    if(digits.empty()) return {};
    vector<string> phone = {""abc"", ""def"", ""ghi"", ""jkl"", ""mno"", ""pqrs"", ""tuv"", ""wxyz""};
    vector<string> result = {""""};

    for (char d : digits) {
        vector<string> temp;
        for (const string &s : result) {
            for (char c : phone[d - '2']) {
                temp.push_back(s + c);
            }
        }
        result.swap(temp);
    }
    return result;
}","The algorithm visits each digit from the given `digits` string one by one. For each digit, it appends all possible characters corresponding to that digit, in a breadth-first search manner. The current stage's results are saved in the `result` list (or `output` list in Java). A temporary list `temp` is used to store the combinations formed at each stage before replacing the `result` list. The phone buttons mapping is stored in the `phone` list/array.","def letter_combinations(digits: str):
    if not digits: return []
    phone = [""abc"", ""def"", ""ghi"", ""jkl"", ""mno"", ""pqrs"", ""tuv"", ""wxyz""]
    result = [""""]

    for digit in digits:
        temp = []
        for s in result:
            for c in phone[int(digit) - 2]:
                temp.append(s + c)
        result = temp

    return result","The algorithm visits each digit from the given `digits` string one by one. For each digit, it appends all possible characters corresponding to that digit, in a breadth-first search manner. The current stage's results are saved in the `result` list (or `output` list in Java). A temporary list `temp` is used to store the combinations formed at each stage before replacing the `result` list. The phone buttons mapping is stored in the `phone` list/array.","function letterCombinations(digits) {
    if (digits.length === 0) return [];
    
    let phone = [""abc"", ""def"", ""ghi"", ""jkl"", ""mno"", ""pqrs"", ""tuv"", ""wxyz""];
    let result = [""""];

    for (let i = 0; i < digits.length; i++) {
        let digit = digits[i];
        let temp = [];

        for (let s of result) {
            for (let c of phone[digit - 2]) {
                temp.push(s + c);
            }
        }

        result = temp;
    }

    return result;
}","The algorithm visits each digit from the given `digits` string one by one. For each digit, it appends all possible characters corresponding to that digit, in a breadth-first search manner. The current stage's results are saved in the `result` list (or `output` list in Java). A temporary list `temp` is used to store the combinations formed at each stage before replacing the `result` list. The phone buttons mapping is stored in the `phone` list/array.","Here is the equivalent code in Python:

```python
def letterCombinations(digits):
    if len(digits) == 0:
        return []
    
    phone = [""abc"", ""def"", ""ghi"", ""jkl"", ""mno"", ""pqrs"", ""tuv"", ""wxyz""]
    result = [""""]
    
    for digit in digits:
        temp = []
        
        for s in result:
            for c in phone[int(digit) - 2]:
                temp.append(s + c)
        
        result = temp
    
    return result
```","def letterCombinations(digits):
    if len(digits) == 0:
        return []
    
    phone = [""abc"", ""def"", ""ghi"", ""jkl"", ""mno"", ""pqrs"", ""tuv"", ""wxyz""]
    result = [""""]
    
    for digit in digits:
        temp = []
        
        for s in result:
            for c in phone[int(digit) - 2]:
                temp.append(s + c)
        
        result = temp
    
    return result","Here is the equivalent Python code:

```python
from collections import deque

def letterCombinations(digits):
    output = deque()
    if not digits:
        return list(output)
    
    phone = [""abc"", ""def"", ""ghi"", ""jkl"", ""mno"", ""pqrs"", ""tuv"", ""wxyz""]
    output.append("""")
    
    for d in digits:
        while len(output[0]) == digits.index(d):
            perm = output.popleft()
            for c in phone[int(d) - 2]:
                output.append(perm + c)
    
    return list(output)
```","```python
def letterCombinations(digits):
    if not digits:
        return []
    phone = [""abc"", ""def"", ""ghi"", ""jkl"", ""mno"", ""pqrs"", ""tuv"", ""wxyz""]
    result = [""""]
    
    for d in digits:
        temp = []
        for s in result:
            for c in phone[int(d) - 2]:
                temp.append(s + c)
        result = temp
    
    return result
```","from collections import deque

def letterCombinations(digits):
    output = deque()
    if not digits:
        return list(output)
    
    phone = [""abc"", ""def"", ""ghi"", ""jkl"", ""mno"", ""pqrs"", ""tuv"", ""wxyz""]
    output.append("""")
    
    for d in digits:
        while len(output[0]) == digits.index(d):
            perm = output.popleft()
            for c in phone[int(d) - 2]:
                output.append(perm + c)
    
    return list(output)","def letterCombinations(digits):
    if not digits:
        return []
    phone = [""abc"", ""def"", ""ghi"", ""jkl"", ""mno"", ""pqrs"", ""tuv"", ""wxyz""]
    result = [""""]
    
    for d in digits:
        temp = []
        for s in result:
            for c in phone[int(d) - 2]:
                temp.append(s + c)
        result = temp
    
    return result"
19,20,valid-parentheses,Valid Parentheses,Easy,"Given a string `s` containing just the characters `'('`, `')'`, `'{'`, `'}'`, `'['` and `']'`, determine if the input string is valid.

An input string is valid if:

1.  Open brackets must be closed by the same type of brackets.
2.  Open brackets must be closed in the correct order.
3.  Every close bracket has a corresponding open bracket of the same type.

**Example 1:**

**Input:** s =  ""() ""
**Output:** true

**Example 2:**

**Input:** s =  ""()\[\]{} ""
**Output:** true

**Example 3:**

**Input:** s =  ""(\] ""
**Output:** false

**Constraints:**

*   `1 <= s.length <= 104`
*   `s` consists of parentheses only `'()[]{}'`.","boolean isValid(String s) {
    Stack<Character> stack = new Stack<>();

    for (char c : s.toCharArray()) {
        if (c == '(' || c == '{' || c == '[') {
            stack.push(c);
        } else {
            if (stack.empty()) return false;
            if (c == ')' && stack.peek() != '(') return false;
            if (c == '}' && stack.peek() != '{') return false;
            if (c == ']' && stack.peek() != '[') return false;
            stack.pop();
        }
    }

    return stack.empty();
}","The algorithm uses a stack data structure to check the validity of the input string. It iterates through the string one character at a time. When an open bracket is encountered, it is pushed onto the stack. When a close bracket is encountered, the algorithm checks if the stack is empty or the corresponding open bracket is not at the top of the stack. If either of these conditions is true, the function returns false. If not, the open bracket is popped from the stack. After iterating through the entire string, the function checks if the stack is empty. If the stack is not empty, the function returns false, indicating there were unmatched open braces. Otherwise, the function returns true, indicating that the string is valid.","bool isValid(std::string s) {
    std::stack<char> stack;

    for (char c : s) {
        if (c == '(' || c == '{' || c == '[') {
            stack.push(c);
        } else {
            if (stack.empty()) return false;
            if (c == ')' && stack.top() != '(') return false;
            if (c == '}' && stack.top() != '{') return false;
            if (c == ']' && stack.top() != '[') return false;
            stack.pop();
        }
    }

    return stack.empty();
}","The algorithm uses a stack data structure to check the validity of the input string. It iterates through the string one character at a time. When an open bracket is encountered, it is pushed onto the stack. When a close bracket is encountered, the algorithm checks if the stack is empty or the corresponding open bracket is not at the top of the stack. If either of these conditions is true, the function returns false. If not, the open bracket is popped from the stack. After iterating through the entire string, the function checks if the stack is empty. If the stack is not empty, the function returns false, indicating there were unmatched open braces. Otherwise, the function returns true, indicating that the string is valid.","def is_valid(s: str) -> bool:
    stack = []

    for c in s:
        if c in '([{':
            stack.append(c)
        else:
            if not stack:
                return False
            if c == ')' and stack[-1] != '(':
                return False
            if c == '}' and stack[-1] != '{':
                return False
            if c == ']' and stack[-1] != '[':
                return False
            stack.pop()

    return not stack","The algorithm uses a stack data structure to check the validity of the input string. It iterates through the string one character at a time. When an open bracket is encountered, it is pushed onto the stack. When a close bracket is encountered, the algorithm checks if the stack is empty or the corresponding open bracket is not at the top of the stack. If either of these conditions is true, the function returns false. If not, the open bracket is popped from the stack. After iterating through the entire string, the function checks if the stack is empty. If the stack is not empty, the function returns false, indicating there were unmatched open braces. Otherwise, the function returns true, indicating that the string is valid.","function isValid(s) {
    const stack = [];

    for (const c of s) {
        if (c === '(' || c === '{' || c === '[') {
            stack.push(c);
        } else {
            if (!stack.length) return false;
            if (c === ')' && stack[stack.length - 1] !== '(') return false;
            if (c === '}' && stack[stack.length - 1] !== '{') return false;
            if (c === ']' && stack[stack.length - 1] !== '[') return false;
            stack.pop();
        }
    }

    return stack.length === 0;
}","The algorithm uses a stack data structure to check the validity of the input string. It iterates through the string one character at a time. When an open bracket is encountered, it is pushed onto the stack. When a close bracket is encountered, the algorithm checks if the stack is empty or the corresponding open bracket is not at the top of the stack. If either of these conditions is true, the function returns false. If not, the open bracket is popped from the stack. After iterating through the entire string, the function checks if the stack is empty. If the stack is not empty, the function returns false, indicating there were unmatched open braces. Otherwise, the function returns true, indicating that the string is valid.","```python
def isValid(s):
    stack = []

    for c in s:
        if c == '(' or c == '{' or c == '[':
            stack.append(c)
        else:
            if not stack:
                return False
            if c == ')' and stack[-1] != '(':
                return False
            if c == '}' and stack[-1] != '{':
                return False
            if c == ']' and stack[-1] != '[':
                return False
            stack.pop()

    return len(stack) == 0
```","def isValid(s):
    stack = []

    for c in s:
        if c == '(' or c == '{' or c == '[':
            stack.append(c)
        else:
            if not stack:
                return False
            if c == ')' and stack[-1] != '(':
                return False
            if c == '}' and stack[-1] != '{':
                return False
            if c == ']' and stack[-1] != '[':
                return False
            stack.pop()

    return len(stack) == 0","Here is the equivalent Python code:

```python
def is_valid(s):
    stack = []

    for c in s:
        if c == '(' or c == '{' or c == '[':
            stack.append(c)
        else:
            if not stack:
                return False
            if c == ')' and stack[-1] != '(':
                return False
            if c == '}' and stack[-1] != '{':
                return False
            if c == ']' and stack[-1] != '[':
                return False
            stack.pop()

    return not stack
```","Here is the equivalent code in Python:

```python
def isValid(s):
    stack = []

    for c in s:
        if c == '(' or c == '{' or c == '[':
            stack.append(c)
        else:
            if not stack:
                return False
            if c == ')' and stack[-1] != '(':
                return False
            if c == '}' and stack[-1] != '{':
                return False
            if c == ']' and stack[-1] != '[':
                return False
            stack.pop()

    return not stack.empty()
```","def is_valid(s):
    stack = []

    for c in s:
        if c == '(' or c == '{' or c == '[':
            stack.append(c)
        else:
            if not stack:
                return False
            if c == ')' and stack[-1] != '(':
                return False
            if c == '}' and stack[-1] != '{':
                return False
            if c == ']' and stack[-1] != '[':
                return False
            stack.pop()

    return not stack","def isValid(s):
    stack = []

    for c in s:
        if c == '(' or c == '{' or c == '[':
            stack.append(c)
        else:
            if not stack:
                return False
            if c == ')' and stack[-1] != '(':
                return False
            if c == '}' and stack[-1] != '{':
                return False
            if c == ']' and stack[-1] != '[':
                return False
            stack.pop()

    return not stack.empty()"
21,22,generate-parentheses,Generate Parentheses,Medium,"Given `n` pairs of parentheses, write a function to _generate all combinations of well-formed parentheses_.

**Example 1:**

**Input:** n = 3
**Output:** \[""((()))"",""(()())"",""(())()"",""()(())"",""()()()""\]

**Example 2:**

**Input:** n = 1
**Output:** \[""()""\]

**Constraints:**

*   `1 <= n <= 8`","import java.util.ArrayList;
import java.util.List;

public List<String> generateParenthesis(int n) {
    List<String> result = new ArrayList<>();
    generateParenthesisHelper(n, 0, """", result);
    return result;
}

private void generateParenthesisHelper(int open, int close, String current, List<String> result) {
    if (open == 0 && close == 0) {
        result.add(current);
        return;
    }
    if (open > 0) {
        generateParenthesisHelper(open - 1, close + 1, current + '(', result);
    }
    if (close > 0) {
        generateParenthesisHelper(open, close - 1, current + ')', result);
    }
}","The algorithm uses a helper function called `generateParenthesisHelper` which receives four parameters: the number of open parentheses left to place, the number of close parentheses left to place, the current string that holds the generated parentheses so far, and the result list to store valid combinations.

The algorithm uses a depth-first search to construct valid combinations of parentheses. It starts with `n` open parentheses and increments the number of close parentheses as it places an open parenthesis. When the helper function has no open or close parentheses left to place, it means a valid combination is found, so it adds the combination to the result list.

The helper function recursively calls itself. If there are open parentheses left to place, it calls itself with one less open parenthesis and one more close parenthesis. If there are close parentheses left to place, it calls itself without changing the number of open parentheses and with one less close parenthesis. Finally, the current string in each case is updated with the placed open or close parenthesis.","#include <vector>
#include <string>

void generateParenthesisHelper(int open, int close, std::string current, std::vector<std::string>& result) {
    if (open == 0 && close == 0) {
        result.push_back(current);
        return;
    }
    if (open > 0) {
        generateParenthesisHelper(open - 1, close + 1, current + '(', result);
    }
    if (close > 0) {
        generateParenthesisHelper(open, close - 1, current + ')', result);
    }
}

std::vector<std::string> generateParenthesis(int n) {
    std::vector<std::string> result;
    generateParenthesisHelper(n, 0, """", result);
    return result;
}","The algorithm uses a helper function called `generateParenthesisHelper` which receives four parameters: the number of open parentheses left to place, the number of close parentheses left to place, the current string that holds the generated parentheses so far, and the result list to store valid combinations.

The algorithm uses a depth-first search to construct valid combinations of parentheses. It starts with `n` open parentheses and increments the number of close parentheses as it places an open parenthesis. When the helper function has no open or close parentheses left to place, it means a valid combination is found, so it adds the combination to the result list.

The helper function recursively calls itself. If there are open parentheses left to place, it calls itself with one less open parenthesis and one more close parenthesis. If there are close parentheses left to place, it calls itself without changing the number of open parentheses and with one less close parenthesis. Finally, the current string in each case is updated with the placed open or close parenthesis.","def generate_parenthesis(n):
    def generate_parenthesis_helper(open, close, current):
        if open == 0 and close == 0:
            result.append(current)
            return
        if open > 0:
            generate_parenthesis_helper(open - 1, close + 1, current + '(')
        if close > 0:
            generate_parenthesis_helper(open, close - 1, current + ')')

    result = []
    generate_parenthesis_helper(n, 0, '')
    return result","The algorithm uses a helper function called `generateParenthesisHelper` which receives four parameters: the number of open parentheses left to place, the number of close parentheses left to place, the current string that holds the generated parentheses so far, and the result list to store valid combinations.

The algorithm uses a depth-first search to construct valid combinations of parentheses. It starts with `n` open parentheses and increments the number of close parentheses as it places an open parenthesis. When the helper function has no open or close parentheses left to place, it means a valid combination is found, so it adds the combination to the result list.

The helper function recursively calls itself. If there are open parentheses left to place, it calls itself with one less open parenthesis and one more close parenthesis. If there are close parentheses left to place, it calls itself without changing the number of open parentheses and with one less close parenthesis. Finally, the current string in each case is updated with the placed open or close parenthesis.","function generateParenthesis(n) {
    function generateParenthesisHelper(open, close, current, result) {
        if (open === 0 && close === 0) {
            result.push(current);
            return;
        }
        if (open > 0) {
            generateParenthesisHelper(open - 1, close + 1, current + '(', result);
        }
        if (close > 0) {
            generateParenthesisHelper(open, close - 1, current + ')', result);
        }
    }

    let result = [];
    generateParenthesisHelper(n, 0, '', result);
    return result;
}","The algorithm uses a helper function called `generateParenthesisHelper` which receives four parameters: the number of open parentheses left to place, the number of close parentheses left to place, the current string that holds the generated parentheses so far, and the result list to store valid combinations.

The algorithm uses a depth-first search to construct valid combinations of parentheses. It starts with `n` open parentheses and increments the number of close parentheses as it places an open parenthesis. When the helper function has no open or close parentheses left to place, it means a valid combination is found, so it adds the combination to the result list.

The helper function recursively calls itself. If there are open parentheses left to place, it calls itself with one less open parenthesis and one more close parenthesis. If there are close parentheses left to place, it calls itself without changing the number of open parentheses and with one less close parenthesis. Finally, the current string in each case is updated with the placed open or close parenthesis.","```python
def generateParenthesis(n):
    def generateParenthesisHelper(open, close, current, result):
        if open == 0 and close == 0:
            result.append(current)
            return
        if open > 0:
            generateParenthesisHelper(open - 1, close + 1, current + '(', result)
        if close > 0:
            generateParenthesisHelper(open, close - 1, current + ')', result)

    result = []
    generateParenthesisHelper(n, 0, '', result)
    return result
```","def generateParenthesis(n):
    def generateParenthesisHelper(open, close, current, result):
        if open == 0 and close == 0:
            result.append(current)
            return
        if open > 0:
            generateParenthesisHelper(open - 1, close + 1, current + '(', result)
        if close > 0:
            generateParenthesisHelper(open, close - 1, current + ')', result)

    result = []
    generateParenthesisHelper(n, 0, '', result)
    return result","```python
def generateParenthesis(n):
    result = []
    generateParenthesisHelper(n, 0, """", result)
    return result

def generateParenthesisHelper(open, close, current, result):
    if open == 0 and close == 0:
        result.append(current)
        return
    if open > 0:
        generateParenthesisHelper(open - 1, close + 1, current + '(', result)
    if close > 0:
        generateParenthesisHelper(open, close - 1, current + ')', result)
```","```python
def generateParenthesisHelper(open, close, current, result):
    if open == 0 and close == 0:
        result.append(current)
        return
    if open > 0:
        generateParenthesisHelper(open - 1, close + 1, current + '(', result)
    if close > 0:
        generateParenthesisHelper(open, close - 1, current + ')', result)

def generateParenthesis(n):
    result = []
    generateParenthesisHelper(n, 0, """", result)
    return result
```","def generateParenthesis(n):
    result = []
    generateParenthesisHelper(n, 0, """", result)
    return result

def generateParenthesisHelper(open, close, current, result):
    if open == 0 and close == 0:
        result.append(current)
        return
    if open > 0:
        generateParenthesisHelper(open - 1, close + 1, current + '(', result)
    if close > 0:
        generateParenthesisHelper(open, close - 1, current + ')', result)","def generateParenthesisHelper(open, close, current, result):
    if open == 0 and close == 0:
        result.append(current)
        return
    if open > 0:
        generateParenthesisHelper(open - 1, close + 1, current + '(', result)
    if close > 0:
        generateParenthesisHelper(open, close - 1, current + ')', result)

def generateParenthesis(n):
    result = []
    generateParenthesisHelper(n, 0, """", result)
    return result"
25,26,remove-duplicates-from-sorted-array,Remove Duplicates from Sorted Array,Easy,"Given an integer array `nums` sorted in **non-decreasing order**, remove the duplicates [**in-place**](https://en.wikipedia.org/wiki/In-place_algorithm) such that each unique element appears only **once**. The **relative order** of the elements should be kept the **same**. Then return _the number of unique elements in_ `nums`.

Consider the number of unique elements of `nums` be `k`, to get accepted, you need to do the following things:

*   Change the array `nums` such that the first `k` elements of `nums` contain the unique elements in the order they were present in `nums` initially. The remaining elements of `nums` are not important as well as the size of `nums`.
*   Return `k`.

**Custom Judge:**

The judge will test your solution with the following code:

int\[\] nums = \[...\]; // Input array
int\[\] expectedNums = \[...\]; // The expected answer with correct length

int k = removeDuplicates(nums); // Calls your implementation

assert k == expectedNums.length;
for (int i = 0; i < k; i++) {
    assert nums\[i\] == expectedNums\[i\];
}

If all assertions pass, then your solution will be **accepted**.

**Example 1:**

**Input:** nums = \[1,1,2\]
**Output:** 2, nums = \[1,2,\_\]
**Explanation:** Your function should return k = 2, with the first two elements of nums being 1 and 2 respectively.
It does not matter what you leave beyond the returned k (hence they are underscores).

**Example 2:**

**Input:** nums = \[0,0,1,1,1,2,2,3,3,4\]
**Output:** 5, nums = \[0,1,2,3,4,\_,\_,\_,\_,\_\]
**Explanation:** Your function should return k = 5, with the first five elements of nums being 0, 1, 2, 3, and 4 respectively.
It does not matter what you leave beyond the returned k (hence they are underscores).

**Constraints:**

*   `1 <= nums.length <= 3 * 104`
*   `-100 <= nums[i] <= 100`
*   `nums` is sorted in **non-decreasing** order.","public int removeDuplicates(int[] nums) {
    if (nums.length == 0) return 0;
    int i = 0;
    for (int j = 1; j < nums.length; j++) {
        if (nums[j] != nums[i]) {
            i++;
            nums[i] = nums[j];
        }
    }
    return i + 1;
}","We use two pointers `i` and `j`. `i` starts at the first element and `j` at the second. We go through the array with `j` and compare the elements at the two pointers. If they are different, it means we found a unique element, so we move `i` to the next position and copy the value from `j` to `i`. When we finish going through the array, the length of the unique part is `i+1`.","int removeDuplicates(vector<int>& nums) {
    if (nums.empty()) return 0;
    int i = 0;
    for (int j = 1; j < nums.size(); j++) {
        if (nums[j] != nums[i]) {
            i++;
            nums[i] = nums[j];
        }
    }
    return i + 1;
}","We use two pointers `i` and `j`. `i` starts at the first element and `j` at the second. We go through the array with `j` and compare the elements at the two pointers. If they are different, it means we found a unique element, so we move `i` to the next position and copy the value from `j` to `i`. When we finish going through the array, the length of the unique part is `i+1`.","def removeDuplicates(nums):
    if not nums: return 0
    i = 0
    for j in range(1, len(nums)):
        if nums[j] != nums[i]:
            i += 1
            nums[i] = nums[j]
    return i + 1","We use two pointers `i` and `j`. `i` starts at the first element and `j` at the second. We go through the array with `j` and compare the elements at the two pointers. If they are different, it means we found a unique element, so we move `i` to the next position and copy the value from `j` to `i`. When we finish going through the array, the length of the unique part is `i+1`.","function removeDuplicates(nums) {
    if (nums.length === 0) return 0;
    let i = 0;
    for (let j = 1; j < nums.length; j++) {
        if (nums[j] !== nums[i]) {
            i++;
            nums[i] = nums[j];
        }
    }
    return i + 1;
}","We use two pointers `i` and `j`. `i` starts at the first element and `j` at the second. We go through the array with `j` and compare the elements at the two pointers. If they are different, it means we found a unique element, so we move `i` to the next position and copy the value from `j` to `i`. When we finish going through the array, the length of the unique part is `i+1`.","def removeDuplicates(nums):
    if len(nums) == 0:
        return 0
    i = 0
    for j in range(1, len(nums)):
        if nums[j] != nums[i]:
            i += 1
            nums[i] = nums[j]
    return i + 1","def removeDuplicates(nums):
    if len(nums) == 0:
        return 0
    i = 0
    for j in range(1, len(nums)):
        if nums[j] != nums[i]:
            i += 1
            nums[i] = nums[j]
    return i + 1","def removeDuplicates(nums):
    if len(nums) == 0:
        return 0
    i = 0
    for j in range(1, len(nums)):
        if nums[j] != nums[i]:
            i += 1
            nums[i] = nums[j]
    return i + 1","def removeDuplicates(nums):
    if not nums:
        return 0
    i = 0
    for j in range(1, len(nums)):
        if nums[j] != nums[i]:
            i += 1
            nums[i] = nums[j]
    return i + 1","def removeDuplicates(nums):
    if len(nums) == 0:
        return 0
    i = 0
    for j in range(1, len(nums)):
        if nums[j] != nums[i]:
            i += 1
            nums[i] = nums[j]
    return i + 1","def removeDuplicates(nums):
    if not nums:
        return 0
    i = 0
    for j in range(1, len(nums)):
        if nums[j] != nums[i]:
            i += 1
            nums[i] = nums[j]
    return i + 1"
27,28,find-the-index-of-the-first-occurrence-in-a-string,Find the Index of the First Occurrence in a String,Easy,"Given two strings `needle` and `haystack`, return the index of the first occurrence of `needle` in `haystack`, or `-1` if `needle` is not part of `haystack`.

**Example 1:**

**Input:** haystack =  ""sadbutsad "", needle =  ""sad ""
**Output:** 0
**Explanation:**  ""sad "" occurs at index 0 and 6.
The first occurrence is at index 0, so we return 0.

**Example 2:**

**Input:** haystack =  ""leetcode "", needle =  ""leeto ""
**Output:** -1
**Explanation:**  ""leeto "" did not occur in  ""leetcode "", so we return -1.

**Constraints:**

*   `1 <= haystack.length, needle.length <= 104`
*   `haystack` and `needle` consist of only lowercase English characters.","public int strStr(String haystack, String needle) {
    if (needle.isEmpty()) return 0;
    
    int index = haystack.indexOf(needle);
    return index;
}","The algorithm searches for the first occurrence of the `needle` string in the `haystack` string. First, it checks if the `needle` is empty, and if it is, it returns 0. Otherwise, it uses the built-in `find`, `indexOf` or `index` functions provided by the corresponding language's string data type. These functions return the index of the first occurrence of the specified substring. If the substring is not found, they return specific values like string::npos for C++, -1 for Java, and raise a ValueError exception for Python. Depending on the returned value, the algorithm either returns the index of the first occurrence or -1, indicating that `needle` is not part of `haystack`.","int strStr(string haystack, string needle) {
    if(needle.empty()) return 0;

    size_t pos = haystack.find(needle);
    if(pos != string::npos)
        return pos;
    return -1;
}","The algorithm searches for the first occurrence of the `needle` string in the `haystack` string. First, it checks if the `needle` is empty, and if it is, it returns 0. Otherwise, it uses the built-in `find`, `indexOf` or `index` functions provided by the corresponding language's string data type. These functions return the index of the first occurrence of the specified substring. If the substring is not found, they return specific values like string::npos for C++, -1 for Java, and raise a ValueError exception for Python. Depending on the returned value, the algorithm either returns the index of the first occurrence or -1, indicating that `needle` is not part of `haystack`.","def strStr(haystack: str, needle: str) -> int:
    if not needle:
        return 0
    try:
        index = haystack.index(needle)
        return index
    except ValueError:
        return -1","The algorithm searches for the first occurrence of the `needle` string in the `haystack` string. First, it checks if the `needle` is empty, and if it is, it returns 0. Otherwise, it uses the built-in `find`, `indexOf` or `index` functions provided by the corresponding language's string data type. These functions return the index of the first occurrence of the specified substring. If the substring is not found, they return specific values like string::npos for C++, -1 for Java, and raise a ValueError exception for Python. Depending on the returned value, the algorithm either returns the index of the first occurrence or -1, indicating that `needle` is not part of `haystack`.","function strStr(haystack, needle) {
    if (needle === '') return 0;

    let index = haystack.indexOf(needle);
    return index;
}","The algorithm searches for the first occurrence of the `needle` string in the `haystack` string. First, it checks if the `needle` is empty, and if it is, it returns 0. Otherwise, it uses the built-in `find`, `indexOf` or `index` functions provided by the corresponding language's string data type. These functions return the index of the first occurrence of the specified substring. If the substring is not found, they return specific values like string::npos for C++, -1 for Java, and raise a ValueError exception for Python. Depending on the returned value, the algorithm either returns the index of the first occurrence or -1, indicating that `needle` is not part of `haystack`.","def strStr(haystack, needle):
    if needle == '':
        return 0

    index = haystack.find(needle)
    return index","def strStr(haystack, needle):
    if needle == '':
        return 0

    index = haystack.find(needle)
    return index","def strStr(haystack, needle):
    if not needle:
        return 0
    
    index = haystack.find(needle)
    return index","Here is the equivalent code in Python:

```python
def strStr(haystack, needle):
    if not needle:
        return 0

    pos = haystack.find(needle)
    if pos != -1:
        return pos
    return -1
```","def strStr(haystack, needle):
    if not needle:
        return 0
    
    index = haystack.find(needle)
    return index","def strStr(haystack, needle):
    if not needle:
        return 0

    pos = haystack.find(needle)
    if pos != -1:
        return pos
    return -1"
29,30,substring-with-concatenation-of-all-words,Substring with Concatenation of All Words,Hard,"You are given a string `s` and an array of strings `words`. All the strings of `words` are of **the same length**.

A **concatenated substring** in `s` is a substring that contains all the strings of any permutation of `words` concatenated.

*   For example, if `words = [ ""ab "", ""cd "", ""ef ""]`, then `""abcdef ""`, `""abefcd ""`, `""cdabef ""`, `""cdefab ""`, `""efabcd ""`, and `""efcdab ""` are all concatenated strings. `""acdbef ""` is not a concatenated substring because it is not the concatenation of any permutation of `words`.

Return _the starting indices of all the concatenated substrings in_ `s`. You can return the answer in **any order**.

**Example 1:**

**Input:** s =  ""barfoothefoobarman "", words = \[ ""foo "", ""bar ""\]
**Output:** \[0,9\]
**Explanation:** Since words.length == 2 and words\[i\].length == 3, the concatenated substring has to be of length 6.
The substring starting at 0 is  ""barfoo "". It is the concatenation of \[ ""bar "", ""foo ""\] which is a permutation of words.
The substring starting at 9 is  ""foobar "". It is the concatenation of \[ ""foo "", ""bar ""\] which is a permutation of words.
The output order does not matter. Returning \[9,0\] is fine too.

**Example 2:**

**Input:** s =  ""wordgoodgoodgoodbestword "", words = \[ ""word "", ""good "", ""best "", ""word ""\]
**Output:** \[\]
**Explanation:** Since words.length == 4 and words\[i\].length == 4, the concatenated substring has to be of length 16.
There is no substring of length 16 is s that is equal to the concatenation of any permutation of words.
We return an empty array.

**Example 3:**

**Input:** s =  ""barfoofoobarthefoobarman "", words = \[ ""bar "", ""foo "", ""the ""\]
**Output:** \[6,9,12\]
**Explanation:** Since words.length == 3 and words\[i\].length == 3, the concatenated substring has to be of length 9.
The substring starting at 6 is  ""foobarthe "". It is the concatenation of \[ ""foo "", ""bar "", ""the ""\] which is a permutation of words.
The substring starting at 9 is  ""barthefoo "". It is the concatenation of \[ ""bar "", ""the "", ""foo ""\] which is a permutation of words.
The substring starting at 12 is  ""thefoobar "". It is the concatenation of \[ ""the "", ""foo "", ""bar ""\] which is a permutation of words.

**Constraints:**

*   `1 <= s.length <= 104`
*   `1 <= words.length <= 5000`
*   `1 <= words[i].length <= 30`
*   `s` and `words[i]` consist of lowercase English letters.","import java.util.ArrayList;
import java.util.HashMap;
import java.util.List;
import java.util.Map;

public List<Integer> findSubstring(String s, String[] words) {
    if (s == null || s.length() == 0 || words == null || words.length == 0) return new ArrayList<>();
    
    Map<String, Integer> word_count = new HashMap<>();
    for (String word : words) {
        word_count.put(word, word_count.getOrDefault(word, 0) + 1);
    }
    
    int word_length = words[0].length();
    int total_words = words.length;
    int total_length = word_length * total_words;
    List<Integer> result = new ArrayList<>();
    
    for (int i = 0; i <= s.length() - total_length; i++) {
        Map<String, Integer> temp_word_count = new HashMap<>();
        for (int j = 0; j < total_words; j++) {
            String current_word = s.substring(i + j * word_length, i + (j + 1) * word_length);
            if (!word_count.containsKey(current_word)) break;
            temp_word_count.put(current_word, temp_word_count.getOrDefault(current_word, 0) + 1);
            if (temp_word_count.get(current_word) > word_count.get(current_word)) break;
            if (j + 1 == total_words) result.add(i);
        }
    }
    
    return result;
}","1. If the input string `s` or `words` array is empty, return an empty list.
2. Create a hashmap `word_count` to store the count of each word present in the `words` array.
3. Get the length of a single word, the total number of words, and the total length of the concatenated string.
4. Iterate through the string `s` with an index `i`, starting from 0 and up to `s.size() - total_length`.
5. For each index `i`, create a temporary hashmap `temp_word_count`, and iterate through the words starting from index `j` to `total_words - 1`.
6. Extract the current word from the substring with the starting position `(i + j * word_length)`, and length `word_length`.
7. Look for the current word in the hashmap `word_count`. If it's not present, break the loop and check the next index.
8. Add the current word to the temporary hashmap `temp_word_count`. If the word's count in `temp_word_count` exceeds the count in `word_count`, break the loop.
9. If all words are present in the substring and satisfy the required counts, add the current index `i` to the result list.
10. Return the result list after processing all indices.","#include <vector>
#include <string>
#include <unordered_map>

std::vector<int> findSubstring(std::string s, std::vector<std::string>& words) {
    if (s.empty() || words.empty()) return {};
    
    std::unordered_map<std::string, int> word_count;
    for (const auto& word : words) {
        ++word_count[word];
    }
    
    int word_length = words[0].size();
    int total_words = words.size();
    int total_length = word_length * total_words;
    std::vector<int> result;
    
    for (int i = 0; i <= (int)s.size() - total_length; ++i) {
        std::unordered_map<std::string, int> temp_word_count;
        for (int j = 0; j < total_words; ++j) {
            std::string current_word = s.substr(i + j * word_length, word_length);
            if (word_count.find(current_word) == word_count.end()) break;
            ++temp_word_count[current_word];
            if (temp_word_count[current_word] > word_count[current_word]) break;
            if (j + 1 == total_words) result.push_back(i);
        }
    }
    
    return result;
}","1. If the input string `s` or `words` array is empty, return an empty list.
2. Create a hashmap `word_count` to store the count of each word present in the `words` array.
3. Get the length of a single word, the total number of words, and the total length of the concatenated string.
4. Iterate through the string `s` with an index `i`, starting from 0 and up to `s.size() - total_length`.
5. For each index `i`, create a temporary hashmap `temp_word_count`, and iterate through the words starting from index `j` to `total_words - 1`.
6. Extract the current word from the substring with the starting position `(i + j * word_length)`, and length `word_length`.
7. Look for the current word in the hashmap `word_count`. If it's not present, break the loop and check the next index.
8. Add the current word to the temporary hashmap `temp_word_count`. If the word's count in `temp_word_count` exceeds the count in `word_count`, break the loop.
9. If all words are present in the substring and satisfy the required counts, add the current index `i` to the result list.
10. Return the result list after processing all indices.","from collections import Counter

def findSubstring(s, words):
    if not s or not words:
        return []

    word_count = Counter(words)
    word_length = len(words[0])
    total_words = len(words)
    total_length = word_length * total_words
    result = []

    for i in range(len(s) - total_length + 1):
        temp_word_count = Counter()
        for j in range(total_words):
            current_word = s[i + j * word_length:i + (j + 1) * word_length]
            if current_word not in word_count:
                break
            temp_word_count[current_word] += 1
            if temp_word_count[current_word] > word_count[current_word]:
                break
            if j + 1 == total_words:
                result.append(i)

    return result","1. If the input string `s` or `words` array is empty, return an empty list.
2. Create a hashmap `word_count` to store the count of each word present in the `words` array.
3. Get the length of a single word, the total number of words, and the total length of the concatenated string.
4. Iterate through the string `s` with an index `i`, starting from 0 and up to `s.size() - total_length`.
5. For each index `i`, create a temporary hashmap `temp_word_count`, and iterate through the words starting from index `j` to `total_words - 1`.
6. Extract the current word from the substring with the starting position `(i + j * word_length)`, and length `word_length`.
7. Look for the current word in the hashmap `word_count`. If it's not present, break the loop and check the next index.
8. Add the current word to the temporary hashmap `temp_word_count`. If the word's count in `temp_word_count` exceeds the count in `word_count`, break the loop.
9. If all words are present in the substring and satisfy the required counts, add the current index `i` to the result list.
10. Return the result list after processing all indices.","function findSubstring(s, words) {
    if (!s || !words || words.length === 0) return [];

    const word_count = new Map();
    for (const word of words) {
        word_count.set(word, (word_count.get(word) || 0) + 1);
    }

    const word_length = words[0].length;
    const total_words = words.length;
    const total_length = word_length * total_words;
    const result = [];

    for (let i = 0; i <= s.length - total_length; i++) {
        const temp_word_count = new Map();
        for (let j = 0; j < total_words; j++) {
            const current_word = s.substr(i + j * word_length, word_length);
            if (!word_count.has(current_word)) break;
            temp_word_count.set(current_word, (temp_word_count.get(current_word) || 0) + 1);
            if (temp_word_count.get(current_word) > word_count.get(current_word)) break;
            if (j + 1 === total_words) result.push(i);
        }
    }

    return result;
}","1. If the input string `s` or `words` array is empty, return an empty list.
2. Create a hashmap `word_count` to store the count of each word present in the `words` array.
3. Get the length of a single word, the total number of words, and the total length of the concatenated string.
4. Iterate through the string `s` with an index `i`, starting from 0 and up to `s.size() - total_length`.
5. For each index `i`, create a temporary hashmap `temp_word_count`, and iterate through the words starting from index `j` to `total_words - 1`.
6. Extract the current word from the substring with the starting position `(i + j * word_length)`, and length `word_length`.
7. Look for the current word in the hashmap `word_count`. If it's not present, break the loop and check the next index.
8. Add the current word to the temporary hashmap `temp_word_count`. If the word's count in `temp_word_count` exceeds the count in `word_count`, break the loop.
9. If all words are present in the substring and satisfy the required counts, add the current index `i` to the result list.
10. Return the result list after processing all indices.","def find_substring(s, words):
    if not s or not words or len(words) == 0:
        return []

    word_count = {}
    for word in words:
        word_count[word] = word_count.get(word, 0) + 1

    word_length = len(words[0])
    total_words = len(words)
    total_length = word_length * total_words
    result = []

    for i in range(len(s) - total_length + 1):
        temp_word_count = {}
        for j in range(total_words):
            current_word = s[i + j * word_length: i + (j + 1) * word_length]
            if current_word not in word_count:
                break
            temp_word_count[current_word] = temp_word_count.get(current_word, 0) + 1
            if temp_word_count[current_word] > word_count[current_word]:
                break
            if j + 1 == total_words:
                result.append(i)

    return result","def find_substring(s, words):
    if not s or not words or len(words) == 0:
        return []

    word_count = {}
    for word in words:
        word_count[word] = word_count.get(word, 0) + 1

    word_length = len(words[0])
    total_words = len(words)
    total_length = word_length * total_words
    result = []

    for i in range(len(s) - total_length + 1):
        temp_word_count = {}
        for j in range(total_words):
            current_word = s[i + j * word_length: i + (j + 1) * word_length]
            if current_word not in word_count:
                break
            temp_word_count[current_word] = temp_word_count.get(current_word, 0) + 1
            if temp_word_count[current_word] > word_count[current_word]:
                break
            if j + 1 == total_words:
                result.append(i)

    return result","```python
def find_substring(s, words):
    if s is None or len(s) == 0 or words is None or len(words) == 0:
        return []

    word_count = {}
    for word in words:
        word_count[word] = word_count.get(word, 0) + 1

    word_length = len(words[0])
    total_words = len(words)
    total_length = word_length * total_words
    result = []

    for i in range(len(s) - total_length + 1):
        temp_word_count = {}
        for j in range(total_words):
            current_word = s[i + j * word_length: i + (j + 1) * word_length]
            if current_word not in word_count:
                break
            temp_word_count[current_word] = temp_word_count.get(current_word, 0) + 1
            if temp_word_count[current_word] > word_count[current_word]:
                break
            if j + 1 == total_words:
                result.append(i)

    return result
```","Here is the equivalent code in Python:

```python
from collections import defaultdict

def findSubstring(s, words):
    if not s or not words:
        return []
    
    word_count = defaultdict(int)
    for word in words:
        word_count[word] += 1
    
    word_length = len(words[0])
    total_words = len(words)
    total_length = word_length * total_words
    result = []
    
    for i in range(len(s) - total_length + 1):
        temp_word_count = defaultdict(int)
        for j in range(total_words):
            current_word = s[i + j * word_length: i + (j + 1) * word_length]
            if current_word not in word_count:
                break
            temp_word_count[current_word] += 1
            if temp_word_count[current_word] > word_count[current_word]:
                break
            if j + 1 == total_words:
                result.append(i)
    
    return result
```","def find_substring(s, words):
    if s is None or len(s) == 0 or words is None or len(words) == 0:
        return []

    word_count = {}
    for word in words:
        word_count[word] = word_count.get(word, 0) + 1

    word_length = len(words[0])
    total_words = len(words)
    total_length = word_length * total_words
    result = []

    for i in range(len(s) - total_length + 1):
        temp_word_count = {}
        for j in range(total_words):
            current_word = s[i + j * word_length: i + (j + 1) * word_length]
            if current_word not in word_count:
                break
            temp_word_count[current_word] = temp_word_count.get(current_word, 0) + 1
            if temp_word_count[current_word] > word_count[current_word]:
                break
            if j + 1 == total_words:
                result.append(i)

    return result","from collections import defaultdict

def findSubstring(s, words):
    if not s or not words:
        return []
    
    word_count = defaultdict(int)
    for word in words:
        word_count[word] += 1
    
    word_length = len(words[0])
    total_words = len(words)
    total_length = word_length * total_words
    result = []
    
    for i in range(len(s) - total_length + 1):
        temp_word_count = defaultdict(int)
        for j in range(total_words):
            current_word = s[i + j * word_length: i + (j + 1) * word_length]
            if current_word not in word_count:
                break
            temp_word_count[current_word] += 1
            if temp_word_count[current_word] > word_count[current_word]:
                break
            if j + 1 == total_words:
                result.append(i)
    
    return result"
32,33,search-in-rotated-sorted-array,Search in Rotated Sorted Array,Medium,"There is an integer array `nums` sorted in ascending order (with **distinct** values).

Prior to being passed to your function, `nums` is **possibly rotated** at an unknown pivot index `k` (`1 <= k < nums.length`) such that the resulting array is `[nums[k], nums[k+1], ..., nums[n-1], nums[0], nums[1], ..., nums[k-1]]` (**0-indexed**). For example, `[0,1,2,4,5,6,7]` might be rotated at pivot index `3` and become `[4,5,6,7,0,1,2]`.

Given the array `nums` **after** the possible rotation and an integer `target`, return _the index of_ `target` _if it is in_ `nums`_, or_ `-1` _if it is not in_ `nums`.

You must write an algorithm with `O(log n)` runtime complexity.

**Example 1:**

**Input:** nums = \[4,5,6,7,0,1,2\], target = 0
**Output:** 4

**Example 2:**

**Input:** nums = \[4,5,6,7,0,1,2\], target = 3
**Output:** -1

**Example 3:**

**Input:** nums = \[1\], target = 0
**Output:** -1

**Constraints:**

*   `1 <= nums.length <= 5000`
*   `-104 <= nums[i] <= 104`
*   All values of `nums` are **unique**.
*   `nums` is an ascending array that is possibly rotated.
*   `-104 <= target <= 104`","public int search(int[] nums, int target) {
    int left = 0, right = nums.length - 1;
    while (left <= right) {
        int mid = left + (right - left) / 2;
        if (nums[mid] == target) {
            return mid;
        }
        if (nums[mid] >= nums[left]) {
            if (target >= nums[left] && target < nums[mid]) {
                right = mid - 1;
            } else {
                left = mid + 1;
            }
        } else {
            if (target > nums[mid] && target <= nums[right]) {
                left = mid + 1;
            } else {
                right = mid - 1;
            }
        }
    }
    return -1;
}","The algorithm is a variation of binary search. The main idea is to decide whether the target is in the left or the right half of the current subarray. If nums[mid] >= nums[left], the left half is sorted. If target is in the range [nums[left], nums[mid]), set right = mid - 1. Otherwise, set left = mid + 1. If nums[mid] < nums[left], the right half must be sorted. If target is in the range (nums[mid], nums[right]], set left = mid + 1. Otherwise, set right = mid - 1. Continue the process until the target is found or the subarray is empty, in which case return -1. This algorithm has a runtime complexity of O(log n) because it eliminates half of the remaining elements at each step, similar to a binary search.","int search(vector<int>& nums, int target) {
    int left = 0, right = nums.size() - 1;
    while (left <= right) {
        int mid = left + (right - left) / 2;
        if (nums[mid] == target) {
            return mid;
        }
        if (nums[mid] >= nums[left]) {
            if (target >= nums[left] && target < nums[mid]) {
                right = mid - 1;
            } else {
                left = mid + 1;
            }
        } else {
            if (target > nums[mid] && target <= nums[right]) {
                left = mid + 1;
            } else {
                right = mid - 1;
            }
        }
    }
    return -1;
}","The algorithm is a variation of binary search. The main idea is to decide whether the target is in the left or the right half of the current subarray. If nums[mid] >= nums[left], the left half is sorted. If target is in the range [nums[left], nums[mid]), set right = mid - 1. Otherwise, set left = mid + 1. If nums[mid] < nums[left], the right half must be sorted. If target is in the range (nums[mid], nums[right]], set left = mid + 1. Otherwise, set right = mid - 1. Continue the process until the target is found or the subarray is empty, in which case return -1. This algorithm has a runtime complexity of O(log n) because it eliminates half of the remaining elements at each step, similar to a binary search.","def search(nums, target):
    left, right = 0, len(nums) - 1
    while left <= right:
        mid = left + (right - left) // 2
        if nums[mid] == target:
            return mid
        if nums[mid] >= nums[left]:
            if target >= nums[left] and target < nums[mid]:
                right = mid - 1
            else:
                left = mid + 1
        else:
            if target > nums[mid] and target <= nums[right]:
                left = mid + 1
            else:
                right = mid - 1
    return -1","The algorithm is a variation of binary search. The main idea is to decide whether the target is in the left or the right half of the current subarray. If nums[mid] >= nums[left], the left half is sorted. If target is in the range [nums[left], nums[mid]), set right = mid - 1. Otherwise, set left = mid + 1. If nums[mid] < nums[left], the right half must be sorted. If target is in the range (nums[mid], nums[right]], set left = mid + 1. Otherwise, set right = mid - 1. Continue the process until the target is found or the subarray is empty, in which case return -1. This algorithm has a runtime complexity of O(log n) because it eliminates half of the remaining elements at each step, similar to a binary search.","function search(nums, target) {
    let left = 0, right = nums.length - 1;
    while (left <= right) {
        let mid = left + Math.floor((right - left) / 2);
        if (nums[mid] === target) {
            return mid;
        }
        if (nums[mid] >= nums[left]) {
            if (target >= nums[left] && target < nums[mid]) {
                right = mid - 1;
            } else {
                left = mid + 1;
            }
        } else {
            if (target > nums[mid] && target <= nums[right]) {
                left = mid + 1;
            } else {
                right = mid - 1;
            }
        }
    }
    return -1;
}","The algorithm is a variation of binary search. The main idea is to decide whether the target is in the left or the right half of the current subarray. If nums[mid] >= nums[left], the left half is sorted. If target is in the range [nums[left], nums[mid]), set right = mid - 1. Otherwise, set left = mid + 1. If nums[mid] < nums[left], the right half must be sorted. If target is in the range (nums[mid], nums[right]], set left = mid + 1. Otherwise, set right = mid - 1. Continue the process until the target is found or the subarray is empty, in which case return -1. This algorithm has a runtime complexity of O(log n) because it eliminates half of the remaining elements at each step, similar to a binary search.","def search(nums, target):
    left = 0
    right = len(nums) - 1
    while left <= right:
        mid = left + (right - left) // 2
        if nums[mid] == target:
            return mid
        if nums[mid] >= nums[left]:
            if target >= nums[left] and target < nums[mid]:
                right = mid - 1
            else:
                left = mid + 1
        else:
            if target > nums[mid] and target <= nums[right]:
                left = mid + 1
            else:
                right = mid - 1
    return -1","def search(nums, target):
    left = 0
    right = len(nums) - 1
    while left <= right:
        mid = left + (right - left) // 2
        if nums[mid] == target:
            return mid
        if nums[mid] >= nums[left]:
            if target >= nums[left] and target < nums[mid]:
                right = mid - 1
            else:
                left = mid + 1
        else:
            if target > nums[mid] and target <= nums[right]:
                left = mid + 1
            else:
                right = mid - 1
    return -1","```python
def search(nums, target):
    left, right = 0, len(nums) - 1
    while left <= right:
        mid = left + (right - left) // 2
        if nums[mid] == target:
            return mid
        if nums[mid] >= nums[left]:
            if target >= nums[left] and target < nums[mid]:
                right = mid - 1
            else:
                left = mid + 1
        else:
            if target > nums[mid] and target <= nums[right]:
                left = mid + 1
            else:
                right = mid - 1
    return -1
```","Here is the equivalent code in Python:

```python
def search(nums, target):
    left, right = 0, len(nums) - 1
    while left <= right:
        mid = left + (right - left) // 2
        if nums[mid] == target:
            return mid
        if nums[mid] >= nums[left]:
            if target >= nums[left] and target < nums[mid]:
                right = mid - 1
            else:
                left = mid + 1
        else:
            if target > nums[mid] and target <= nums[right]:
                left = mid + 1
            else:
                right = mid - 1
    return -1
```","def search(nums, target):
    left, right = 0, len(nums) - 1
    while left <= right:
        mid = left + (right - left) // 2
        if nums[mid] == target:
            return mid
        if nums[mid] >= nums[left]:
            if target >= nums[left] and target < nums[mid]:
                right = mid - 1
            else:
                left = mid + 1
        else:
            if target > nums[mid] and target <= nums[right]:
                left = mid + 1
            else:
                right = mid - 1
    return -1","def search(nums, target):
    left, right = 0, len(nums) - 1
    while left <= right:
        mid = left + (right - left) // 2
        if nums[mid] == target:
            return mid
        if nums[mid] >= nums[left]:
            if target >= nums[left] and target < nums[mid]:
                right = mid - 1
            else:
                left = mid + 1
        else:
            if target > nums[mid] and target <= nums[right]:
                left = mid + 1
            else:
                right = mid - 1
    return -1"
33,34,find-first-and-last-position-of-element-in-sorted-array,Find First and Last Position of Element in Sorted Array,Medium,"Given an array of integers `nums` sorted in non-decreasing order, find the starting and ending position of a given `target` value.

If `target` is not found in the array, return `[-1, -1]`.

You must write an algorithm with `O(log n)` runtime complexity.

**Example 1:**

**Input:** nums = \[5,7,7,8,8,10\], target = 8
**Output:** \[3,4\]

**Example 2:**

**Input:** nums = \[5,7,7,8,8,10\], target = 6
**Output:** \[-1,-1\]

**Example 3:**

**Input:** nums = \[\], target = 0
**Output:** \[-1,-1\]

**Constraints:**

*   `0 <= nums.length <= 105`
*   `-109 <= nums[i] <= 109`
*   `nums` is a non-decreasing array.
*   `-109 <= target <= 109`","public int[] searchRange(int[] nums, int target) {
    int start = -1, end = -1;
    int left = 0, right = nums.length - 1;
    
    while (left <= right) {
        int mid = left + (right - left) / 2;
        if (nums[mid] < target) {
            left = mid + 1;
        } else {
            right = mid - 1;
            if (nums[mid] == target) {
                start = mid;
            }
        }
    }
    
    left = 0;
    right = nums.length - 1;
    
    while (left <= right) {
        int mid = left + (right - left) / 2;
        if (nums[mid] > target) {
            right = mid - 1;
        } else {
            left = mid + 1;
            if (nums[mid] == target) {
                end = mid;
            }
        }
    }
    
    return new int[] {start, end};
}","1. Initialize `start` and `end` variables to -1 as default return values.
2. Setup `left` and `right` pointers at the beginning and end of the `nums` array.
3. Loop until `left` is greater than `right`:
   a. Calculate the `mid` index.
   b. If the value at the `mid` index is smaller than `target`, move the `left` pointer to `mid + 1`.
   c. If the value at the `mid` index is greater than or equal to `target`, move the `right` pointer to `mid - 1`. If the value at the `mid` index is equal to `target`, update `start` with `mid`.
4. Reset `left` and `right` pointers to the beginning and end of the `nums` array.
5. Loop again until `left` is greater than `right`:
   a. Calculate the `mid` index.
   b. If the value at the `mid` index is greater than `target`, move the `right` pointer to `mid - 1`.
   c. If the value at the `mid` index is smaller than or equal to `target`, move the `left` pointer to `mid + 1`. If the value at the `mid` index is equal to `target`, update `end` with `mid`.
6. Return the resulting `start` and `end` values as an array/list.","#include <vector>

std::vector<int> searchRange(std::vector<int>& nums, int target) {
    int start = -1, end = -1;
    int left = 0, right = nums.size() - 1;
    while (left <= right) {
        int mid = left + (right - left) / 2;
        if (nums[mid] < target) {
            left = mid + 1;
        } else {
            right = mid - 1;
            if (nums[mid] == target) {
                start = mid;
            }
        }
    }
    
    left = 0, right = nums.size() - 1;
    while (left <= right) {
        int mid = left + (right - left) / 2;
        if (nums[mid] > target) {
            right = mid - 1;
        } else {
            left = mid + 1;
            if (nums[mid] == target) {
                end = mid;
            }
        }
    }
    
    return {start, end};
}","1. Initialize `start` and `end` variables to -1 as default return values.
2. Setup `left` and `right` pointers at the beginning and end of the `nums` array.
3. Loop until `left` is greater than `right`:
   a. Calculate the `mid` index.
   b. If the value at the `mid` index is smaller than `target`, move the `left` pointer to `mid + 1`.
   c. If the value at the `mid` index is greater than or equal to `target`, move the `right` pointer to `mid - 1`. If the value at the `mid` index is equal to `target`, update `start` with `mid`.
4. Reset `left` and `right` pointers to the beginning and end of the `nums` array.
5. Loop again until `left` is greater than `right`:
   a. Calculate the `mid` index.
   b. If the value at the `mid` index is greater than `target`, move the `right` pointer to `mid - 1`.
   c. If the value at the `mid` index is smaller than or equal to `target`, move the `left` pointer to `mid + 1`. If the value at the `mid` index is equal to `target`, update `end` with `mid`.
6. Return the resulting `start` and `end` values as an array/list.","def searchRange(nums, target):
    start, end = -1, -1
    left, right = 0, len(nums) - 1
    
    while left <= right:
        mid = left + (right - left) // 2
        if nums[mid] < target:
            left = mid + 1
        else:
            right = mid - 1
            if nums[mid] == target:
                start = mid

    left, right = 0, len(nums) - 1
    
    while left <= right:
        mid = left + (right - left) // 2
        if nums[mid] > target:right = mid - 1
        else:
            left = mid + 1
            if nums[mid] == target:
                end = mid
    
    return [start, end]","1. Initialize `start` and `end` variables to -1 as default return values.
2. Setup `left` and `right` pointers at the beginning and end of the `nums` array.
3. Loop until `left` is greater than `right`:
   a. Calculate the `mid` index.
   b. If the value at the `mid` index is smaller than `target`, move the `left` pointer to `mid + 1`.
   c. If the value at the `mid` index is greater than or equal to `target`, move the `right` pointer to `mid - 1`. If the value at the `mid` index is equal to `target`, update `start` with `mid`.
4. Reset `left` and `right` pointers to the beginning and end of the `nums` array.
5. Loop again until `left` is greater than `right`:
   a. Calculate the `mid` index.
   b. If the value at the `mid` index is greater than `target`, move the `right` pointer to `mid - 1`.
   c. If the value at the `mid` index is smaller than or equal to `target`, move the `left` pointer to `mid + 1`. If the value at the `mid` index is equal to `target`, update `end` with `mid`.
6. Return the resulting `start` and `end` values as an array/list.","function searchRange(nums, target) {
    let start = -1, end = -1;
    let left = 0, right = nums.length - 1;

    while (left <= right) {
        const mid = left + Math.floor((right - left) / 2);
        if (nums[mid] < target) {
            left = mid + 1;
        } else {
            right = mid - 1;
            if (nums[mid] === target) {
                start = mid;
            }
        }
    }

    left = 0;
    right = nums.length - 1;

    while (left <= right) {
        const mid = left + Math.floor((right - left) / 2);
        if (nums[mid] > target) {
            right = mid - 1;
        } else {
            left = mid + 1;
            if (nums[mid] === target) {
                end = mid;
            }
        }
    }

    return [start, end];
}","1. Initialize `start` and `end` variables to -1 as default return values.
2. Setup `left` and `right` pointers at the beginning and end of the `nums` array.
3. Loop until `left` is greater than `right`:
   a. Calculate the `mid` index.
   b. If the value at the `mid` index is smaller than `target`, move the `left` pointer to `mid + 1`.
   c. If the value at the `mid` index is greater than or equal to `target`, move the `right` pointer to `mid - 1`. If the value at the `mid` index is equal to `target`, update `start` with `mid`.
4. Reset `left` and `right` pointers to the beginning and end of the `nums` array.
5. Loop again until `left` is greater than `right`:
   a. Calculate the `mid` index.
   b. If the value at the `mid` index is greater than `target`, move the `right` pointer to `mid - 1`.
   c. If the value at the `mid` index is smaller than or equal to `target`, move the `left` pointer to `mid + 1`. If the value at the `mid` index is equal to `target`, update `end` with `mid`.
6. Return the resulting `start` and `end` values as an array/list.","Here is the equivalent code in Python:

```python
def searchRange(nums, target):
    start = -1
    end = -1
    left = 0
    right = len(nums) - 1

    while left <= right:
        mid = left + (right - left) // 2
        if nums[mid] < target:
            left = mid + 1
        else:
            right = mid - 1
            if nums[mid] == target:
                start = mid

    left = 0
    right = len(nums) - 1

    while left <= right:
        mid = left + (right - left) // 2
        if nums[mid] > target:
            right = mid - 1
        else:
            left = mid + 1
            if nums[mid] == target:
                end = mid

    return [start, end]
```","def searchRange(nums, target):
    start = -1
    end = -1
    left = 0
    right = len(nums) - 1

    while left <= right:
        mid = left + (right - left) // 2
        if nums[mid] < target:
            left = mid + 1
        else:
            right = mid - 1
            if nums[mid] == target:
                start = mid

    left = 0
    right = len(nums) - 1

    while left <= right:
        mid = left + (right - left) // 2
        if nums[mid] > target:
            right = mid - 1
        else:
            left = mid + 1
            if nums[mid] == target:
                end = mid

    return [start, end]","```python
def searchRange(nums, target):
    start = -1
    end = -1
    left = 0
    right = len(nums) - 1
    
    while left <= right:
        mid = left + (right - left) // 2
        if nums[mid] < target:
            left = mid + 1
        else:
            right = mid - 1
            if nums[mid] == target:
                start = mid
    
    left = 0
    right = len(nums) - 1
    
    while left <= right:
        mid = left + (right - left) // 2
        if nums[mid] > target:
            right = mid - 1
        else:
            left = mid + 1
            if nums[mid] == target:
                end = mid
    
    return [start, end]
```","```python
def searchRange(nums, target):
    start = -1
    end = -1
    left = 0
    right = len(nums) - 1
    
    while left <= right:
        mid = left + (right - left) // 2
        if nums[mid] < target:
            left = mid + 1
        else:
            right = mid - 1
            if nums[mid] == target:
                start = mid
    
    left = 0
    right = len(nums) - 1
    
    while left <= right:
        mid = left + (right - left) // 2
        if nums[mid] > target:
            right = mid - 1
        else:
            left = mid + 1
            if nums[mid] == target:
                end = mid
    
    return [start, end]
```","def searchRange(nums, target):
    start = -1
    end = -1
    left = 0
    right = len(nums) - 1
    
    while left <= right:
        mid = left + (right - left) // 2
        if nums[mid] < target:
            left = mid + 1
        else:
            right = mid - 1
            if nums[mid] == target:
                start = mid
    
    left = 0
    right = len(nums) - 1
    
    while left <= right:
        mid = left + (right - left) // 2
        if nums[mid] > target:
            right = mid - 1
        else:
            left = mid + 1
            if nums[mid] == target:
                end = mid
    
    return [start, end]","def searchRange(nums, target):
    start = -1
    end = -1
    left = 0
    right = len(nums) - 1
    
    while left <= right:
        mid = left + (right - left) // 2
        if nums[mid] < target:
            left = mid + 1
        else:
            right = mid - 1
            if nums[mid] == target:
                start = mid
    
    left = 0
    right = len(nums) - 1
    
    while left <= right:
        mid = left + (right - left) // 2
        if nums[mid] > target:
            right = mid - 1
        else:
            left = mid + 1
            if nums[mid] == target:
                end = mid
    
    return [start, end]"
34,35,search-insert-position,Search Insert Position,Easy,"Given a sorted array of distinct integers and a target value, return the index if the target is found. If not, return the index where it would be if it were inserted in order.

You must write an algorithm with `O(log n)` runtime complexity.

**Example 1:**

**Input:** nums = \[1,3,5,6\], target = 5
**Output:** 2

**Example 2:**

**Input:** nums = \[1,3,5,6\], target = 2
**Output:** 1

**Example 3:**

**Input:** nums = \[1,3,5,6\], target = 7
**Output:** 4

**Constraints:**

*   `1 <= nums.length <= 104`
*   `-104 <= nums[i] <= 104`
*   `nums` contains **distinct** values sorted in **ascending** order.
*   `-104 <= target <= 104`","public int searchInsert(int[] nums, int target) {
    int left = 0, right = nums.length - 1;
    while (left <= right) {
        int mid = left + (right - left) / 2;
        if (nums[mid] == target) return mid;
        if (nums[mid] < target) left = mid + 1;
        else right = mid - 1;
    }
    return left;
}","The given problem requires a binary search algorithm. We define two pointers, `left` and `right`, initially set to the first and last index of the array. We then enter a loop that continues as long as left is less than or equal to right. Inside the loop, we calculate the middle index, `mid`, as the average of left and right. If the value at this middle index is equal to the target value, we return the middle index. If the middle value is less than the target value, we set left to `mid + 1`, meaning we search the right half of the remaining array. If the middle value is greater than the target value, we set the right to `mid - 1`, meaning we search the left half of the remaining array. After the loop, if the target value is not found, we return the value of the left pointer, which represents the index where the target value should be inserted.","int searchInsert(vector<int>& nums, int target) {
    int left = 0, right = nums.size() - 1;
    while (left <= right) {
        int mid = left + (right - left) / 2;
        if (nums[mid] == target) return mid;
        if (nums[mid] < target) left = mid + 1;
        else right = mid - 1;
    }
    return left;
}","The given problem requires a binary search algorithm. We define two pointers, `left` and `right`, initially set to the first and last index of the array. We then enter a loop that continues as long as left is less than or equal to right. Inside the loop, we calculate the middle index, `mid`, as the average of left and right. If the value at this middle index is equal to the target value, we return the middle index. If the middle value is less than the target value, we set left to `mid + 1`, meaning we search the right half of the remaining array. If the middle value is greater than the target value, we set the right to `mid - 1`, meaning we search the left half of the remaining array. After the loop, if the target value is not found, we return the value of the left pointer, which represents the index where the target value should be inserted.","def searchInsert(nums, target):
    left, right = 0, len(nums) - 1
    while left <= right:
        mid = left + (right - left) // 2
        if nums[mid] == target:
            return mid
        if nums[mid] < target:
            left = mid + 1
        else:
            right = mid - 1
    return left","The given problem requires a binary search algorithm. We define two pointers, `left` and `right`, initially set to the first and last index of the array. We then enter a loop that continues as long as left is less than or equal to right. Inside the loop, we calculate the middle index, `mid`, as the average of left and right. If the value at this middle index is equal to the target value, we return the middle index. If the middle value is less than the target value, we set left to `mid + 1`, meaning we search the right half of the remaining array. If the middle value is greater than the target value, we set the right to `mid - 1`, meaning we search the left half of the remaining array. After the loop, if the target value is not found, we return the value of the left pointer, which represents the index where the target value should be inserted.","function searchInsert(nums, target) {
    let left = 0, right = nums.length - 1;
    while (left <= right) {
        let mid = left + Math.floor((right - left) / 2);
        if (nums[mid] === target) return mid;
        if (nums[mid] < target) left = mid + 1;
        else right = mid - 1;
    }
    return left;
}","The given problem requires a binary search algorithm. We define two pointers, `left` and `right`, initially set to the first and last index of the array. We then enter a loop that continues as long as left is less than or equal to right. Inside the loop, we calculate the middle index, `mid`, as the average of left and right. If the value at this middle index is equal to the target value, we return the middle index. If the middle value is less than the target value, we set left to `mid + 1`, meaning we search the right half of the remaining array. If the middle value is greater than the target value, we set the right to `mid - 1`, meaning we search the left half of the remaining array. After the loop, if the target value is not found, we return the value of the left pointer, which represents the index where the target value should be inserted.","def searchInsert(nums, target):
    left = 0
    right = len(nums) - 1
    while left <= right:
        mid = left + (right - left) // 2
        if nums[mid] == target:
            return mid
        if nums[mid] < target:
            left = mid + 1
        else:
            right = mid - 1
    return left","def searchInsert(nums, target):
    left = 0
    right = len(nums) - 1
    while left <= right:
        mid = left + (right - left) // 2
        if nums[mid] == target:
            return mid
        if nums[mid] < target:
            left = mid + 1
        else:
            right = mid - 1
    return left","def searchInsert(nums, target):
    left = 0
    right = len(nums) - 1
    while left <= right:
        mid = left + (right - left) // 2
        if nums[mid] == target:
            return mid
        if nums[mid] < target:
            left = mid + 1
        else:
            right = mid - 1
    return left","Here is the equivalent code in Python:

```python
def searchInsert(nums, target):
    left = 0
    right = len(nums) - 1
    while left <= right:
        mid = left + (right - left) // 2
        if nums[mid] == target:
            return mid
        if nums[mid] < target:
            left = mid + 1
        else:
            right = mid - 1
    return left
```","def searchInsert(nums, target):
    left = 0
    right = len(nums) - 1
    while left <= right:
        mid = left + (right - left) // 2
        if nums[mid] == target:
            return mid
        if nums[mid] < target:
            left = mid + 1
        else:
            right = mid - 1
    return left","def searchInsert(nums, target):
    left = 0
    right = len(nums) - 1
    while left <= right:
        mid = left + (right - left) // 2
        if nums[mid] == target:
            return mid
        if nums[mid] < target:
            left = mid + 1
        else:
            right = mid - 1
    return left"
38,39,combination-sum,Combination Sum,Medium,"Given an array of **distinct** integers `candidates` and a target integer `target`, return _a list of all **unique combinations** of_ `candidates` _where the chosen numbers sum to_ `target`_._ You may return the combinations in **any order**.

The **same** number may be chosen from `candidates` an **unlimited number of times**. Two combinations are unique if the frequency of at least one of the chosen numbers is different.

The test cases are generated such that the number of unique combinations that sum up to `target` is less than `150` combinations for the given input.

**Example 1:**

**Input:** candidates = \[2,3,6,7\], target = 7
**Output:** \[\[2,2,3\],\[7\]\]
**Explanation:**
2 and 3 are candidates, and 2 + 2 + 3 = 7. Note that 2 can be used multiple times.
7 is a candidate, and 7 = 7.
These are the only two combinations.

**Example 2:**

**Input:** candidates = \[2,3,5\], target = 8
**Output:** \[\[2,2,2,2\],\[2,3,3\],\[3,5\]\]

**Example 3:**

**Input:** candidates = \[2\], target = 1
**Output:** \[\]

**Constraints:**

*   `1 <= candidates.length <= 30`
*   `2 <= candidates[i] <= 40`
*   All elements of `candidates` are **distinct**.
*   `1 <= target <= 40`","import java.util.ArrayList;
import java.util.List;

public List<List<Integer>> combinationSum(int[] candidates, int target) {
    List<List<Integer>> result = new ArrayList<>();
    findCombinations(candidates, target, 0, new ArrayList<>(), result);
    return result;
}

private void findCombinations(int[] candidates, int target, int startIndex, List<Integer> current, List<List<Integer>> result) {
    if (target == 0) {
        result.add(new ArrayList<>(current));
        return;
    }
    if (startIndex == candidates.length || target < 0) {
        return;
    }

    findCombinations(candidates, target, startIndex + 1, current, result);

    current.add(candidates[startIndex]);
    findCombinations(candidates, target - candidates[startIndex], startIndex, current, result);
    current.remove(current.size() - 1);
}","The algorithm is a recursive backtracking algorithm. We define a helper function `findCombinations` that takes the following parameters:

1. `startIndex`: the index of the candidates array from which it can start choosing numbers.
2. `remaining`: the remaining sum needed to reach the target.

The base cases are:
- If `remaining` is 0, it means we have found a valid combination, so we return a list containing an empty list.
- If `startIndex` is equal to the length of candidates, or `remaining` is negative, there are no valid combinations, so we return an empty list.

In the function, we first initialize an empty list called `result`. Then, we make two recursive calls to `findCombinations`:

1. Excluding the current candidate at `startIndex` and incrementing `startIndex`, to search for combinations without this candidate.
2. Including the current candidate in the combination, and decreasing `remaining` accordingly (without updating `startIndex`).

After getting results from both recursive calls, we merge them and return the final list of combinations.

The main function `combinationSum` calls `findCombinations` with `startIndex` as 0 and `remaining` as the target, and returns the result after the recursion is done.","#include <vector>

void findCombinations(std::vector<int>& candidates, int target, int startIndex, std::vector<int>& current, std::vector<std::vector<int>>& result) {
    if (target == 0) {
        result.push_back(current);
        return;
    }
    if (startIndex == candidates.size() || target < 0) {
        return;
    }

    findCombinations(candidates, target, startIndex + 1, current, result);

    current.push_back(candidates[startIndex]);
    findCombinations(candidates, target - candidates[startIndex], startIndex, current, result);
    current.pop_back();
}

std::vector<std::vector<int>> combinationSum(std::vector<int>& candidates, int target) {
    std::vector<int> current;
    std::vector<std::vector<int>> result;
    findCombinations(candidates, target, 0, current, result);
    return result;
}","The algorithm is a recursive backtracking algorithm. We define a helper function `findCombinations` that takes the following parameters:

1. `startIndex`: the index of the candidates array from which it can start choosing numbers.
2. `remaining`: the remaining sum needed to reach the target.

The base cases are:
- If `remaining` is 0, it means we have found a valid combination, so we return a list containing an empty list.
- If `startIndex` is equal to the length of candidates, or `remaining` is negative, there are no valid combinations, so we return an empty list.

In the function, we first initialize an empty list called `result`. Then, we make two recursive calls to `findCombinations`:

1. Excluding the current candidate at `startIndex` and incrementing `startIndex`, to search for combinations without this candidate.
2. Including the current candidate in the combination, and decreasing `remaining` accordingly (without updating `startIndex`).

After getting results from both recursive calls, we merge them and return the final list of combinations.

The main function `combinationSum` calls `findCombinations` with `startIndex` as 0 and `remaining` as the target, and returns the result after the recursion is done.","def combinationSum(candidates, target):
    def findCombinations(startIndex, remaining):
        if remaining == 0:
            return [[]]
        if startIndex == len(candidates) or remaining < 0:
            return []

        result = []
        result.extend(findCombinations(startIndex + 1, remaining))
        result.extend([x + [candidates[startIndex]] for x in findCombinations(startIndex, remaining - candidates[startIndex])])
        
        return result

    return findCombinations(0, target)","The algorithm is a recursive backtracking algorithm. We define a helper function `findCombinations` that takes the following parameters:

1. `startIndex`: the index of the candidates array from which it can start choosing numbers.
2. `remaining`: the remaining sum needed to reach the target.

The base cases are:
- If `remaining` is 0, it means we have found a valid combination, so we return a list containing an empty list.
- If `startIndex` is equal to the length of candidates, or `remaining` is negative, there are no valid combinations, so we return an empty list.

In the function, we first initialize an empty list called `result`. Then, we make two recursive calls to `findCombinations`:

1. Excluding the current candidate at `startIndex` and incrementing `startIndex`, to search for combinations without this candidate.
2. Including the current candidate in the combination, and decreasing `remaining` accordingly (without updating `startIndex`).

After getting results from both recursive calls, we merge them and return the final list of combinations.

The main function `combinationSum` calls `findCombinations` with `startIndex` as 0 and `remaining` as the target, and returns the result after the recursion is done.","function combinationSum(candidates, target) {
    function findCombinations(startIndex, remaining) {
        if (remaining === 0) {
            return [[]];
        }
        if (startIndex === candidates.length || remaining < 0) {
            return [];
        }

        let result = [];
        result = result.concat(findCombinations(startIndex + 1, remaining));
        result = result.concat(findCombinations(startIndex, remaining - candidates[startIndex]).map(x => x.concat([candidates[startIndex]])));

        return result;
    }

    return findCombinations(0, target);
}","The algorithm is a recursive backtracking algorithm. We define a helper function `findCombinations` that takes the following parameters:

1. `startIndex`: the index of the candidates array from which it can start choosing numbers.
2. `remaining`: the remaining sum needed to reach the target.

The base cases are:
- If `remaining` is 0, it means we have found a valid combination, so we return a list containing an empty list.
- If `startIndex` is equal to the length of candidates, or `remaining` is negative, there are no valid combinations, so we return an empty list.

In the function, we first initialize an empty list called `result`. Then, we make two recursive calls to `findCombinations`:

1. Excluding the current candidate at `startIndex` and incrementing `startIndex`, to search for combinations without this candidate.
2. Including the current candidate in the combination, and decreasing `remaining` accordingly (without updating `startIndex`).

After getting results from both recursive calls, we merge them and return the final list of combinations.

The main function `combinationSum` calls `findCombinations` with `startIndex` as 0 and `remaining` as the target, and returns the result after the recursion is done.","Here is the equivalent code in Python:

```python
def combinationSum(candidates, target):
    def findCombinations(startIndex, remaining):
        if remaining == 0:
            return [[]]
        if startIndex == len(candidates) or remaining < 0:
            return []

        result = []
        result += findCombinations(startIndex + 1, remaining)
        result += [comb + [candidates[startIndex]] for comb in findCombinations(startIndex, remaining - candidates[startIndex])]

        return result

    return findCombinations(0, target)
```","def combinationSum(candidates, target):
    def findCombinations(startIndex, remaining):
        if remaining == 0:
            return [[]]
        if startIndex == len(candidates) or remaining < 0:
            return []

        result = []
        result += findCombinations(startIndex + 1, remaining)
        result += [comb + [candidates[startIndex]] for comb in findCombinations(startIndex, remaining - candidates[startIndex])]

        return result

    return findCombinations(0, target)","```python
def combinationSum(candidates, target):
    result = []
    findCombinations(candidates, target, 0, [], result)
    return result

def findCombinations(candidates, target, startIndex, current, result):
    if target == 0:
        result.append(list(current))
        return
    if startIndex == len(candidates) or target < 0:
        return

    findCombinations(candidates, target, startIndex + 1, current, result)

    current.append(candidates[startIndex])
    findCombinations(candidates, target - candidates[startIndex], startIndex, current, result)
    current.pop()
```","```python
def findCombinations(candidates, target, startIndex, current, result):
    if target == 0:
        result.append(current.copy())
        return
    if startIndex == len(candidates) or target < 0:
        return

    findCombinations(candidates, target, startIndex + 1, current, result)

    current.append(candidates[startIndex])
    findCombinations(candidates, target - candidates[startIndex], startIndex, current, result)
    current.pop()

def combinationSum(candidates, target):
    current = []
    result = []
    findCombinations(candidates, target, 0, current, result)
    return result
```","def combinationSum(candidates, target):
    result = []
    findCombinations(candidates, target, 0, [], result)
    return result

def findCombinations(candidates, target, startIndex, current, result):
    if target == 0:
        result.append(list(current))
        return
    if startIndex == len(candidates) or target < 0:
        return

    findCombinations(candidates, target, startIndex + 1, current, result)

    current.append(candidates[startIndex])
    findCombinations(candidates, target - candidates[startIndex], startIndex, current, result)
    current.pop()","def findCombinations(candidates, target, startIndex, current, result):
    if target == 0:
        result.append(current.copy())
        return
    if startIndex == len(candidates) or target < 0:
        return

    findCombinations(candidates, target, startIndex + 1, current, result)

    current.append(candidates[startIndex])
    findCombinations(candidates, target - candidates[startIndex], startIndex, current, result)
    current.pop()

def combinationSum(candidates, target):
    current = []
    result = []
    findCombinations(candidates, target, 0, current, result)
    return result"
41,42,trapping-rain-water,Trapping Rain Water,Hard,"Given `n` non-negative integers representing an elevation map where the width of each bar is `1`, compute how much water it can trap after raining.

**Example 1:**

**Input:** height = \[0,1,0,2,1,0,1,3,2,1,2,1\]
**Output:** 6
**Explanation:** The above elevation map (black section) is represented by array \[0,1,0,2,1,0,1,3,2,1,2,1\]. In this case, 6 units of rain water (blue section) are being trapped.

**Example 2:**

**Input:** height = \[4,2,0,3,2,5\]
**Output:** 9

**Constraints:**

*   `n == height.length`
*   `1 <= n <= 2 * 104`
*   `0 <= height[i] <= 105`","public int trap(int[] height) {
    int n = height.length, left = 0, right = n - 1, maxLeft = 0, maxRight = 0, water = 0;

    while (left < right) {
        if (height[left] <= height[right]) {
            maxLeft = Math.max(maxLeft, height[left]);
            water += maxLeft - height[left];
            left++;
        } else {
            maxRight = Math.max(maxRight, height[right]);
            water += maxRight - height[right];
            right--;
        }
    }

    return water;
}","The algorithm uses a two-pointer approach, initializing left and right pointers to the beginning and end of the elevation map, respectively. It also initializes two variables `maxLeft` and `maxRight` to keep track of the maximum heights on the left and right of the pointers, as well as a variable `water` to store the trapped water.

The algorithm iterates through the elevation map until the left pointer is less than the right pointer. In each iteration, it compares the values at both pointers to determine which side is shorter. If the value at the left pointer is less than or equal to the value at the right pointer, it means water can be trapped on the left side up to the height of the shorter bar. The algorithm updates `maxLeft` with the maximum height on the left side and then adds the trapped water (which is the difference between the maximum height and the current height) to the `water` variable. The left pointer is then incremented. If the value at the right pointer is smaller, the same logic is applied to the right side and the right pointer is decremented.

This process is repeated until the left pointer is no longer less than the right pointer, at which point the total trapped water has been calculated and the `water` variable is returned. This algorithm has a time complexity of O(n) and a space complexity of O(1) as it only uses constant extra space.","#include <vector>
using namespace std;

int trap(vector<int>& height) {
    int n = height.size();
    int left = 0, right = n - 1, maxLeft = 0, maxRight = 0, water = 0;

    while (left < right) {
        if (height[left] <= height[right]) {
            maxLeft = max(maxLeft, height[left]);
            water += maxLeft - height[left];
            left++;
        } else {
            maxRight = max(maxRight, height[right]);
            water += maxRight - height[right];
            right--;
        }
    }

    return water;
}","The algorithm uses a two-pointer approach, initializing left and right pointers to the beginning and end of the elevation map, respectively. It also initializes two variables `maxLeft` and `maxRight` to keep track of the maximum heights on the left and right of the pointers, as well as a variable `water` to store the trapped water.

The algorithm iterates through the elevation map until the left pointer is less than the right pointer. In each iteration, it compares the values at both pointers to determine which side is shorter. If the value at the left pointer is less than or equal to the value at the right pointer, it means water can be trapped on the left side up to the height of the shorter bar. The algorithm updates `maxLeft` with the maximum height on the left side and then adds the trapped water (which is the difference between the maximum height and the current height) to the `water` variable. The left pointer is then incremented. If the value at the right pointer is smaller, the same logic is applied to the right side and the right pointer is decremented.

This process is repeated until the left pointer is no longer less than the right pointer, at which point the total trapped water has been calculated and the `water` variable is returned. This algorithm has a time complexity of O(n) and a space complexity of O(1) as it only uses constant extra space.","def trap(height):
    n = len(height)
    left, right, max_left, max_right, water = 0, n - 1, 0, 0, 0

    while left < right:
        if height[left] <= height[right]:
            max_left = max(max_left, height[left])
            water += max_left - height[left]
            left += 1
        else:
            max_right = max(max_right, height[right])
            water += max_right - height[right]
            right -= 1

    return water","The algorithm uses a two-pointer approach, initializing left and right pointers to the beginning and end of the elevation map, respectively. It also initializes two variables `maxLeft` and `maxRight` to keep track of the maximum heights on the left and right of the pointers, as well as a variable `water` to store the trapped water.

The algorithm iterates through the elevation map until the left pointer is less than the right pointer. In each iteration, it compares the values at both pointers to determine which side is shorter. If the value at the left pointer is less than or equal to the value at the right pointer, it means water can be trapped on the left side up to the height of the shorter bar. The algorithm updates `maxLeft` with the maximum height on the left side and then adds the trapped water (which is the difference between the maximum height and the current height) to the `water` variable. The left pointer is then incremented. If the value at the right pointer is smaller, the same logic is applied to the right side and the right pointer is decremented.

This process is repeated until the left pointer is no longer less than the right pointer, at which point the total trapped water has been calculated and the `water` variable is returned. This algorithm has a time complexity of O(n) and a space complexity of O(1) as it only uses constant extra space.","function trap(height) {
    const n = height.length;
    let left = 0, right = n - 1, maxLeft = 0, maxRight = 0, water = 0;

    while (left < right) {
        if (height[left] <= height[right]) {
            maxLeft = Math.max(maxLeft, height[left]);
            water += maxLeft - height[left];
            left++;
        } else {
            maxRight = Math.max(maxRight, height[right]);
            water += maxRight - height[right];
            right--;
        }
    }

    return water;
}","The algorithm uses a two-pointer approach, initializing left and right pointers to the beginning and end of the elevation map, respectively. It also initializes two variables `maxLeft` and `maxRight` to keep track of the maximum heights on the left and right of the pointers, as well as a variable `water` to store the trapped water.

The algorithm iterates through the elevation map until the left pointer is less than the right pointer. In each iteration, it compares the values at both pointers to determine which side is shorter. If the value at the left pointer is less than or equal to the value at the right pointer, it means water can be trapped on the left side up to the height of the shorter bar. The algorithm updates `maxLeft` with the maximum height on the left side and then adds the trapped water (which is the difference between the maximum height and the current height) to the `water` variable. The left pointer is then incremented. If the value at the right pointer is smaller, the same logic is applied to the right side and the right pointer is decremented.

This process is repeated until the left pointer is no longer less than the right pointer, at which point the total trapped water has been calculated and the `water` variable is returned. This algorithm has a time complexity of O(n) and a space complexity of O(1) as it only uses constant extra space.","```python
def trap(height):
    n = len(height)
    left, right = 0, n - 1
    maxLeft, maxRight = 0, 0
    water = 0

    while left < right:
        if height[left] <= height[right]:
            maxLeft = max(maxLeft, height[left])
            water += maxLeft - height[left]
            left += 1
        else:
            maxRight = max(maxRight, height[right])
            water += maxRight - height[right]
            right -= 1

    return water
```","def trap(height):
    n = len(height)
    left, right = 0, n - 1
    maxLeft, maxRight = 0, 0
    water = 0

    while left < right:
        if height[left] <= height[right]:
            maxLeft = max(maxLeft, height[left])
            water += maxLeft - height[left]
            left += 1
        else:
            maxRight = max(maxRight, height[right])
            water += maxRight - height[right]
            right -= 1

    return water","```python
def trap(height):
    n = len(height)
    left = 0
    right = n - 1
    maxLeft = 0
    maxRight = 0
    water = 0

    while left < right:
        if height[left] <= height[right]:
            maxLeft = max(maxLeft, height[left])
            water += maxLeft - height[left]
            left += 1
        else:
            maxRight = max(maxRight, height[right])
            water += maxRight - height[right]
            right -= 1

    return water
```","```python
def trap(height):
    n = len(height)
    left = 0
    right = n - 1
    maxLeft = 0
    maxRight = 0
    water = 0

    while left < right:
        if height[left] <= height[right]:
            maxLeft = max(maxLeft, height[left])
            water += maxLeft - height[left]
            left += 1
        else:
            maxRight = max(maxRight, height[right])
            water += maxRight - height[right]
            right -= 1

    return water
```","def trap(height):
    n = len(height)
    left = 0
    right = n - 1
    maxLeft = 0
    maxRight = 0
    water = 0

    while left < right:
        if height[left] <= height[right]:
            maxLeft = max(maxLeft, height[left])
            water += maxLeft - height[left]
            left += 1
        else:
            maxRight = max(maxRight, height[right])
            water += maxRight - height[right]
            right -= 1

    return water","def trap(height):
    n = len(height)
    left = 0
    right = n - 1
    maxLeft = 0
    maxRight = 0
    water = 0

    while left < right:
        if height[left] <= height[right]:
            maxLeft = max(maxLeft, height[left])
            water += maxLeft - height[left]
            left += 1
        else:
            maxRight = max(maxRight, height[right])
            water += maxRight - height[right]
            right -= 1

    return water"
44,45,jump-game-ii,Jump Game II,Medium,"You are given a **0-indexed** array of integers `nums` of length `n`. You are initially positioned at `nums[0]`.

Each element `nums[i]` represents the maximum length of a forward jump from index `i`. In other words, if you are at `nums[i]`, you can jump to any `nums[i + j]` where:

*   `0 <= j <= nums[i]` and
*   `i + j < n`

Return _the minimum number of jumps to reach_ `nums[n - 1]`. The test cases are generated such that you can reach `nums[n - 1]`.

**Example 1:**

**Input:** nums = \[2,3,1,1,4\]
**Output:** 2
**Explanation:** The minimum number of jumps to reach the last index is 2. Jump 1 step from index 0 to 1, then 3 steps to the last index.

**Example 2:**

**Input:** nums = \[2,3,0,1,4\]
**Output:** 2

**Constraints:**

*   `1 <= nums.length <= 104`
*   `0 <= nums[i] <= 1000`
*   It's guaranteed that you can reach `nums[n - 1]`.","public int jump(int[] nums) {
    int jumps = 0, currentEnd = 0, currentFarthest = 0;
    
    for (int i = 0; i < nums.length - 1; i++) {
        currentFarthest = Math.max(currentFarthest, i + nums[i]);
        if (i == currentEnd) {
            jumps++;
            currentEnd = currentFarthest;
        }
    }
    return jumps;
}","We initialize jumps to count the number of jumps, current_end to keep track of the farthest index we can reach with the current number of jumps, and current_farthest to keep track of the farthest index that can be reached from the current position.

We loop through the array up to the second last element. For each index, we calculate and store the farthest index that can be reached from the current index. If the current index equals the current end, we increment the jumps, as we need one more jump to reach or go beyond the current end, and update the current_end with the current_farthest value.

Finally, we return the number of jumps which represents the minimum number of jumps needed to reach the last index.","int jump(vector<int>& nums) {
    int jumps = 0, current_end = 0, current_farthest = 0;
    
    for (int i = 0; i < nums.size() - 1; i++) {
        current_farthest = max(current_farthest, i + nums[i]);
        if (i == current_end) {
            jumps++;
            current_end = current_farthest;
        }
    }
    return jumps;
}","We initialize jumps to count the number of jumps, current_end to keep track of the farthest index we can reach with the current number of jumps, and current_farthest to keep track of the farthest index that can be reached from the current position.

We loop through the array up to the second last element. For each index, we calculate and store the farthest index that can be reached from the current index. If the current index equals the current end, we increment the jumps, as we need one more jump to reach or go beyond the current end, and update the current_end with the current_farthest value.

Finally, we return the number of jumps which represents the minimum number of jumps needed to reach the last index.","def jump(nums):
    jumps = 0
    current_end = 0
    current_farthest = 0

    for i in range(len(nums) - 1):
        current_farthest = max(current_farthest, i + nums[i])
        if i == current_end:
            jumps += 1
            current_end = current_farthest

    return jumps","We initialize jumps to count the number of jumps, current_end to keep track of the farthest index we can reach with the current number of jumps, and current_farthest to keep track of the farthest index that can be reached from the current position.

We loop through the array up to the second last element. For each index, we calculate and store the farthest index that can be reached from the current index. If the current index equals the current end, we increment the jumps, as we need one more jump to reach or go beyond the current end, and update the current_end with the current_farthest value.

Finally, we return the number of jumps which represents the minimum number of jumps needed to reach the last index.","function jump(nums) {
    let jumps = 0, currentEnd = 0, currentFarthest = 0;

    for (let i = 0; i < nums.length - 1; i++) {
        currentFarthest = Math.max(currentFarthest, i + nums[i]);
        if (i === currentEnd) {
            jumps++;
            currentEnd = currentFarthest;
        }
    }
    return jumps;
}","We initialize jumps to count the number of jumps, current_end to keep track of the farthest index we can reach with the current number of jumps, and current_farthest to keep track of the farthest index that can be reached from the current position.

We loop through the array up to the second last element. For each index, we calculate and store the farthest index that can be reached from the current index. If the current index equals the current end, we increment the jumps, as we need one more jump to reach or go beyond the current end, and update the current_end with the current_farthest value.

Finally, we return the number of jumps which represents the minimum number of jumps needed to reach the last index.","def jump(nums):
    jumps = 0
    currentEnd = 0
    currentFarthest = 0

    for i in range(len(nums) - 1):
        currentFarthest = max(currentFarthest, i + nums[i])
        if i == currentEnd:
            jumps += 1
            currentEnd = currentFarthest

    return jumps","def jump(nums):
    jumps = 0
    currentEnd = 0
    currentFarthest = 0

    for i in range(len(nums) - 1):
        currentFarthest = max(currentFarthest, i + nums[i])
        if i == currentEnd:
            jumps += 1
            currentEnd = currentFarthest

    return jumps","def jump(nums):
    jumps = 0
    currentEnd = 0
    currentFarthest = 0
    
    for i in range(len(nums) - 1):
        currentFarthest = max(currentFarthest, i + nums[i])
        if i == currentEnd:
            jumps += 1
            currentEnd = currentFarthest
    
    return jumps","Here is the equivalent code in Python:

```python
def jump(nums):
    jumps = 0
    current_end = 0
    current_farthest = 0
    
    for i in range(len(nums) - 1):
        current_farthest = max(current_farthest, i + nums[i])
        if i == current_end:
            jumps += 1
            current_end = current_farthest
    
    return jumps
```","def jump(nums):
    jumps = 0
    currentEnd = 0
    currentFarthest = 0
    
    for i in range(len(nums) - 1):
        currentFarthest = max(currentFarthest, i + nums[i])
        if i == currentEnd:
            jumps += 1
            currentEnd = currentFarthest
    
    return jumps","def jump(nums):
    jumps = 0
    current_end = 0
    current_farthest = 0
    
    for i in range(len(nums) - 1):
        current_farthest = max(current_farthest, i + nums[i])
        if i == current_end:
            jumps += 1
            current_end = current_farthest
    
    return jumps"
45,46,permutations,Permutations,Medium,"Given an array `nums` of distinct integers, return _all the possible permutations_. You can return the answer in **any order**.

**Example 1:**

**Input:** nums = \[1,2,3\]
**Output:** \[\[1,2,3\],\[1,3,2\],\[2,1,3\],\[2,3,1\],\[3,1,2\],\[3,2,1\]\]

**Example 2:**

**Input:** nums = \[0,1\]
**Output:** \[\[0,1\],\[1,0\]\]

**Example 3:**

**Input:** nums = \[1\]
**Output:** \[\[1\]\]

**Constraints:**

*   `1 <= nums.length <= 6`
*   `-10 <= nums[i] <= 10`
*   All the integers of `nums` are **unique**.","import java.util.ArrayList;
import java.util.List;

public List<List<Integer>> permute(int[] nums) {
    List<List<Integer>> results = new ArrayList<>();
    helper(nums, 0, results);
    return results;
}

private void helper(int[] nums, int index, List<List<Integer>> results) {
    if (index == nums.length - 1) {
        List<Integer> tempList = new ArrayList<>();
        for (int n : nums) {
            tempList.add(n);
        }
        results.add(tempList);
        return;
    }

    for (int i = index; i < nums.length; i++) {
        swap(nums, index, i);
        helper(nums, index + 1, results);
        swap(nums, index, i);
    }
}

private void swap(int[] nums, int i, int j) {
    int temp = nums[i];
    nums[i] = nums[j];
    nums[j] = temp;
}","The algorithm uses backtracking to generate all possible permutations. It works by swapping the elements in the input array in a recursive manner.

1. The base case is when the index reaches the last element of the array; at this point, we append the current configuration to the ""results"" list.
2. For each index, we iterate from `index` to the end of the array, performing the following steps:
    a. Swap `index` and `i` elements.
    b. Recursively call the helper function with `index + 1`.
    c. Swap the elements back to their original positions.

This will generate all possible permutations, as it swaps elements in different positions while maintaining the original order in the input array. The termination condition for the recursion is the base case when we reach the end of the array. The complexity of this algorithm is O(N!), as there are N! permutations of an array of N elements.","#include <vector>

void helper(std::vector<int>& nums, int index, std::vector<std::vector<int>>& results) {
    if (index == nums.size() - 1) {
        results.push_back(nums);
        return;
    }

    for (int i = index; i < nums.size(); i++) {
        std::swap(nums[index], nums[i]);
        helper(nums, index + 1, results);
        std::swap(nums[index], nums[i]);
    }
}

std::vector<std::vector<int>> permute(std::vector<int>& nums) {
    std::vector<std::vector<int>> results;
    helper(nums, 0, results);
    return results;
}","The algorithm uses backtracking to generate all possible permutations. It works by swapping the elements in the input array in a recursive manner.

1. The base case is when the index reaches the last element of the array; at this point, we append the current configuration to the ""results"" list.
2. For each index, we iterate from `index` to the end of the array, performing the following steps:
    a. Swap `index` and `i` elements.
    b. Recursively call the helper function with `index + 1`.
    c. Swap the elements back to their original positions.

This will generate all possible permutations, as it swaps elements in different positions while maintaining the original order in the input array. The termination condition for the recursion is the base case when we reach the end of the array. The complexity of this algorithm is O(N!), as there are N! permutations of an array of N elements.","from typing import List

def permute(nums: List[int]) -> List[List[int]]:
    def helper(index):
        if index == len(nums) - 1:
            results.append(nums[:])
            return

        for i in range(index, len(nums)):
            nums[index], nums[i] = nums[i], nums[index]
            helper(index + 1)
            nums[index], nums[i] = nums[i], nums[index]

    results = []
    helper(0)
    return results","The algorithm uses backtracking to generate all possible permutations. It works by swapping the elements in the input array in a recursive manner.

1. The base case is when the index reaches the last element of the array; at this point, we append the current configuration to the ""results"" list.
2. For each index, we iterate from `index` to the end of the array, performing the following steps:
    a. Swap `index` and `i` elements.
    b. Recursively call the helper function with `index + 1`.
    c. Swap the elements back to their original positions.

This will generate all possible permutations, as it swaps elements in different positions while maintaining the original order in the input array. The termination condition for the recursion is the base case when we reach the end of the array. The complexity of this algorithm is O(N!), as there are N! permutations of an array of N elements.","function permute(nums) {
  const results = [];
  helper(nums, 0, results);
  return results;
}

function helper(nums, index, results) {
  if (index === nums.length - 1) {
    results.push(nums.slice());
    return;
  }

  for (let i = index; i < nums.length; i++) {
    [nums[index], nums[i]] = [nums[i], nums[index]];
    helper(nums, index + 1, results);
    [nums[index], nums[i]] = [nums[i], nums[index]];
  }
}","The algorithm uses backtracking to generate all possible permutations. It works by swapping the elements in the input array in a recursive manner.

1. The base case is when the index reaches the last element of the array; at this point, we append the current configuration to the ""results"" list.
2. For each index, we iterate from `index` to the end of the array, performing the following steps:
    a. Swap `index` and `i` elements.
    b. Recursively call the helper function with `index + 1`.
    c. Swap the elements back to their original positions.

This will generate all possible permutations, as it swaps elements in different positions while maintaining the original order in the input array. The termination condition for the recursion is the base case when we reach the end of the array. The complexity of this algorithm is O(N!), as there are N! permutations of an array of N elements.","def permute(nums):
    results = []
    helper(nums, 0, results)
    return results

def helper(nums, index, results):
    if index == len(nums) - 1:
        results.append(nums[:])
        return

    for i in range(index, len(nums)):
        nums[index], nums[i] = nums[i], nums[index]
        helper(nums, index + 1, results)
        nums[index], nums[i] = nums[i], nums[index]","def permute(nums):
    results = []
    helper(nums, 0, results)
    return results

def helper(nums, index, results):
    if index == len(nums) - 1:
        results.append(nums[:])
        return

    for i in range(index, len(nums)):
        nums[index], nums[i] = nums[i], nums[index]
        helper(nums, index + 1, results)
        nums[index], nums[i] = nums[i], nums[index]","```python
def permute(nums):
    results = []
    helper(nums, 0, results)
    return results

def helper(nums, index, results):
    if index == len(nums) - 1:
        tempList = []
        for n in nums:
            tempList.append(n)
        results.append(tempList)
        return

    for i in range(index, len(nums)):
        swap(nums, index, i)
        helper(nums, index + 1, results)
        swap(nums, index, i)

def swap(nums, i, j):
    nums[i], nums[j] = nums[j], nums[i]
```","```python
def helper(nums, index, results):
    if index == len(nums) - 1:
        results.append(nums.copy())
        return

    for i in range(index, len(nums)):
        nums[index], nums[i] = nums[i], nums[index]
        helper(nums, index + 1, results)
        nums[index], nums[i] = nums[i], nums[index]

def permute(nums):
    results = []
    helper(nums, 0, results)
    return results
```","def permute(nums):
    results = []
    helper(nums, 0, results)
    return results

def helper(nums, index, results):
    if index == len(nums) - 1:
        tempList = []
        for n in nums:
            tempList.append(n)
        results.append(tempList)
        return

    for i in range(index, len(nums)):
        swap(nums, index, i)
        helper(nums, index + 1, results)
        swap(nums, index, i)

def swap(nums, i, j):
    nums[i], nums[j] = nums[j], nums[i]","def helper(nums, index, results):
    if index == len(nums) - 1:
        results.append(nums.copy())
        return

    for i in range(index, len(nums)):
        nums[index], nums[i] = nums[i], nums[index]
        helper(nums, index + 1, results)
        nums[index], nums[i] = nums[i], nums[index]

def permute(nums):
    results = []
    helper(nums, 0, results)
    return results"
47,48,rotate-image,Rotate Image,Medium,"You are given an `n x n` 2D `matrix` representing an image, rotate the image by **90** degrees (clockwise).

You have to rotate the image [**in-place**](https://en.wikipedia.org/wiki/In-place_algorithm), which means you have to modify the input 2D matrix directly. **DO NOT** allocate another 2D matrix and do the rotation.

**Example 1:**

**Input:** matrix = \[\[1,2,3\],\[4,5,6\],\[7,8,9\]\]
**Output:** \[\[7,4,1\],\[8,5,2\],\[9,6,3\]\]

**Example 2:**

**Input:** matrix = \[\[5,1,9,11\],\[2,4,8,10\],\[13,3,6,7\],\[15,14,12,16\]\]
**Output:** \[\[15,13,2,5\],\[14,3,4,1\],\[12,6,8,9\],\[16,7,10,11\]\]

**Constraints:**

*   `n == matrix.length == matrix[i].length`
*   `1 <= n <= 20`
*   `-1000 <= matrix[i][j] <= 1000`","public void rotate(int[][] matrix) {
    int n = matrix.length;
    for (int i = 0; i < n / 2; i++) {
        for (int j = i; j < n - i - 1; j++) {
            int temp = matrix[i][j];
            matrix[i][j] = matrix[n - j - 1][i];
            matrix[n - j - 1][i] = matrix[n - i - 1][n - j - 1];
            matrix[n - i - 1][n - j - 1] = matrix[j][n - i - 1];
            matrix[j][n - i - 1] = temp;
        }
    }
}","The algorithm iterates over each layer of the matrix gradually working inwards. For each element in the current layer, it performs a 4-way swap (moving elements from left -> top, bottom -> left, right -> bottom, and top -> right). This moves each element in the layer to its new position after rotation without using any additional memory. The algorithm proceeds with this strategy until it reaches the center of the matrix, ensuring that all elements are correctly rotated.","void rotate(vector<vector<int>>& matrix) {
    int n = matrix.size();
    for (int i = 0; i < n / 2; i++) {
        for (int j = i; j < n - i - 1; j++) {
            int temp = matrix[i][j];
            matrix[i][j] = matrix[n - j - 1][i];
            matrix[n - j - 1][i] = matrix[n - i - 1][n - j - 1];
            matrix[n - i - 1][n - j - 1] = matrix[j][n - i - 1];
            matrix[j][n - i - 1] = temp;
        }
    }
}","The algorithm iterates over each layer of the matrix gradually working inwards. For each element in the current layer, it performs a 4-way swap (moving elements from left -> top, bottom -> left, right -> bottom, and top -> right). This moves each element in the layer to its new position after rotation without using any additional memory. The algorithm proceeds with this strategy until it reaches the center of the matrix, ensuring that all elements are correctly rotated.","def rotate(matrix):
    n = len(matrix)
    for i in range(n // 2):
        for j in range(i, n - i - 1):
            temp = matrix[i][j]
            matrix[i][j] = matrix[n - j - 1][i]
            matrix[n - j - 1][i] = matrix[n - i - 1][n - j - 1]
            matrix[n - i - 1][n - j - 1] = matrix[j][n - i - 1]
            matrix[j][n - i - 1] = temp","The algorithm iterates over each layer of the matrix gradually working inwards. For each element in the current layer, it performs a 4-way swap (moving elements from left -> top, bottom -> left, right -> bottom, and top -> right). This moves each element in the layer to its new position after rotation without using any additional memory. The algorithm proceeds with this strategy until it reaches the center of the matrix, ensuring that all elements are correctly rotated.","function rotate(matrix) {
    let n = matrix.length;
    for (let i = 0; i < Math.floor(n / 2); i++) {
        for (let j = i; j < n - i - 1; j++) {
            let temp = matrix[i][j];
            matrix[i][j] = matrix[n - j - 1][i];
            matrix[n - j - 1][i] = matrix[n - i - 1][n - j - 1];
            matrix[n - i - 1][n - j - 1] = matrix[j][n - i - 1];
            matrix[j][n - i - 1] = temp;
        }
    }
}","The algorithm iterates over each layer of the matrix gradually working inwards. For each element in the current layer, it performs a 4-way swap (moving elements from left -> top, bottom -> left, right -> bottom, and top -> right). This moves each element in the layer to its new position after rotation without using any additional memory. The algorithm proceeds with this strategy until it reaches the center of the matrix, ensuring that all elements are correctly rotated.","Here is the equivalent code in Python:

```python
def rotate(matrix):
    n = len(matrix)
    for i in range(n // 2):
        for j in range(i, n - i - 1):
            temp = matrix[i][j]
            matrix[i][j] = matrix[n - j - 1][i]
            matrix[n - j - 1][i] = matrix[n - i - 1][n - j - 1]
            matrix[n - i - 1][n - j - 1] = matrix[j][n - i - 1]
            matrix[j][n - i - 1] = temp
```","def rotate(matrix):
    n = len(matrix)
    for i in range(n // 2):
        for j in range(i, n - i - 1):
            temp = matrix[i][j]
            matrix[i][j] = matrix[n - j - 1][i]
            matrix[n - j - 1][i] = matrix[n - i - 1][n - j - 1]
            matrix[n - i - 1][n - j - 1] = matrix[j][n - i - 1]
            matrix[j][n - i - 1] = temp","```python
def rotate(matrix):
    n = len(matrix)
    for i in range(n // 2):
        for j in range(i, n - i - 1):
            temp = matrix[i][j]
            matrix[i][j] = matrix[n - j - 1][i]
            matrix[n - j - 1][i] = matrix[n - i - 1][n - j - 1]
            matrix[n - i - 1][n - j - 1] = matrix[j][n - i - 1]
            matrix[j][n - i - 1] = temp
```","Here is the equivalent code in Python:

```python
def rotate(matrix):
    n = len(matrix)
    for i in range(n // 2):
        for j in range(i, n - i - 1):
            temp = matrix[i][j]
            matrix[i][j] = matrix[n - j - 1][i]
            matrix[n - j - 1][i] = matrix[n - i - 1][n - j - 1]
            matrix[n - i - 1][n - j - 1] = matrix[j][n - i - 1]
            matrix[j][n - i - 1] = temp
```","def rotate(matrix):
    n = len(matrix)
    for i in range(n // 2):
        for j in range(i, n - i - 1):
            temp = matrix[i][j]
            matrix[i][j] = matrix[n - j - 1][i]
            matrix[n - j - 1][i] = matrix[n - i - 1][n - j - 1]
            matrix[n - i - 1][n - j - 1] = matrix[j][n - i - 1]
            matrix[j][n - i - 1] = temp","def rotate(matrix):
    n = len(matrix)
    for i in range(n // 2):
        for j in range(i, n - i - 1):
            temp = matrix[i][j]
            matrix[i][j] = matrix[n - j - 1][i]
            matrix[n - j - 1][i] = matrix[n - i - 1][n - j - 1]
            matrix[n - i - 1][n - j - 1] = matrix[j][n - i - 1]
            matrix[j][n - i - 1] = temp"
48,49,group-anagrams,Group Anagrams,Medium,"Given an array of strings `strs`, group **the anagrams** together. You can return the answer in **any order**.

An **Anagram** is a word or phrase formed by rearranging the letters of a different word or phrase, typically using all the original letters exactly once.

**Example 1:**

**Input:** strs = \[""eat"",""tea"",""tan"",""ate"",""nat"",""bat""\]
**Output:** \[\[""bat""\],\[""nat"",""tan""\],\[""ate"",""eat"",""tea""\]\]

**Example 2:**

**Input:** strs = \[""""\]
**Output:** \[\[""""\]\]

**Example 3:**

**Input:** strs = \[""a""\]
**Output:** \[\[""a""\]\]

**Constraints:**

*   `1 <= strs.length <= 104`
*   `0 <= strs[i].length <= 100`
*   `strs[i]` consists of lowercase English letters.","import java.util.*;

public List<List<String>> groupAnagrams(String[] strs) {
    Map<String, List<String>> anagramMap = new HashMap<>();

    for (String str : strs) {
        char[] keyChars = str.toCharArray();
        Arrays.sort(keyChars);
        String key = new String(keyChars);

        anagramMap.putIfAbsent(key, new ArrayList<>());
        anagramMap.get(key).add(str);
    }

    return new ArrayList<>(anagramMap.values());
}","The algorithm iterates through the input array of strings. For each string, create a sorted version of the string as key, and store the original strings as values. Use a data structure like a map or dictionary to store the grouped anagrams in these key-value pairs. The keys will represent the different anagrams, while the values will be lists of the original strings that fit the anagram. Finally, extract the values (lists of anagrams) from the map or dictionary and return them. This works because anagrams will produce the same sorted strings as keys.","#include <vector>
#include <string>
#include <map>
#include <algorithm>

std::vector<std::vector<std::string>> groupAnagrams(std::vector<std::string>& strs) {
    std::map<std::string, std::vector<std::string>> anagramMap;

    for (std::string str : strs) {
        std::string key = str;
        std::sort(key.begin(), key.end());
        anagramMap[key].push_back(str);
    }

    std::vector<std::vector<std::string>> result;
    for (auto &entry : anagramMap) {
        result.push_back(entry.second);
    }

    return result;
}","The algorithm iterates through the input array of strings. For each string, create a sorted version of the string as key, and store the original strings as values. Use a data structure like a map or dictionary to store the grouped anagrams in these key-value pairs. The keys will represent the different anagrams, while the values will be lists of the original strings that fit the anagram. Finally, extract the values (lists of anagrams) from the map or dictionary and return them. This works because anagrams will produce the same sorted strings as keys.","from collections import defaultdict

def group_anagrams(strs):
    anagram_map = defaultdict(list)

    for s in strs:
        key = ''.join(sorted(s))
        anagram_map[key].append(s)

    return list(anagram_map.values())","The algorithm iterates through the input array of strings. For each string, create a sorted version of the string as key, and store the original strings as values. Use a data structure like a map or dictionary to store the grouped anagrams in these key-value pairs. The keys will represent the different anagrams, while the values will be lists of the original strings that fit the anagram. Finally, extract the values (lists of anagrams) from the map or dictionary and return them. This works because anagrams will produce the same sorted strings as keys.","function groupAnagrams(strs) {
    const anagramMap = new Map();

    for (const str of strs) {
        const key = str.split('').sort().join('');

        if (!anagramMap.has(key)) {
            anagramMap.set(key, []);
        }
        anagramMap.get(key).push(str);
    }

    return Array.from(anagramMap.values());
}","The algorithm iterates through the input array of strings. For each string, create a sorted version of the string as key, and store the original strings as values. Use a data structure like a map or dictionary to store the grouped anagrams in these key-value pairs. The keys will represent the different anagrams, while the values will be lists of the original strings that fit the anagram. Finally, extract the values (lists of anagrams) from the map or dictionary and return them. This works because anagrams will produce the same sorted strings as keys.","def groupAnagrams(strs):
    anagramMap = {}

    for str in strs:
        key = ''.join(sorted(str))

        if key not in anagramMap:
            anagramMap[key] = []
        anagramMap[key].append(str)

    return list(anagramMap.values())","def groupAnagrams(strs):
    anagramMap = {}

    for str in strs:
        key = ''.join(sorted(str))

        if key not in anagramMap:
            anagramMap[key] = []
        anagramMap[key].append(str)

    return list(anagramMap.values())","```python
from collections import defaultdict

def groupAnagrams(strs):
    anagramMap = defaultdict(list)

    for str in strs:
        key = ''.join(sorted(str))
        anagramMap[key].append(str)

    return list(anagramMap.values())
```","```python
from collections import defaultdict

def groupAnagrams(strs):
    anagramMap = defaultdict(list)

    for str in strs:
        key = ''.join(sorted(str))
        anagramMap[key].append(str)

    result = []
    for key, value in anagramMap.items():
        result.append(value)

    return result
```","from collections import defaultdict

def groupAnagrams(strs):
    anagramMap = defaultdict(list)

    for str in strs:
        key = ''.join(sorted(str))
        anagramMap[key].append(str)

    return list(anagramMap.values())","from collections import defaultdict

def groupAnagrams(strs):
    anagramMap = defaultdict(list)

    for str in strs:
        key = ''.join(sorted(str))
        anagramMap[key].append(str)

    result = []
    for key, value in anagramMap.items():
        result.append(value)

    return result"
49,50,powx-n,"Pow(x, n)",Medium,"Implement [pow(x, n)](http://www.cplusplus.com/reference/valarray/pow/), which calculates `x` raised to the power `n` (i.e., `xn`).

**Example 1:**

**Input:** x = 2.00000, n = 10
**Output:** 1024.00000

**Example 2:**

**Input:** x = 2.10000, n = 3
**Output:** 9.26100

**Example 3:**

**Input:** x = 2.00000, n = -2
**Output:** 0.25000
**Explanation:** 2\-2 = 1/22 = 1/4 = 0.25

**Constraints:**

*   `-100.0 < x < 100.0`
*   `-231 <= n <= 231-1`
*   `n` is an integer.
*   `-104 <= xn <= 104`","double myPow(double x, int n) {
    if (n == 0) return 1;
    if (n < 0) {
        x = 1 / x;
        n = -n;
    }
    double result = 1;
    double currentProduct = x;
    for (long i = n; i > 0; i /= 2) {
        if ((i % 2) == 1) {
            result *= currentProduct;
        }
        currentProduct *= currentProduct;
    }
    return result;
}","The algorithm uses the binary exponentiation technique, which is a faster method of calculating x^n compared to the naive approach. It relies on the process of repeatedly multiplying the current product by itself and updating it after each iteration. The loop iterates through the bits of the exponent n, from the least significant to the most significant. If the current bit of n is 1, the result is multiplied by the current product. At the end of the loop, the current product is updated by squaring it. This process continues until all bits of the exponent have been processed.

The time complexity of the algorithm is O(log(n)) because the loop iterates through the bits of n, and the number of bits in n is proportional to the logarithm of n. The space complexity is O(1), as the space used by the temporary variables does not depend on the size of n.","double myPow(double x, int n) {
    if (n == 0) return 1;
    if (n < 0) {
        x = 1 / x;
        n = -n;
    }
    double result = 1;
    double currentProduct = x;
    for (long long i = n; i; i /= 2) {
        if ((i % 2) == 1) {
            result = result * currentProduct;
        }
        currentProduct = currentProduct * currentProduct;
    }
    return result;
}","The algorithm uses the binary exponentiation technique, which is a faster method of calculating x^n compared to the naive approach. It relies on the process of repeatedly multiplying the current product by itself and updating it after each iteration. The loop iterates through the bits of the exponent n, from the least significant to the most significant. If the current bit of n is 1, the result is multiplied by the current product. At the end of the loop, the current product is updated by squaring it. This process continues until all bits of the exponent have been processed.

The time complexity of the algorithm is O(log(n)) because the loop iterates through the bits of n, and the number of bits in n is proportional to the logarithm of n. The space complexity is O(1), as the space used by the temporary variables does not depend on the size of n.","def myPow(x: float, n: int) -> float:
    if n == 0:
        return 1
    if n < 0:
        x = 1 / x
        n = -n
    result = 1
    currentProduct = x
    i = n
    while i:
        if i % 2 == 1:
            result *= currentProduct
        currentProduct *= currentProduct
        i //= 2
    return result","The algorithm uses the binary exponentiation technique, which is a faster method of calculating x^n compared to the naive approach. It relies on the process of repeatedly multiplying the current product by itself and updating it after each iteration. The loop iterates through the bits of the exponent n, from the least significant to the most significant. If the current bit of n is 1, the result is multiplied by the current product. At the end of the loop, the current product is updated by squaring it. This process continues until all bits of the exponent have been processed.

The time complexity of the algorithm is O(log(n)) because the loop iterates through the bits of n, and the number of bits in n is proportional to the logarithm of n. The space complexity is O(1), as the space used by the temporary variables does not depend on the size of n.","function myPow(x, n) {
    if (n === 0) return 1;
    if (n < 0) {
        x = 1 / x;
        n = -n;
    }
    let result = 1;
    let currentProduct = x;
    for (let i = n; i > 0; i = Math.floor(i / 2)) {
        if (i % 2 === 1) {
            result *= currentProduct;
        }
        currentProduct *= currentProduct;
    }
    return result;
}","The algorithm uses the binary exponentiation technique, which is a faster method of calculating x^n compared to the naive approach. It relies on the process of repeatedly multiplying the current product by itself and updating it after each iteration. The loop iterates through the bits of the exponent n, from the least significant to the most significant. If the current bit of n is 1, the result is multiplied by the current product. At the end of the loop, the current product is updated by squaring it. This process continues until all bits of the exponent have been processed.

The time complexity of the algorithm is O(log(n)) because the loop iterates through the bits of n, and the number of bits in n is proportional to the logarithm of n. The space complexity is O(1), as the space used by the temporary variables does not depend on the size of n.","def myPow(x, n):
    if n == 0:
        return 1
    if n < 0:
        x = 1 / x
        n = -n
    result = 1
    currentProduct = x
    while n > 0:
        if n % 2 == 1:
            result *= currentProduct
        currentProduct *= currentProduct
        n = n // 2
    return result","def myPow(x, n):
    if n == 0:
        return 1
    if n < 0:
        x = 1 / x
        n = -n
    result = 1
    currentProduct = x
    while n > 0:
        if n % 2 == 1:
            result *= currentProduct
        currentProduct *= currentProduct
        n = n // 2
    return result","def myPow(x, n):
    if n == 0:
        return 1
    if n < 0:
        x = 1 / x
        n = -n
    result = 1
    currentProduct = x
    i = n
    while i > 0:
        if i % 2 == 1:
            result *= currentProduct
        currentProduct *= currentProduct
        i //= 2
    return result","```python
def myPow(x, n):
    if n == 0:
        return 1
    if n < 0:
        x = 1 / x
        n = -n
    result = 1
    currentProduct = x
    i = n
    while i:
        if i % 2 == 1:
            result *= currentProduct
        currentProduct *= currentProduct
        i //= 2
    return result
```","def myPow(x, n):
    if n == 0:
        return 1
    if n < 0:
        x = 1 / x
        n = -n
    result = 1
    currentProduct = x
    i = n
    while i > 0:
        if i % 2 == 1:
            result *= currentProduct
        currentProduct *= currentProduct
        i //= 2
    return result","def myPow(x, n):
    if n == 0:
        return 1
    if n < 0:
        x = 1 / x
        n = -n
    result = 1
    currentProduct = x
    i = n
    while i:
        if i % 2 == 1:
            result *= currentProduct
        currentProduct *= currentProduct
        i //= 2
    return result"
51,52,n-queens-ii,N-Queens II,Hard,"The **n-queens** puzzle is the problem of placing `n` queens on an `n x n` chessboard such that no two queens attack each other.

Given an integer `n`, return _the number of distinct solutions to the **n-queens puzzle**_.

**Example 1:**

**Input:** n = 4
**Output:** 2
**Explanation:** There are two distinct solutions to the 4-queens puzzle as shown.

**Example 2:**

**Input:** n = 1
**Output:** 1

**Constraints:**

*   `1 <= n <= 9`","import java.util.ArrayList;

public int totalNQueens(int n) {
    ArrayList<Integer> cols = new ArrayList<>();
    return backtrack(n, cols);
}

public int backtrack(int n, ArrayList<Integer> cols) {
    if (cols.size() == n) {
        return 1;
    }

    int count = 0;
    for (int i = 0; i < n; i++) {
        if (isSafe(cols, i)) {
            cols.add(i);
            count += backtrack(n, cols);
            cols.remove(cols.size() - 1);
        }
    }
    return count;
}

public boolean isSafe(ArrayList<Integer> cols, int row) {
    int col = cols.size();
    for (int i = 0; i < cols.size(); i++) {
        if (cols.get(i) == row || Math.abs(i - col) == Math.abs(cols.get(i) - row)) {
            return false;
        }
    }
    return true;
}","The algorithm recursively places queens on columns and checks if the placement is safe, i.e., no queens are attacking each other. 
1. Maintain an array `cols` storing the row indices of placed queens. The index in this array represents the column the queen is placed in. This ensures that no two queens are placed in the same column.
2. Recursively place queens (column-wise).
3. Check for a safe position for each queen in the current column:
   a. Check for same row (`cols[i] == row`).
   b. Check for diagonal attack (`abs(i - col) == abs(cols[i] - row)`).
4. If the current position is safe, place the queen in the current column at the current row position, and continue to place the next queen.
5. If all queens are placed, increment the solution count.
6. If the recursive call finishes, backtrack by removing the queen from the current column and move on to the next row in the same column.
7. The base case is when the `cols` size equals `n`, meaning all queens have been placed safely; increment the count.

This approach considers all possible configurations for placing the n queens while avoiding visiting invalid configurations. It uses backtracking to explore the state space efficiently. The algorithm finds the number of distinct solutions to the n-queens puzzle.","#include <vector>
using namespace std;

bool isSafe(vector<int> &cols, int row) {
    int col = cols.size();
    for (int i = 0; i < cols.size(); i++) {
        if (cols[i] == row || abs(i - col) == abs(cols[i] - row)) {
            return false;
        }
    }
    return true;
}

void backtrack(int n, vector<int> &cols, int &count) {
    if (cols.size() == n) {
        count++;
        return;
    }

    for (int i = 0; i < n; i++) {
        if (isSafe(cols, i)) {
            cols.push_back(i);
            backtrack(n, cols, count);
            cols.pop_back();
        }
    }
}

int totalNQueens(int n) {
    vector<int> cols;
    int count = 0;
    backtrack(n, cols, count);
    return count;
}","The algorithm recursively places queens on columns and checks if the placement is safe, i.e., no queens are attacking each other. 
1. Maintain an array `cols` storing the row indices of placed queens. The index in this array represents the column the queen is placed in. This ensures that no two queens are placed in the same column.
2. Recursively place queens (column-wise).
3. Check for a safe position for each queen in the current column:
   a. Check for same row (`cols[i] == row`).
   b. Check for diagonal attack (`abs(i - col) == abs(cols[i] - row)`).
4. If the current position is safe, place the queen in the current column at the current row position, and continue to place the next queen.
5. If all queens are placed, increment the solution count.
6. If the recursive call finishes, backtrack by removing the queen from the current column and move on to the next row in the same column.
7. The base case is when the `cols` size equals `n`, meaning all queens have been placed safely; increment the count.

This approach considers all possible configurations for placing the n queens while avoiding visiting invalid configurations. It uses backtracking to explore the state space efficiently. The algorithm finds the number of distinct solutions to the n-queens puzzle.","def is_safe(cols, row):
    col = len(cols)
    for i, r in enumerate(cols):
        if r == row or abs(i - col) == abs(r - row):
            return False
    return True


def backtrack(n, cols):
    if len(cols) == n:
        return 1

    count = 0
    for i in range(n):
        if is_safe(cols, i):
            cols.append(i)
            count += backtrack(n, cols)
            cols.pop()

    return count


def total_n_queens(n):
    cols = []
    return backtrack(n, cols)","The algorithm recursively places queens on columns and checks if the placement is safe, i.e., no queens are attacking each other. 
1. Maintain an array `cols` storing the row indices of placed queens. The index in this array represents the column the queen is placed in. This ensures that no two queens are placed in the same column.
2. Recursively place queens (column-wise).
3. Check for a safe position for each queen in the current column:
   a. Check for same row (`cols[i] == row`).
   b. Check for diagonal attack (`abs(i - col) == abs(cols[i] - row)`).
4. If the current position is safe, place the queen in the current column at the current row position, and continue to place the next queen.
5. If all queens are placed, increment the solution count.
6. If the recursive call finishes, backtrack by removing the queen from the current column and move on to the next row in the same column.
7. The base case is when the `cols` size equals `n`, meaning all queens have been placed safely; increment the count.

This approach considers all possible configurations for placing the n queens while avoiding visiting invalid configurations. It uses backtracking to explore the state space efficiently. The algorithm finds the number of distinct solutions to the n-queens puzzle.","function isSafe(cols, row) {
    let col = cols.length;
    for (let i = 0; i < cols.length; i++) {
        if (cols[i] === row || Math.abs(i - col) === Math.abs(cols[i] - row)) {
            return false;
        }
    }
    return true;
}

function backtrack(n, cols) {
    if (cols.length === n) {
        return 1;
    }

    let count = 0;
    for (let i = 0; i < n; i++) {
        if (isSafe(cols, i)) {
            cols.push(i);
            count += backtrack(n, cols);
            cols.pop();
        }
    }
    return count;
}

function totalNQueens(n) {
    let cols = [];
    return backtrack(n, cols);
}","The algorithm recursively places queens on columns and checks if the placement is safe, i.e., no queens are attacking each other. 
1. Maintain an array `cols` storing the row indices of placed queens. The index in this array represents the column the queen is placed in. This ensures that no two queens are placed in the same column.
2. Recursively place queens (column-wise).
3. Check for a safe position for each queen in the current column:
   a. Check for same row (`cols[i] == row`).
   b. Check for diagonal attack (`abs(i - col) == abs(cols[i] - row)`).
4. If the current position is safe, place the queen in the current column at the current row position, and continue to place the next queen.
5. If all queens are placed, increment the solution count.
6. If the recursive call finishes, backtrack by removing the queen from the current column and move on to the next row in the same column.
7. The base case is when the `cols` size equals `n`, meaning all queens have been placed safely; increment the count.

This approach considers all possible configurations for placing the n queens while avoiding visiting invalid configurations. It uses backtracking to explore the state space efficiently. The algorithm finds the number of distinct solutions to the n-queens puzzle.","```python
def isSafe(cols, row):
    col = len(cols)
    for i in range(len(cols)):
        if cols[i] == row or abs(i - col) == abs(cols[i] - row):
            return False
    return True

def backtrack(n, cols):
    if len(cols) == n:
        return 1

    count = 0
    for i in range(n):
        if isSafe(cols, i):
            cols.append(i)
            count += backtrack(n, cols)
            cols.pop()
    return count

def totalNQueens(n):
    cols = []
    return backtrack(n, cols)
```","def isSafe(cols, row):
    col = len(cols)
    for i in range(len(cols)):
        if cols[i] == row or abs(i - col) == abs(cols[i] - row):
            return False
    return True

def backtrack(n, cols):
    if len(cols) == n:
        return 1

    count = 0
    for i in range(n):
        if isSafe(cols, i):
            cols.append(i)
            count += backtrack(n, cols)
            cols.pop()
    return count

def totalNQueens(n):
    cols = []
    return backtrack(n, cols)","```python
def totalNQueens(n):
    cols = []
    return backtrack(n, cols)

def backtrack(n, cols):
    if len(cols) == n:
        return 1

    count = 0
    for i in range(n):
        if isSafe(cols, i):
            cols.append(i)
            count += backtrack(n, cols)
            cols.pop()
    return count

def isSafe(cols, row):
    col = len(cols)
    for i in range(len(cols)):
        if cols[i] == row or abs(i - col) == abs(cols[i] - row):
            return False
    return True
```","```python
def isSafe(cols, row):
    col = len(cols)
    for i in range(len(cols)):
        if cols[i] == row or abs(i - col) == abs(cols[i] - row):
            return False
    return True

def backtrack(n, cols, count):
    if len(cols) == n:
        count[0] += 1
        return

    for i in range(n):
        if isSafe(cols, i):
            cols.append(i)
            backtrack(n, cols, count)
            cols.pop()

def totalNQueens(n):
    cols = []
    count = [0]
    backtrack(n, cols, count)
    return count[0]
```","def totalNQueens(n):
    cols = []
    return backtrack(n, cols)

def backtrack(n, cols):
    if len(cols) == n:
        return 1

    count = 0
    for i in range(n):
        if isSafe(cols, i):
            cols.append(i)
            count += backtrack(n, cols)
            cols.pop()
    return count

def isSafe(cols, row):
    col = len(cols)
    for i in range(len(cols)):
        if cols[i] == row or abs(i - col) == abs(cols[i] - row):
            return False
    return True","def isSafe(cols, row):
    col = len(cols)
    for i in range(len(cols)):
        if cols[i] == row or abs(i - col) == abs(cols[i] - row):
            return False
    return True

def backtrack(n, cols, count):
    if len(cols) == n:
        count[0] += 1
        return

    for i in range(n):
        if isSafe(cols, i):
            cols.append(i)
            backtrack(n, cols, count)
            cols.pop()

def totalNQueens(n):
    cols = []
    count = [0]
    backtrack(n, cols, count)
    return count[0]"
52,53,maximum-subarray,Maximum Subarray,Medium,"Given an integer array `nums`, find the subarray with the largest sum, and return _its sum_.

**Example 1:**

**Input:** nums = \[-2,1,-3,4,-1,2,1,-5,4\]
**Output:** 6
**Explanation:** The subarray \[4,-1,2,1\] has the largest sum 6.

**Example 2:**

**Input:** nums = \[1\]
**Output:** 1
**Explanation:** The subarray \[1\] has the largest sum 1.

**Example 3:**

**Input:** nums = \[5,4,-1,7,8\]
**Output:** 23
**Explanation:** The subarray \[5,4,-1,7,8\] has the largest sum 23.

**Constraints:**

*   `1 <= nums.length <= 105`
*   `-104 <= nums[i] <= 104`

**Follow up:** If you have figured out the `O(n)` solution, try coding another solution using the **divide and conquer** approach, which is more subtle.","public int maxSubArray(int[] nums) {
    int max_sum = nums[0];
    int current_sum = max_sum;

    for (int i = 1; i < nums.length; i++) {
        current_sum = Math.max(current_sum + nums[i], nums[i]);
        max_sum = Math.max(max_sum, current_sum);
    }

    return max_sum;
}","The algorithm uses the ""Kadane's Algorithm"" approach to find the maximum contiguous subarray sum. It iterates through the given array once and tracks the maximum sum found so far and the current sum.

For each element, we compare the sum of the current_sum with the element itself, and select the maximum of the two. This helps us to decide whether to continue the current contiguous subarray or start a new one from that element. Then, we compare the new current_sum with our global max_sum, and update max_sum if we find a larger value.

In the end, max_sum contains the largest sum of the contiguous subarray.

Time complexity: O(n)
Space complexity: O(1)","int maxSubArray(vector<int>& nums) {
    int max_sum = nums[0];
    int current_sum = max_sum;
    
    for (int i = 1; i < nums.size(); i++) {
        current_sum = max(current_sum + nums[i], nums[i]);
        max_sum = max(max_sum, current_sum);
    }
    
    return max_sum;
}","The algorithm uses the ""Kadane's Algorithm"" approach to find the maximum contiguous subarray sum. It iterates through the given array once and tracks the maximum sum found so far and the current sum.

For each element, we compare the sum of the current_sum with the element itself, and select the maximum of the two. This helps us to decide whether to continue the current contiguous subarray or start a new one from that element. Then, we compare the new current_sum with our global max_sum, and update max_sum if we find a larger value.

In the end, max_sum contains the largest sum of the contiguous subarray.

Time complexity: O(n)
Space complexity: O(1)","def maxSubArray(nums):
    max_sum = current_sum = nums[0]

    for num in nums[1:]:
        current_sum = max(current_sum + num, num)
        max_sum = max(max_sum, current_sum)

    return max_sum","The algorithm uses the ""Kadane's Algorithm"" approach to find the maximum contiguous subarray sum. It iterates through the given array once and tracks the maximum sum found so far and the current sum.

For each element, we compare the sum of the current_sum with the element itself, and select the maximum of the two. This helps us to decide whether to continue the current contiguous subarray or start a new one from that element. Then, we compare the new current_sum with our global max_sum, and update max_sum if we find a larger value.

In the end, max_sum contains the largest sum of the contiguous subarray.

Time complexity: O(n)
Space complexity: O(1)","function maxSubArray(nums) {
    let max_sum = nums[0];
    let current_sum = max_sum;

    for (let i = 1; i < nums.length; i++) {
        current_sum = Math.max(current_sum + nums[i], nums[i]);
        max_sum = Math.max(max_sum, current_sum);
    }

    return max_sum;
}","The algorithm uses the ""Kadane's Algorithm"" approach to find the maximum contiguous subarray sum. It iterates through the given array once and tracks the maximum sum found so far and the current sum.

For each element, we compare the sum of the current_sum with the element itself, and select the maximum of the two. This helps us to decide whether to continue the current contiguous subarray or start a new one from that element. Then, we compare the new current_sum with our global max_sum, and update max_sum if we find a larger value.

In the end, max_sum contains the largest sum of the contiguous subarray.

Time complexity: O(n)
Space complexity: O(1)","def maxSubArray(nums):
    max_sum = nums[0]
    current_sum = max_sum

    for i in range(1, len(nums)):
        current_sum = max(current_sum + nums[i], nums[i])
        max_sum = max(max_sum, current_sum)

    return max_sum","def maxSubArray(nums):
    max_sum = nums[0]
    current_sum = max_sum

    for i in range(1, len(nums)):
        current_sum = max(current_sum + nums[i], nums[i])
        max_sum = max(max_sum, current_sum)

    return max_sum","```python
def maxSubArray(nums):
    max_sum = nums[0]
    current_sum = max_sum

    for i in range(1, len(nums)):
        current_sum = max(current_sum + nums[i], nums[i])
        max_sum = max(max_sum, current_sum)

    return max_sum
```","```python
def maxSubArray(nums):
    max_sum = nums[0]
    current_sum = max_sum
    
    for i in range(1, len(nums)):
        current_sum = max(current_sum + nums[i], nums[i])
        max_sum = max(max_sum, current_sum)
    
    return max_sum
```","def maxSubArray(nums):
    max_sum = nums[0]
    current_sum = max_sum

    for i in range(1, len(nums)):
        current_sum = max(current_sum + nums[i], nums[i])
        max_sum = max(max_sum, current_sum)

    return max_sum","def maxSubArray(nums):
    max_sum = nums[0]
    current_sum = max_sum
    
    for i in range(1, len(nums)):
        current_sum = max(current_sum + nums[i], nums[i])
        max_sum = max(max_sum, current_sum)
    
    return max_sum"
53,54,spiral-matrix,Spiral Matrix,Medium,"Given an `m x n` `matrix`, return _all elements of the_ `matrix` _in spiral order_.

**Example 1:**

**Input:** matrix = \[\[1,2,3\],\[4,5,6\],\[7,8,9\]\]
**Output:** \[1,2,3,6,9,8,7,4,5\]

**Example 2:**

**Input:** matrix = \[\[1,2,3,4\],\[5,6,7,8\],\[9,10,11,12\]\]
**Output:** \[1,2,3,4,8,12,11,10,9,5,6,7\]

**Constraints:**

*   `m == matrix.length`
*   `n == matrix[i].length`
*   `1 <= m, n <= 10`
*   `-100 <= matrix[i][j] <= 100`","import java.util.ArrayList;
import java.util.List;

public List<Integer> spiralOrder(int[][] matrix) {
    List<Integer> result = new ArrayList<>();
    if (matrix == null || matrix.length == 0) return result;
    int m = matrix.length, n = matrix[0].length;
    int rowStart = 0, colStart = 0, rowEnd = m - 1, colEnd = n - 1;

    while (rowStart <= rowEnd && colStart <= colEnd) {
        for (int i = colStart; i <= colEnd; i++) {
            result.add(matrix[rowStart][i]);
        }
        rowStart++;
        for (int i = rowStart; i <= rowEnd; i++) {
            result.add(matrix[i][colEnd]);
        }
        colEnd--;
        if (rowStart <= rowEnd) {
            for (int i = colEnd; i >= colStart; i--) {
                result.add(matrix[rowEnd][i]);
            }
        }
        rowEnd--;
        if (colStart <= colEnd) {
            for (int i = rowEnd; i >= rowStart; i--) {
                result.add(matrix[i][colStart]);
            }
        }
        colStart++;
    }
    return result;
}","The algorithm iterates over the matrix in a spiral order. Initialize the indices to keep track of the matrix boundaries. The algorithm goes from left to right, from top to bottom, from right to left, and then from bottom to top. With each iteration, update the matrix boundaries. The process continues until the row and column boundaries cross each other.","#include <vector>
using namespace std;

vector<int> spiralOrder(vector<vector<int>>& matrix) {
    vector<int> result;
    if (matrix.empty()) return result;
    int m = matrix.size(), n = matrix[0].size();
    int rowStart = 0, colStart = 0, rowEnd = m - 1, colEnd = n - 1;

    while (rowStart <= rowEnd && colStart <= colEnd) {
        for (int i = colStart; i <= colEnd; ++i) {
            result.push_back(matrix[rowStart][i]);
        }
        rowStart++;
        for (int i = rowStart; i <= rowEnd; ++i) {
            result.push_back(matrix[i][colEnd]);
        }
        colEnd--;
        if (rowStart <= rowEnd) {
            for (int i = colEnd; i >= colStart; --i) {
                result.push_back(matrix[rowEnd][i]);
            }
        }
        rowEnd--;
        if (colStart <= colEnd) {
            for (int i = rowEnd; i >= rowStart; --i) {
                result.push_back(matrix[i][colStart]);
            }
        }
        colStart++;
    }
    return result;
}","The algorithm iterates over the matrix in a spiral order. Initialize the indices to keep track of the matrix boundaries. The algorithm goes from left to right, from top to bottom, from right to left, and then from bottom to top. With each iteration, update the matrix boundaries. The process continues until the row and column boundaries cross each other.","def spiralOrder(matrix):
    result = []
    if not matrix: return result
    m, n = len(matrix), len(matrix[0])
    rowStart, colStart, rowEnd, colEnd = 0, 0, m - 1, n - 1

    while rowStart <= rowEnd and colStart <= colEnd:
        for i in range(colStart, colEnd + 1): 
            result.append(matrix[rowStart][i])
        rowStart += 1
        
        for i in range(rowStart, rowEnd + 1): 
            result.append(matrix[i][colEnd]) 
        colEnd -= 1
        
        if rowStart <= rowEnd:
            for i in range(colEnd, colStart - 1, -1): 
                result.append(matrix[rowEnd][i]) 
        rowEnd -= 1
        
        if colStart <= colEnd:
            for i in range(rowEnd, rowStart - 1, -1): 
                result.append(matrix[i][colStart]) 
        colStart += 1
        
    return result","The algorithm iterates over the matrix in a spiral order. Initialize the indices to keep track of the matrix boundaries. The algorithm goes from left to right, from top to bottom, from right to left, and then from bottom to top. With each iteration, update the matrix boundaries. The process continues until the row and column boundaries cross each other.","function spiralOrder(matrix) {
    const result = [];
    if (!matrix.length) return result;
    let m = matrix.length, n = matrix[0].length;
    let rowStart = 0, colStart = 0, rowEnd = m - 1, colEnd = n - 1;

    while (rowStart <= rowEnd && colStart <= colEnd) {
        for (let i = colStart; i <= colEnd; i++) {
            result.push(matrix[rowStart][i]);
        }
        rowStart++;
        for (let i = rowStart; i <= rowEnd; i++) {
            result.push(matrix[i][colEnd]);
        }
        colEnd--;
        if (rowStart <= rowEnd) {
            for (let i = colEnd; i >= colStart; i--) {
                result.push(matrix[rowEnd][i]);
            }
        }
        rowEnd--;
        if (colStart <= colEnd) {
            for (let i = rowEnd; i >= rowStart; i--) {
                result.push(matrix[i][colStart]);
            }
        }
        colStart++;
    }
    return result;
}","The algorithm iterates over the matrix in a spiral order. Initialize the indices to keep track of the matrix boundaries. The algorithm goes from left to right, from top to bottom, from right to left, and then from bottom to top. With each iteration, update the matrix boundaries. The process continues until the row and column boundaries cross each other.","```python
def spiralOrder(matrix):
    result = []
    if not matrix:
        return result
    m = len(matrix)
    n = len(matrix[0])
    rowStart = 0
    colStart = 0
    rowEnd = m - 1
    colEnd = n - 1

    while rowStart <= rowEnd and colStart <= colEnd:
        for i in range(colStart, colEnd + 1):
            result.append(matrix[rowStart][i])
        rowStart += 1
        for i in range(rowStart, rowEnd + 1):
            result.append(matrix[i][colEnd])
        colEnd -= 1
        if rowStart <= rowEnd:
            for i in range(colEnd, colStart - 1, -1):
                result.append(matrix[rowEnd][i])
        rowEnd -= 1
        if colStart <= colEnd:
            for i in range(rowEnd, rowStart - 1, -1):
                result.append(matrix[i][colStart])
        colStart += 1
    return result
```","def spiralOrder(matrix):
    result = []
    if not matrix:
        return result
    m = len(matrix)
    n = len(matrix[0])
    rowStart = 0
    colStart = 0
    rowEnd = m - 1
    colEnd = n - 1

    while rowStart <= rowEnd and colStart <= colEnd:
        for i in range(colStart, colEnd + 1):
            result.append(matrix[rowStart][i])
        rowStart += 1
        for i in range(rowStart, rowEnd + 1):
            result.append(matrix[i][colEnd])
        colEnd -= 1
        if rowStart <= rowEnd:
            for i in range(colEnd, colStart - 1, -1):
                result.append(matrix[rowEnd][i])
        rowEnd -= 1
        if colStart <= colEnd:
            for i in range(rowEnd, rowStart - 1, -1):
                result.append(matrix[i][colStart])
        colStart += 1
    return result","Here is the equivalent Python code:

```python
def spiralOrder(matrix):
    result = []
    if not matrix or len(matrix) == 0:
        return result
    m, n = len(matrix), len(matrix[0])
    rowStart, colStart, rowEnd, colEnd = 0, 0, m - 1, n - 1

    while rowStart <= rowEnd and colStart <= colEnd:
        for i in range(colStart, colEnd + 1):
            result.append(matrix[rowStart][i])
        rowStart += 1
        for i in range(rowStart, rowEnd + 1):
            result.append(matrix[i][colEnd])
        colEnd -= 1
        if rowStart <= rowEnd:
            for i in range(colEnd, colStart - 1, -1):
                result.append(matrix[rowEnd][i])
        rowEnd -= 1
        if colStart <= colEnd:
            for i in range(rowEnd, rowStart - 1, -1):
                result.append(matrix[i][colStart])
        colStart += 1
    return result
```","```python
def spiralOrder(matrix):
    result = []
    if not matrix:
        return result
    m = len(matrix)
    n = len(matrix[0])
    rowStart = 0
    colStart = 0
    rowEnd = m - 1
    colEnd = n - 1

    while rowStart <= rowEnd and colStart <= colEnd:
        for i in range(colStart, colEnd + 1):
            result.append(matrix[rowStart][i])
        rowStart += 1
        for i in range(rowStart, rowEnd + 1):
            result.append(matrix[i][colEnd])
        colEnd -= 1
        if rowStart <= rowEnd:
            for i in range(colEnd, colStart - 1, -1):
                result.append(matrix[rowEnd][i])
        rowEnd -= 1
        if colStart <= colEnd:
            for i in range(rowEnd, rowStart - 1, -1):
                result.append(matrix[i][colStart])
        colStart += 1
    return result
```","def spiralOrder(matrix):
    result = []
    if not matrix or len(matrix) == 0:
        return result
    m, n = len(matrix), len(matrix[0])
    rowStart, colStart, rowEnd, colEnd = 0, 0, m - 1, n - 1

    while rowStart <= rowEnd and colStart <= colEnd:
        for i in range(colStart, colEnd + 1):
            result.append(matrix[rowStart][i])
        rowStart += 1
        for i in range(rowStart, rowEnd + 1):
            result.append(matrix[i][colEnd])
        colEnd -= 1
        if rowStart <= rowEnd:
            for i in range(colEnd, colStart - 1, -1):
                result.append(matrix[rowEnd][i])
        rowEnd -= 1
        if colStart <= colEnd:
            for i in range(rowEnd, rowStart - 1, -1):
                result.append(matrix[i][colStart])
        colStart += 1
    return result","def spiralOrder(matrix):
    result = []
    if not matrix:
        return result
    m = len(matrix)
    n = len(matrix[0])
    rowStart = 0
    colStart = 0
    rowEnd = m - 1
    colEnd = n - 1

    while rowStart <= rowEnd and colStart <= colEnd:
        for i in range(colStart, colEnd + 1):
            result.append(matrix[rowStart][i])
        rowStart += 1
        for i in range(rowStart, rowEnd + 1):
            result.append(matrix[i][colEnd])
        colEnd -= 1
        if rowStart <= rowEnd:
            for i in range(colEnd, colStart - 1, -1):
                result.append(matrix[rowEnd][i])
        rowEnd -= 1
        if colStart <= colEnd:
            for i in range(rowEnd, rowStart - 1, -1):
                result.append(matrix[i][colStart])
        colStart += 1
    return result"
54,55,jump-game,Jump Game,Medium,"You are given an integer array `nums`. You are initially positioned at the array's **first index**, and each element in the array represents your maximum jump length at that position.

Return `true` _if you can reach the last index, or_ `false` _otherwise_.

**Example 1:**

**Input:** nums = \[2,3,1,1,4\]
**Output:** true
**Explanation:** Jump 1 step from index 0 to 1, then 3 steps to the last index.

**Example 2:**

**Input:** nums = \[3,2,1,0,4\]
**Output:** false
**Explanation:** You will always arrive at index 3 no matter what. Its maximum jump length is 0, which makes it impossible to reach the last index.

**Constraints:**

*   `1 <= nums.length <= 104`
*   `0 <= nums[i] <= 105`","public boolean canJump(int[] nums) {
    int maxReach = 0;
    for (int i = 0; i < nums.length; ++i) {
        if (i > maxReach) return false;
        maxReach = Math.max(maxReach, i + nums[i]);
    }
    return true;
}","The algorithm iterates through the `nums` array, keeping track of the maximum reachable index in `maxReach`. In each iteration, it compares the current index `i` with `maxReach`. If `i` is greater than `maxReach`, it means that the last index cannot be reached. Otherwise, it updates the `maxReach` by taking the maximum value between the current `maxReach` and the sum of the current index `i` and the value of `nums[i]`. If the end of iteration is reached, it means that the last index can be reached, so the function returns true.","bool canJump(vector<int>& nums) {
    int maxReach = 0;
    for (int i = 0; i < nums.size(); ++i) {
        if (i > maxReach) return false;
        maxReach = max(maxReach, i + nums[i]);
    }
    return true;
}","The algorithm iterates through the `nums` array, keeping track of the maximum reachable index in `maxReach`. In each iteration, it compares the current index `i` with `maxReach`. If `i` is greater than `maxReach`, it means that the last index cannot be reached. Otherwise, it updates the `maxReach` by taking the maximum value between the current `maxReach` and the sum of the current index `i` and the value of `nums[i]`. If the end of iteration is reached, it means that the last index can be reached, so the function returns true.","def canJump(nums):
    max_reach = 0
    for i, num in enumerate(nums):
        if i > max_reach:
            return False
        max_reach = max(max_reach, i + num)
    return True","The algorithm iterates through the `nums` array, keeping track of the maximum reachable index in `maxReach`. In each iteration, it compares the current index `i` with `maxReach`. If `i` is greater than `maxReach`, it means that the last index cannot be reached. Otherwise, it updates the `maxReach` by taking the maximum value between the current `maxReach` and the sum of the current index `i` and the value of `nums[i]`. If the end of iteration is reached, it means that the last index can be reached, so the function returns true.","function canJump(nums) {
    let maxReach = 0;
    for (let i = 0; i < nums.length; ++i) {
        if (i > maxReach) return false;
        maxReach = Math.max(maxReach, i + nums[i]);
    }
    return true;
}","The algorithm iterates through the `nums` array, keeping track of the maximum reachable index in `maxReach`. In each iteration, it compares the current index `i` with `maxReach`. If `i` is greater than `maxReach`, it means that the last index cannot be reached. Otherwise, it updates the `maxReach` by taking the maximum value between the current `maxReach` and the sum of the current index `i` and the value of `nums[i]`. If the end of iteration is reached, it means that the last index can be reached, so the function returns true.","def can_jump(nums):
    max_reach = 0
    for i in range(len(nums)):
        if i > max_reach:
            return False
        max_reach = max(max_reach, i + nums[i])
    return True","def can_jump(nums):
    max_reach = 0
    for i in range(len(nums)):
        if i > max_reach:
            return False
        max_reach = max(max_reach, i + nums[i])
    return True","def canJump(nums):
    maxReach = 0
    for i in range(len(nums)):
        if i > maxReach:
            return False
        maxReach = max(maxReach, i + nums[i])
    return True","def canJump(nums):
    maxReach = 0
    for i in range(len(nums)):
        if i > maxReach:
            return False
        maxReach = max(maxReach, i + nums[i])
    return True","def canJump(nums):
    maxReach = 0
    for i in range(len(nums)):
        if i > maxReach:
            return False
        maxReach = max(maxReach, i + nums[i])
    return True","def canJump(nums):
    maxReach = 0
    for i in range(len(nums)):
        if i > maxReach:
            return False
        maxReach = max(maxReach, i + nums[i])
    return True"
55,56,merge-intervals,Merge Intervals,Medium,"Given an array of `intervals` where `intervals[i] = [starti, endi]`, merge all overlapping intervals, and return _an array of the non-overlapping intervals that cover all the intervals in the input_.

**Example 1:**

**Input:** intervals = \[\[1,3\],\[2,6\],\[8,10\],\[15,18\]\]
**Output:** \[\[1,6\],\[8,10\],\[15,18\]\]
**Explanation:** Since intervals \[1,3\] and \[2,6\] overlap, merge them into \[1,6\].

**Example 2:**

**Input:** intervals = \[\[1,4\],\[4,5\]\]
**Output:** \[\[1,5\]\]
**Explanation:** Intervals \[1,4\] and \[4,5\] are considered overlapping.

**Constraints:**

*   `1 <= intervals.length <= 104`
*   `intervals[i].length == 2`
*   `0 <= starti <= endi <= 104`","import java.util.ArrayList;
import java.util.Arrays;
import java.util.List;

public List<int[]> merge(int[][] intervals) {
    if (intervals.length == 0) return new ArrayList<>();

    Arrays.sort(intervals, (a, b) -> Integer.compare(a[0], b[0]));
    List<int[]> result = new ArrayList<>();
    result.add(intervals[0]);

    for (int i = 1; i < intervals.length; i++) {
        if (result.get(result.size() - 1)[1] >= intervals[i][0]) {
            result.get(result.size() - 1)[1] = Math.max(result.get(result.size() - 1)[1], intervals[i][1]);
        } else {
            result.add(intervals[i]);
        }
    }

    return result;
}","The algorithm first sorts the intervals based on their start time. Then, it initializes an empty list `result` to store the merged intervals, and adds the first interval to `result`. Next, it iterates through the remaining intervals, comparing the end time of the last interval in `result` to the start time of the current interval. If they overlap (i.e., the end time of the last interval in `result` is greater than or equal to the start time of the current interval), then the end time of the last interval in `result` is updated to the maximum of its own end time and the end time of the current interval. Otherwise, the current interval is added to `result`. The process continues until all intervals have been processed, and `result` contains the merged, non-overlapping intervals covering the input intervals.","#include <vector>
#include <algorithm>

std::vector<std::vector<int>> merge(std::vector<std::vector<int>>& intervals) {
    if (intervals.empty()) return {};

    std::sort(intervals.begin(), intervals.end());
    std::vector<std::vector<int>> result;
    result.push_back(intervals[0]);

    for (int i = 1; i < intervals.size(); i++) {
        if (result.back()[1] >= intervals[i][0]) {
            result.back()[1] = std::max(result.back()[1], intervals[i][1]);
        } else {
            result.push_back(intervals[i]);
        }
    }

    return result;
}","The algorithm first sorts the intervals based on their start time. Then, it initializes an empty list `result` to store the merged intervals, and adds the first interval to `result`. Next, it iterates through the remaining intervals, comparing the end time of the last interval in `result` to the start time of the current interval. If they overlap (i.e., the end time of the last interval in `result` is greater than or equal to the start time of the current interval), then the end time of the last interval in `result` is updated to the maximum of its own end time and the end time of the current interval. Otherwise, the current interval is added to `result`. The process continues until all intervals have been processed, and `result` contains the merged, non-overlapping intervals covering the input intervals.","def merge(intervals):
    if not intervals:
        return []

    intervals.sort()
    result = [intervals[0]]

    for i in range(1, len(intervals)):
        if result[-1][1] >= intervals[i][0]:
            result[-1][1] = max(result[-1][1], intervals[i][1])
        else:
            result.append(intervals[i])

    return result","The algorithm first sorts the intervals based on their start time. Then, it initializes an empty list `result` to store the merged intervals, and adds the first interval to `result`. Next, it iterates through the remaining intervals, comparing the end time of the last interval in `result` to the start time of the current interval. If they overlap (i.e., the end time of the last interval in `result` is greater than or equal to the start time of the current interval), then the end time of the last interval in `result` is updated to the maximum of its own end time and the end time of the current interval. Otherwise, the current interval is added to `result`. The process continues until all intervals have been processed, and `result` contains the merged, non-overlapping intervals covering the input intervals.","function merge(intervals) {
    if (intervals.length === 0) return [];

    intervals.sort((a, b) => a[0] - b[0]);
    const result = [intervals[0]];

    for (let i = 1; i < intervals.length; i++) {
        if (result[result.length - 1][1] >= intervals[i][0]) {
            result[result.length - 1][1] = Math.max(result[result.length - 1][1], intervals[i][1]);
        } else {
            result.push(intervals[i]);
        }
    }

    return result;
}","The algorithm first sorts the intervals based on their start time. Then, it initializes an empty list `result` to store the merged intervals, and adds the first interval to `result`. Next, it iterates through the remaining intervals, comparing the end time of the last interval in `result` to the start time of the current interval. If they overlap (i.e., the end time of the last interval in `result` is greater than or equal to the start time of the current interval), then the end time of the last interval in `result` is updated to the maximum of its own end time and the end time of the current interval. Otherwise, the current interval is added to `result`. The process continues until all intervals have been processed, and `result` contains the merged, non-overlapping intervals covering the input intervals.","```python
def merge(intervals):
    if len(intervals) == 0:
        return []

    intervals.sort(key=lambda x: x[0])
    result = [intervals[0]]

    for i in range(1, len(intervals)):
        if result[-1][1] >= intervals[i][0]:
            result[-1][1] = max(result[-1][1], intervals[i][1])
        else:
            result.append(intervals[i])

    return result
```","def merge(intervals):
    if len(intervals) == 0:
        return []

    intervals.sort(key=lambda x: x[0])
    result = [intervals[0]]

    for i in range(1, len(intervals)):
        if result[-1][1] >= intervals[i][0]:
            result[-1][1] = max(result[-1][1], intervals[i][1])
        else:
            result.append(intervals[i])

    return result","```python
def merge(intervals):
    if len(intervals) == 0:
        return []

    intervals.sort(key=lambda x: x[0])
    result = [intervals[0]]

    for i in range(1, len(intervals)):
        if result[-1][1] >= intervals[i][0]:
            result[-1][1] = max(result[-1][1], intervals[i][1])
        else:
            result.append(intervals[i])

    return result
```","```python
def merge(intervals):
    if not intervals:
        return []

    intervals.sort()
    result = [intervals[0]]

    for i in range(1, len(intervals)):
        if result[-1][1] >= intervals[i][0]:
            result[-1][1] = max(result[-1][1], intervals[i][1])
        else:
            result.append(intervals[i])

    return result
```","def merge(intervals):
    if len(intervals) == 0:
        return []

    intervals.sort(key=lambda x: x[0])
    result = [intervals[0]]

    for i in range(1, len(intervals)):
        if result[-1][1] >= intervals[i][0]:
            result[-1][1] = max(result[-1][1], intervals[i][1])
        else:
            result.append(intervals[i])

    return result","def merge(intervals):
    if not intervals:
        return []

    intervals.sort()
    result = [intervals[0]]

    for i in range(1, len(intervals)):
        if result[-1][1] >= intervals[i][0]:
            result[-1][1] = max(result[-1][1], intervals[i][1])
        else:
            result.append(intervals[i])

    return result"
56,57,insert-interval,Insert Interval,Medium,"You are given an array of non-overlapping intervals `intervals` where `intervals[i] = [starti, endi]` represent the start and the end of the `ith` interval and `intervals` is sorted in ascending order by `starti`. You are also given an interval `newInterval = [start, end]` that represents the start and end of another interval.

Insert `newInterval` into `intervals` such that `intervals` is still sorted in ascending order by `starti` and `intervals` still does not have any overlapping intervals (merge overlapping intervals if necessary).

Return `intervals` _after the insertion_.

**Example 1:**

**Input:** intervals = \[\[1,3\],\[6,9\]\], newInterval = \[2,5\]
**Output:** \[\[1,5\],\[6,9\]\]

**Example 2:**

**Input:** intervals = \[\[1,2\],\[3,5\],\[6,7\],\[8,10\],\[12,16\]\], newInterval = \[4,8\]
**Output:** \[\[1,2\],\[3,10\],\[12,16\]\]
**Explanation:** Because the new interval \[4,8\] overlaps with \[3,5\],\[6,7\],\[8,10\].

**Constraints:**

*   `0 <= intervals.length <= 104`
*   `intervals[i].length == 2`
*   `0 <= starti <= endi <= 105`
*   `intervals` is sorted by `starti` in **ascending** order.
*   `newInterval.length == 2`
*   `0 <= start <= end <= 105`","import java.util.ArrayList;
import java.util.List;

public List<int[]> insert(int[][] intervals, int[] newInterval) {
    List<int[]> result = new ArrayList<>();
    int start_pos = 0;

    while (start_pos < intervals.length && intervals[start_pos][1] < newInterval[0]) {
        result.add(intervals[start_pos]);
        start_pos++;
    }

    while (start_pos < intervals.length && intervals[start_pos][0] <= newInterval[1]) {
        newInterval[0] = Math.min(newInterval[0], intervals[start_pos][0]);
        newInterval[1] = Math.max(newInterval[1], intervals[start_pos][1]);
        start_pos++;
    }

    result.add(newInterval);

    while (start_pos < intervals.length) {
        result.add(intervals[start_pos]);
        start_pos++;
    }

    return result;
}","The algorithm to merge the new interval starts by exploring the non-overlapping intervals before the new one as we are given a sorted list of intervals. We add the explored intervals that came before to the result. After that, we continue exploring intervals that overlap with the new interval and continuously merging them. We update the new interval's starting and ending points according to the merging process until no overlapping intervals remain. We add the merged interval to the result list, and finally, we add the rest of the original intervals present after the new interval. The result will be a merged list of intervals.","#include <vector>
using namespace std;

vector<vector<int>> insert(vector<vector<int>>& intervals, vector<int>& newInterval) {
    vector<vector<int>> result;
    int start_pos = 0;

    while (start_pos < intervals.size() && intervals[start_pos][1] < newInterval[0]) {
        result.push_back(intervals[start_pos]);
        start_pos++;
    }

    while (start_pos < intervals.size() && intervals[start_pos][0] <= newInterval[1]) {
        newInterval[0] = min(newInterval[0], intervals[start_pos][0]);
        newInterval[1] = max(newInterval[1], intervals[start_pos][1]);
        start_pos++;
    }

    result.push_back(newInterval);

    while (start_pos < intervals.size()) {
        result.push_back(intervals[start_pos]);
        start_pos++;
    }

    return result;
}","The algorithm to merge the new interval starts by exploring the non-overlapping intervals before the new one as we are given a sorted list of intervals. We add the explored intervals that came before to the result. After that, we continue exploring intervals that overlap with the new interval and continuously merging them. We update the new interval's starting and ending points according to the merging process until no overlapping intervals remain. We add the merged interval to the result list, and finally, we add the rest of the original intervals present after the new interval. The result will be a merged list of intervals.","from typing import List

def insert(intervals: List[List[int]], newInterval: List[int]) -> List[List[int]]:
    result = []
    start_pos = 0

    while start_pos < len(intervals) and intervals[start_pos][1] < newInterval[0]:
        result.append(intervals[start_pos])
        start_pos += 1

    while start_pos < len(intervals) and intervals[start_pos][0] <= newInterval[1]:
        newInterval[0] = min(newInterval[0], intervals[start_pos][0])
        newInterval[1] = max(newInterval[1], intervals[start_pos][1])
        start_pos += 1

    result.append(newInterval)

    while start_pos < len(intervals):
        result.append(intervals[start_pos])
        start_pos += 1

    return result","The algorithm to merge the new interval starts by exploring the non-overlapping intervals before the new one as we are given a sorted list of intervals. We add the explored intervals that came before to the result. After that, we continue exploring intervals that overlap with the new interval and continuously merging them. We update the new interval's starting and ending points according to the merging process until no overlapping intervals remain. We add the merged interval to the result list, and finally, we add the rest of the original intervals present after the new interval. The result will be a merged list of intervals.","function insert(intervals, newInterval) {
    const result = [];
    let start_pos = 0;

    while (start_pos < intervals.length && intervals[start_pos][1] < newInterval[0]) {
        result.push(intervals[start_pos]);
        start_pos++;
    }

    while (start_pos < intervals.length && intervals[start_pos][0] <= newInterval[1]) {
        newInterval[0] = Math.min(newInterval[0], intervals[start_pos][0]);
        newInterval[1] = Math.max(newInterval[1], intervals[start_pos][1]);
        start_pos++;
    }

    result.push(newInterval);

    while (start_pos < intervals.length) {
        result.push(intervals[start_pos]);
        start_pos++;
    }

    return result;
}","The algorithm to merge the new interval starts by exploring the non-overlapping intervals before the new one as we are given a sorted list of intervals. We add the explored intervals that came before to the result. After that, we continue exploring intervals that overlap with the new interval and continuously merging them. We update the new interval's starting and ending points according to the merging process until no overlapping intervals remain. We add the merged interval to the result list, and finally, we add the rest of the original intervals present after the new interval. The result will be a merged list of intervals.","```python
def insert(intervals, newInterval):
    result = []
    start_pos = 0

    while start_pos < len(intervals) and intervals[start_pos][1] < newInterval[0]:
        result.append(intervals[start_pos])
        start_pos += 1

    while start_pos < len(intervals) and intervals[start_pos][0] <= newInterval[1]:
        newInterval[0] = min(newInterval[0], intervals[start_pos][0])
        newInterval[1] = max(newInterval[1], intervals[start_pos][1])
        start_pos += 1

    result.append(newInterval)

    while start_pos < len(intervals):
        result.append(intervals[start_pos])
        start_pos += 1

    return result
```","def insert(intervals, newInterval):
    result = []
    start_pos = 0

    while start_pos < len(intervals) and intervals[start_pos][1] < newInterval[0]:
        result.append(intervals[start_pos])
        start_pos += 1

    while start_pos < len(intervals) and intervals[start_pos][0] <= newInterval[1]:
        newInterval[0] = min(newInterval[0], intervals[start_pos][0])
        newInterval[1] = max(newInterval[1], intervals[start_pos][1])
        start_pos += 1

    result.append(newInterval)

    while start_pos < len(intervals):
        result.append(intervals[start_pos])
        start_pos += 1

    return result","```python
def insert(intervals, newInterval):
    result = []
    start_pos = 0

    while start_pos < len(intervals) and intervals[start_pos][1] < newInterval[0]:
        result.append(intervals[start_pos])
        start_pos += 1

    while start_pos < len(intervals) and intervals[start_pos][0] <= newInterval[1]:
        newInterval[0] = min(newInterval[0], intervals[start_pos][0])
        newInterval[1] = max(newInterval[1], intervals[start_pos][1])
        start_pos += 1

    result.append(newInterval)

    while start_pos < len(intervals):
        result.append(intervals[start_pos])
        start_pos += 1

    return result
```","```python
def insert(intervals, newInterval):
    result = []
    start_pos = 0

    while start_pos < len(intervals) and intervals[start_pos][1] < newInterval[0]:
        result.append(intervals[start_pos])
        start_pos += 1

    while start_pos < len(intervals) and intervals[start_pos][0] <= newInterval[1]:
        newInterval[0] = min(newInterval[0], intervals[start_pos][0])
        newInterval[1] = max(newInterval[1], intervals[start_pos][1])
        start_pos += 1

    result.append(newInterval)

    while start_pos < len(intervals):
        result.append(intervals[start_pos])
        start_pos += 1

    return result
```","def insert(intervals, newInterval):
    result = []
    start_pos = 0

    while start_pos < len(intervals) and intervals[start_pos][1] < newInterval[0]:
        result.append(intervals[start_pos])
        start_pos += 1

    while start_pos < len(intervals) and intervals[start_pos][0] <= newInterval[1]:
        newInterval[0] = min(newInterval[0], intervals[start_pos][0])
        newInterval[1] = max(newInterval[1], intervals[start_pos][1])
        start_pos += 1

    result.append(newInterval)

    while start_pos < len(intervals):
        result.append(intervals[start_pos])
        start_pos += 1

    return result","def insert(intervals, newInterval):
    result = []
    start_pos = 0

    while start_pos < len(intervals) and intervals[start_pos][1] < newInterval[0]:
        result.append(intervals[start_pos])
        start_pos += 1

    while start_pos < len(intervals) and intervals[start_pos][0] <= newInterval[1]:
        newInterval[0] = min(newInterval[0], intervals[start_pos][0])
        newInterval[1] = max(newInterval[1], intervals[start_pos][1])
        start_pos += 1

    result.append(newInterval)

    while start_pos < len(intervals):
        result.append(intervals[start_pos])
        start_pos += 1

    return result"
57,58,length-of-last-word,Length of Last Word,Easy,"Given a string `s` consisting of words and spaces, return _the length of the **last** word in the string._

A **word** is a maximal substring consisting of non-space characters only.

**Example 1:**

**Input:** s =  ""Hello World ""
**Output:** 5
**Explanation:** The last word is  ""World "" with length 5.

**Example 2:**

**Input:** s =  ""   fly me   to   the moon   ""
**Output:** 4
**Explanation:** The last word is  ""moon "" with length 4.

**Example 3:**

**Input:** s =  ""luffy is still joyboy ""
**Output:** 6
**Explanation:** The last word is  ""joyboy "" with length 6.

**Constraints:**

*   `1 <= s.length <= 104`
*   `s` consists of only English letters and spaces `' '`.
*   There will be at least one word in `s`.","public int lengthOfLastWord(String s) {
    int length = 0;
    int tail = s.length() - 1;
    while (tail >= 0 && s.charAt(tail) == ' ') tail--;
    while (tail >= 0 && s.charAt(tail) != ' ') {
        length++;
        tail--;
    }
    return length;
}","The algorithm for finding the length of the last word in a string containing multiple words separated by spaces is as follows:

1. Initialize variables for the length of the last word and the tail (i.e., the end) of the input string.
2. Traverse the string in reverse order to find the start of the last word by checking if a character is a space. Skip all spaces found.
3. Continue traversing the string in reverse order and record the length of the last word until a space is encountered or the start of the string is reached.
4. Return the length of the last word.

This algorithm is implemented in each of the given programming languages (C++, Java, Python, and JavaScript) with the appropriate syntax and variable initialization. The functions are named `lengthOfLastWord` for C++, Java, and JavaScript, and `length_of_last_word` for Python.","int lengthOfLastWord(string s) {
    int length = 0;
    int tail = s.length() - 1;
    while (tail >= 0 && s[tail] == ' ') tail--;
    while (tail >= 0 && s[tail] != ' ') {
        length++;
        tail--;
    }
    return length;
}","The algorithm for finding the length of the last word in a string containing multiple words separated by spaces is as follows:

1. Initialize variables for the length of the last word and the tail (i.e., the end) of the input string.
2. Traverse the string in reverse order to find the start of the last word by checking if a character is a space. Skip all spaces found.
3. Continue traversing the string in reverse order and record the length of the last word until a space is encountered or the start of the string is reached.
4. Return the length of the last word.

This algorithm is implemented in each of the given programming languages (C++, Java, Python, and JavaScript) with the appropriate syntax and variable initialization. The functions are named `lengthOfLastWord` for C++, Java, and JavaScript, and `length_of_last_word` for Python.","def length_of_last_word(s: str) -> int:
    length = 0
    tail = len(s) - 1
    while tail >= 0 and s[tail] == ' ':
        tail -= 1
    while tail >= 0 and s[tail] != ' ':
        length += 1
        tail -= 1
    return length","The algorithm for finding the length of the last word in a string containing multiple words separated by spaces is as follows:

1. Initialize variables for the length of the last word and the tail (i.e., the end) of the input string.
2. Traverse the string in reverse order to find the start of the last word by checking if a character is a space. Skip all spaces found.
3. Continue traversing the string in reverse order and record the length of the last word until a space is encountered or the start of the string is reached.
4. Return the length of the last word.

This algorithm is implemented in each of the given programming languages (C++, Java, Python, and JavaScript) with the appropriate syntax and variable initialization. The functions are named `lengthOfLastWord` for C++, Java, and JavaScript, and `length_of_last_word` for Python.","function lengthOfLastWord(s) {
    let length = 0;
    let tail = s.length - 1;
    while (tail >= 0 && s[tail] === ' ') tail--;
    while (tail >= 0 && s[tail] !== ' ') {
        length++;
        tail--;
    }
    return length;
}","The algorithm for finding the length of the last word in a string containing multiple words separated by spaces is as follows:

1. Initialize variables for the length of the last word and the tail (i.e., the end) of the input string.
2. Traverse the string in reverse order to find the start of the last word by checking if a character is a space. Skip all spaces found.
3. Continue traversing the string in reverse order and record the length of the last word until a space is encountered or the start of the string is reached.
4. Return the length of the last word.

This algorithm is implemented in each of the given programming languages (C++, Java, Python, and JavaScript) with the appropriate syntax and variable initialization. The functions are named `lengthOfLastWord` for C++, Java, and JavaScript, and `length_of_last_word` for Python.","def length_of_last_word(s):
    length = 0
    tail = len(s) - 1
    while tail >= 0 and s[tail] == ' ':
        tail -= 1
    while tail >= 0 and s[tail] != ' ':
        length += 1
        tail -= 1
    return length","def length_of_last_word(s):
    length = 0
    tail = len(s) - 1
    while tail >= 0 and s[tail] == ' ':
        tail -= 1
    while tail >= 0 and s[tail] != ' ':
        length += 1
        tail -= 1
    return length","```python
def lengthOfLastWord(s):
    length = 0
    tail = len(s) - 1
    while tail >= 0 and s[tail] == ' ':
        tail -= 1
    while tail >= 0 and s[tail] != ' ':
        length += 1
        tail -= 1
    return length
```","Here is the equivalent code in Python:

```python
def lengthOfLastWord(s):
    length = 0
    tail = len(s) - 1
    while tail >= 0 and s[tail] == ' ':
        tail -= 1
    while tail >= 0 and s[tail] != ' ':
        length += 1
        tail -= 1
    return length
```","def lengthOfLastWord(s):
    length = 0
    tail = len(s) - 1
    while tail >= 0 and s[tail] == ' ':
        tail -= 1
    while tail >= 0 and s[tail] != ' ':
        length += 1
        tail -= 1
    return length","def lengthOfLastWord(s):
    length = 0
    tail = len(s) - 1
    while tail >= 0 and s[tail] == ' ':
        tail -= 1
    while tail >= 0 and s[tail] != ' ':
        length += 1
        tail -= 1
    return length"
65,66,plus-one,Plus One,Easy,"You are given a **large integer** represented as an integer array `digits`, where each `digits[i]` is the `ith` digit of the integer. The digits are ordered from most significant to least significant in left-to-right order. The large integer does not contain any leading `0`'s.

Increment the large integer by one and return _the resulting array of digits_.

**Example 1:**

**Input:** digits = \[1,2,3\]
**Output:** \[1,2,4\]
**Explanation:** The array represents the integer 123.
Incrementing by one gives 123 + 1 = 124.
Thus, the result should be \[1,2,4\].

**Example 2:**

**Input:** digits = \[4,3,2,1\]
**Output:** \[4,3,2,2\]
**Explanation:** The array represents the integer 4321.
Incrementing by one gives 4321 + 1 = 4322.
Thus, the result should be \[4,3,2,2\].

**Example 3:**

**Input:** digits = \[9\]
**Output:** \[1,0\]
**Explanation:** The array represents the integer 9.
Incrementing by one gives 9 + 1 = 10.
Thus, the result should be \[1,0\].

**Constraints:**

*   `1 <= digits.length <= 100`
*   `0 <= digits[i] <= 9`
*   `digits` does not contain any leading `0`'s.","public int[] plusOne(int[] digits) {
    int n = digits.length;

    for(int i = n - 1; i >= 0; i--) {
        if(digits[i] < 9) {
            digits[i]++;
            return digits;
        }
        digits[i] = 0;
    }

    int[] newDigits = new int[n + 1];
    newDigits[0] = 1;
    return newDigits;
}","We start by iterating through the array from the least significant digit (rightmost) to the most significant digit (leftmost). In each iteration, we check whether the digit is less than 9. If the digit is less than 9, increment it and return the incremented array. If the digit is 9, we set it to 0 and continue the loop to the next most significant digit.

After the loop, if we haven't found any digit less than 9, that means we have a number like 9999...9 which needs to be incremented to 10000...0. So we add a 1 at the beginning of the array (the most significant digit). Finally, we return the incremented array.","#include <vector>

std::vector<int> plusOne(std::vector<int>& digits) {
    int n = digits.size();

    for(int i = n - 1; i >= 0; i--) {
        if(digits[i] < 9) {
            digits[i]++;
            return digits;
        }
        digits[i] = 0;
    }

    digits.insert(digits.begin(), 1);
    return digits;
}","We start by iterating through the array from the least significant digit (rightmost) to the most significant digit (leftmost). In each iteration, we check whether the digit is less than 9. If the digit is less than 9, increment it and return the incremented array. If the digit is 9, we set it to 0 and continue the loop to the next most significant digit.

After the loop, if we haven't found any digit less than 9, that means we have a number like 9999...9 which needs to be incremented to 10000...0. So we add a 1 at the beginning of the array (the most significant digit). Finally, we return the incremented array.","def plusOne(digits: List[int]) -> List[int]:
    n = len(digits)

    for i in range(n - 1, -1, -1):
        if digits[i] < 9:
            digits[i] += 1
            return digits
        digits[i] = 0

    digits.insert(0, 1)
    return digits","We start by iterating through the array from the least significant digit (rightmost) to the most significant digit (leftmost). In each iteration, we check whether the digit is less than 9. If the digit is less than 9, increment it and return the incremented array. If the digit is 9, we set it to 0 and continue the loop to the next most significant digit.

After the loop, if we haven't found any digit less than 9, that means we have a number like 9999...9 which needs to be incremented to 10000...0. So we add a 1 at the beginning of the array (the most significant digit). Finally, we return the incremented array.","function plusOne(digits) {
    let n = digits.length;

    for(let i = n - 1; i >= 0; i--) {
        if(digits[i] < 9) {
            digits[i]++;
            return digits;
        }
        digits[i] = 0;
    }

    digits.unshift(1);
    return digits;
}","We start by iterating through the array from the least significant digit (rightmost) to the most significant digit (leftmost). In each iteration, we check whether the digit is less than 9. If the digit is less than 9, increment it and return the incremented array. If the digit is 9, we set it to 0 and continue the loop to the next most significant digit.

After the loop, if we haven't found any digit less than 9, that means we have a number like 9999...9 which needs to be incremented to 10000...0. So we add a 1 at the beginning of the array (the most significant digit). Finally, we return the incremented array.","Here is the equivalent code in Python:

```python
def plusOne(digits):
    n = len(digits)

    for i in range(n - 1, -1, -1):
        if digits[i] < 9:
            digits[i] += 1
            return digits
        digits[i] = 0

    digits.insert(0, 1)
    return digits
```","def plusOne(digits):
    n = len(digits)

    for i in range(n - 1, -1, -1):
        if digits[i] < 9:
            digits[i] += 1
            return digits
        digits[i] = 0

    digits.insert(0, 1)
    return digits","Here is the equivalent code in Python:

```python
def plusOne(digits):
    n = len(digits)

    for i in range(n - 1, -1, -1):
        if digits[i] < 9:
            digits[i] += 1
            return digits
        digits[i] = 0

    newDigits = [0] * (n + 1)
    newDigits[0] = 1
    return newDigits
```","```python
def plusOne(digits):
    n = len(digits)

    for i in range(n - 1, -1, -1):
        if digits[i] < 9:
            digits[i] += 1
            return digits
        digits[i] = 0

    digits.insert(0, 1)
    return digits
```","def plusOne(digits):
    n = len(digits)

    for i in range(n - 1, -1, -1):
        if digits[i] < 9:
            digits[i] += 1
            return digits
        digits[i] = 0

    newDigits = [0] * (n + 1)
    newDigits[0] = 1
    return newDigits","def plusOne(digits):
    n = len(digits)

    for i in range(n - 1, -1, -1):
        if digits[i] < 9:
            digits[i] += 1
            return digits
        digits[i] = 0

    digits.insert(0, 1)
    return digits"
66,67,add-binary,Add Binary,Easy,"Given two binary strings `a` and `b`, return _their sum as a binary string_.

**Example 1:**

**Input:** a = ""11"", b = ""1""
**Output:** ""100""

**Example 2:**

**Input:** a = ""1010"", b = ""1011""
**Output:** ""10101""

**Constraints:**

*   `1 <= a.length, b.length <= 104`
*   `a` and `b` consist only of `'0'` or `'1'` characters.
*   Each string does not contain leading zeros except for the zero itself.","public String addBinary(String a, String b) {
    StringBuilder result = new StringBuilder();
    int i = a.length() - 1, j = b.length() - 1, carry = 0;
    while (i >= 0 || j >= 0 || carry != 0) {
        if (i >= 0) carry += a.charAt(i--) - '0';
        if (j >= 0) carry += b.charAt(j--) - '0';
        result.insert(0, carry % 2);
        carry /= 2;
    }
    return result.toString();
}","The algorithm initializes an empty result binary string, carry, and two pointers i and j pointing to the last element of strings a and b respectively.
In each iteration:
- If i is not out of bounds, add the corresponding binary number to the carry.
- If j is not out of bounds, add the corresponding binary number to the carry.
- Append the remainder of dividing carry by 2 to the result binary string (left side).
- Update carry by dividing it by 2 (integer division).

This process continues until i and j pointers become out of bounds and there is no carry left.

Finally, return the result binary string.","std::string addBinary(std::string a, std::string b) {
    std::string result = """";
    int i = a.size() - 1, j = b.size() - 1, carry = 0;
    while (i >= 0 || j >= 0 || carry) {
        if (i >= 0) carry += a[i--] - '0';
        if (j >= 0) carry += b[j--] - '0';
        result = char(carry % 2 + '0') + result;
        carry /= 2;
    }
    return result;
}","The algorithm initializes an empty result binary string, carry, and two pointers i and j pointing to the last element of strings a and b respectively.
In each iteration:
- If i is not out of bounds, add the corresponding binary number to the carry.
- If j is not out of bounds, add the corresponding binary number to the carry.
- Append the remainder of dividing carry by 2 to the result binary string (left side).
- Update carry by dividing it by 2 (integer division).

This process continues until i and j pointers become out of bounds and there is no carry left.

Finally, return the result binary string.","def addBinary(a: str, b: str) -> str:
    result, carry, i, j = """", 0, len(a) - 1, len(b) - 1
    while i >= 0 or j >= 0 or carry:
        if i >= 0:
            carry += int(a[i])
            i -= 1
        if j >= 0:
            carry += int(b[j])
            j -= 1
        result = str(carry % 2) + result
        carry //= 2
    return result","The algorithm initializes an empty result binary string, carry, and two pointers i and j pointing to the last element of strings a and b respectively.
In each iteration:
- If i is not out of bounds, add the corresponding binary number to the carry.
- If j is not out of bounds, add the corresponding binary number to the carry.
- Append the remainder of dividing carry by 2 to the result binary string (left side).
- Update carry by dividing it by 2 (integer division).

This process continues until i and j pointers become out of bounds and there is no carry left.

Finally, return the result binary string.","function addBinary(a, b) {
    let result = """";
    let i = a.length - 1, j = b.length - 1, carry = 0;
    while (i >= 0 || j >= 0 || carry) {
        if (i >= 0) carry += parseInt(a[i--], 10);
        if (j >= 0) carry += parseInt(b[j--], 10);
        result = (carry % 2) + result;
        carry = Math.floor(carry / 2);
    }
    return result;
}","The algorithm initializes an empty result binary string, carry, and two pointers i and j pointing to the last element of strings a and b respectively.
In each iteration:
- If i is not out of bounds, add the corresponding binary number to the carry.
- If j is not out of bounds, add the corresponding binary number to the carry.
- Append the remainder of dividing carry by 2 to the result binary string (left side).
- Update carry by dividing it by 2 (integer division).

This process continues until i and j pointers become out of bounds and there is no carry left.

Finally, return the result binary string.","```python
def addBinary(a, b):
    result = """"
    i, j, carry = len(a) - 1, len(b) - 1, 0
    while i >= 0 or j >= 0 or carry:
        if i >= 0:
            carry += int(a[i])
            i -= 1
        if j >= 0:
            carry += int(b[j])
            j -= 1
        result = str(carry % 2) + result
        carry = carry // 2
    return result
```","def addBinary(a, b):
    result = """"
    i, j, carry = len(a) - 1, len(b) - 1, 0
    while i >= 0 or j >= 0 or carry:
        if i >= 0:
            carry += int(a[i])
            i -= 1
        if j >= 0:
            carry += int(b[j])
            j -= 1
        result = str(carry % 2) + result
        carry = carry // 2
    return result","```python
def addBinary(a, b):
    result = []
    i, j, carry = len(a) - 1, len(b) - 1, 0
    while i >= 0 or j >= 0 or carry != 0:
        if i >= 0:
            carry += int(a[i])
            i -= 1
        if j >= 0:
            carry += int(b[j])
            j -= 1
        result.insert(0, str(carry % 2))
        carry //= 2
    return ''.join(result)
```","```python
def addBinary(a, b):
    result = """"
    i, j, carry = len(a) - 1, len(b) - 1, 0
    while i >= 0 or j >= 0 or carry:
        if i >= 0:
            carry += int(a[i])
            i -= 1
        if j >= 0:
            carry += int(b[j])
            j -= 1
        result = str(carry % 2) + result
        carry //= 2
    return result
```","def addBinary(a, b):
    result = []
    i, j, carry = len(a) - 1, len(b) - 1, 0
    while i >= 0 or j >= 0 or carry != 0:
        if i >= 0:
            carry += int(a[i])
            i -= 1
        if j >= 0:
            carry += int(b[j])
            j -= 1
        result.insert(0, str(carry % 2))
        carry //= 2
    return ''.join(result)","def addBinary(a, b):
    result = """"
    i, j, carry = len(a) - 1, len(b) - 1, 0
    while i >= 0 or j >= 0 or carry:
        if i >= 0:
            carry += int(a[i])
            i -= 1
        if j >= 0:
            carry += int(b[j])
            j -= 1
        result = str(carry % 2) + result
        carry //= 2
    return result"
68,69,sqrtx,Sqrt(x),Easy,"Given a non-negative integer `x`, return _the square root of_ `x` _rounded down to the nearest integer_. The returned integer should be **non-negative** as well.

You **must not use** any built-in exponent function or operator.

*   For example, do not use `pow(x, 0.5)` in c++ or `x ** 0.5` in python.

**Example 1:**

**Input:** x = 4
**Output:** 2
**Explanation:** The square root of 4 is 2, so we return 2.

**Example 2:**

**Input:** x = 8
**Output:** 2
**Explanation:** The square root of 8 is 2.82842..., and since we round it down to the nearest integer, 2 is returned.

**Constraints:**

*   `0 <= x <= 231 - 1`","public int mySqrt(int x) {
    if (x == 0 || x == 1) return x;
    int start = 1, end = x, ans = 0;
    while (start <= end) {
        int mid = (start + end) / 2;
        if (mid * mid == x) return mid;
        if (mid <= x / mid) {
            start = mid + 1;
            ans = mid;
        } else {
            end = mid - 1;
        }
    }
    return ans;
}","The algorithm uses a binary search approach to find the integer square root of the given number `x`. It starts with the smallest possible answer (1) and the largest possible answer (x), updating the ""start"" and ""end"" positions based on whether the current midpoint squared is smaller or larger than x. The integer square root of the number is found when `mid * mid == x`, or when the closest integer (under or equal to x) value has been located. The binary search approach keeps the time complexity at O(log(x)), making it an efficient solution.","int mySqrt(int x) {
    if (x == 0 || x == 1) return x;
    int start = 1, end = x, ans;
    while (start <= end) {
        int mid = (start + end) / 2;
        if (mid * mid == x) return mid;
        if (mid * mid < x) {
            start = mid + 1;
            ans = mid;
        } else {
            end = mid - 1;
        }
    }
    return ans;
}","The algorithm uses a binary search approach to find the integer square root of the given number `x`. It starts with the smallest possible answer (1) and the largest possible answer (x), updating the ""start"" and ""end"" positions based on whether the current midpoint squared is smaller or larger than x. The integer square root of the number is found when `mid * mid == x`, or when the closest integer (under or equal to x) value has been located. The binary search approach keeps the time complexity at O(log(x)), making it an efficient solution.","def mySqrt(x):
    if x == 0 or x == 1:
        return x
    start, end, ans = 1, x, 0
    while start <= end:
        mid = (start + end) // 2
        if mid * mid == x:
            return mid
        if mid * mid < x:
            start = mid + 1
            ans = mid
        else:
            end = mid - 1
    return ans","The algorithm uses a binary search approach to find the integer square root of the given number `x`. It starts with the smallest possible answer (1) and the largest possible answer (x), updating the ""start"" and ""end"" positions based on whether the current midpoint squared is smaller or larger than x. The integer square root of the number is found when `mid * mid == x`, or when the closest integer (under or equal to x) value has been located. The binary search approach keeps the time complexity at O(log(x)), making it an efficient solution.","function mySqrt(x) {
    if (x === 0 || x === 1) return x;
    let start = 1, end = x, ans;
    while (start <= end) {
        let mid = Math.floor((start + end) / 2);
        if (mid * mid === x) return mid;
        if (mid * mid < x) {
            start = mid + 1;
            ans = mid;
        } else {
            end = mid - 1;
        }
    }
    return ans;
}","The algorithm uses a binary search approach to find the integer square root of the given number `x`. It starts with the smallest possible answer (1) and the largest possible answer (x), updating the ""start"" and ""end"" positions based on whether the current midpoint squared is smaller or larger than x. The integer square root of the number is found when `mid * mid == x`, or when the closest integer (under or equal to x) value has been located. The binary search approach keeps the time complexity at O(log(x)), making it an efficient solution.","def mySqrt(x):
    if x == 0 or x == 1:
        return x
    start = 1
    end = x
    ans = None
    while start <= end:
        mid = (start + end) // 2
        if mid * mid == x:
            return mid
        if mid * mid < x:
            start = mid + 1
            ans = mid
        else:
            end = mid - 1
    return ans","def mySqrt(x):
    if x == 0 or x == 1:
        return x
    start = 1
    end = x
    ans = None
    while start <= end:
        mid = (start + end) // 2
        if mid * mid == x:
            return mid
        if mid * mid < x:
            start = mid + 1
            ans = mid
        else:
            end = mid - 1
    return ans","def mySqrt(x):
    if x == 0 or x == 1:
        return x
    start = 1
    end = x
    ans = 0
    while start <= end:
        mid = (start + end) // 2
        if mid * mid == x:
            return mid
        if mid <= x // mid:
            start = mid + 1
            ans = mid
        else:
            end = mid - 1
    return ans","Here is the equivalent code in Python:

```python
def mySqrt(x):
    if x == 0 or x == 1:
        return x
    start = 1
    end = x
    ans = None
    while start <= end:
        mid = (start + end) // 2
        if mid * mid == x:
            return mid
        if mid * mid < x:
            start = mid + 1
            ans = mid
        else:
            end = mid - 1
    return ans
```","def mySqrt(x):
    if x == 0 or x == 1:
        return x
    start = 1
    end = x
    ans = 0
    while start <= end:
        mid = (start + end) // 2
        if mid * mid == x:
            return mid
        if mid <= x // mid:
            start = mid + 1
            ans = mid
        else:
            end = mid - 1
    return ans","def mySqrt(x):
    if x == 0 or x == 1:
        return x
    start = 1
    end = x
    ans = None
    while start <= end:
        mid = (start + end) // 2
        if mid * mid == x:
            return mid
        if mid * mid < x:
            start = mid + 1
            ans = mid
        else:
            end = mid - 1
    return ans"
70,71,simplify-path,Simplify Path,Medium,"Given a string `path`, which is an **absolute path** (starting with a slash `'/'`) to a file or directory in a Unix-style file system, convert it to the simplified **canonical path**.

In a Unix-style file system, a period `'.'` refers to the current directory, a double period `'..'` refers to the directory up a level, and any multiple consecutive slashes (i.e. `'//'`) are treated as a single slash `'/'`. For this problem, any other format of periods such as `'...'` are treated as file/directory names.

The **canonical path** should have the following format:

*   The path starts with a single slash `'/'`.
*   Any two directories are separated by a single slash `'/'`.
*   The path does not end with a trailing `'/'`.
*   The path only contains the directories on the path from the root directory to the target file or directory (i.e., no period `'.'` or double period `'..'`)

Return _the simplified **canonical path**_.

**Example 1:**

**Input:** path =  ""/home/ ""
**Output:**  ""/home ""
**Explanation:** Note that there is no trailing slash after the last directory name.

**Example 2:**

**Input:** path =  ""/../ ""
**Output:**  ""/ ""
**Explanation:** Going one level up from the root directory is a no-op, as the root level is the highest level you can go.

**Example 3:**

**Input:** path =  ""/home//foo/ ""
**Output:**  ""/home/foo ""
**Explanation:** In the canonical path, multiple consecutive slashes are replaced by a single one.

**Constraints:**

*   `1 <= path.length <= 3000`
*   `path` consists of English letters, digits, period `'.'`, slash `'/'` or `'_'`.
*   `path` is a valid absolute Unix path.","import java.util.LinkedList;

public String simplifyPath(String path) {
    String[] parts = path.split(""/"");
    LinkedList<String> stack = new LinkedList<>();

    for (String part : parts) {
        if (part.isEmpty() || part.equals(""."")) continue;
        if (part.equals("".."")) {
            if (!stack.isEmpty()) stack.removeLast();
        } else {
            stack.addLast(part);
        }
    }

    StringBuilder canonicalPath = new StringBuilder();
    for (String piece : stack) {
        canonicalPath.append('/').append(piece);
    }
    return stack.isEmpty() ? ""/"" : canonicalPath.toString();
}","The algorithm uses a stack to keep track of the directory hierarchy. It starts by splitting the input string by '/', iterating over each part, and processing them according to the following rules:
1. If the part is empty or ""."", skip it.
2. If the part is "".."", pop off the top element of the stack (if it's non-empty).
3. Otherwise, push the part onto the stack.

After processing all parts, concatenate the elements in the stack separated by '/' and return the canonical path.

The implementations are very similar across the four languages, with differences stemming primarily from the syntax and conventions of each language.","#include <string>
#include <vector>
#include <sstream>

std::string simplifyPath(std::string path) {
    std::vector<std::string> stack;
    std::istringstream ss{path};
    std::string part;

    while (std::getline(ss, part, '/')) {
        if (part.empty() || part == ""."") continue;
        if (part == "".."") {
            if (!stack.empty()) stack.pop_back();
        } else {
            stack.push_back(part);
        }
    }

    std::string canonicalPath;
    for (const auto &piece : stack) {
        canonicalPath += '/' + piece;
    }
    return stack.empty() ? ""/"" : canonicalPath;
}","The algorithm uses a stack to keep track of the directory hierarchy. It starts by splitting the input string by '/', iterating over each part, and processing them according to the following rules:
1. If the part is empty or ""."", skip it.
2. If the part is "".."", pop off the top element of the stack (if it's non-empty).
3. Otherwise, push the part onto the stack.

After processing all parts, concatenate the elements in the stack separated by '/' and return the canonical path.

The implementations are very similar across the four languages, with differences stemming primarily from the syntax and conventions of each language.","def simplifyPath(path: str) -> str:
    stack = []
    parts = path.split(""/"")

    for part in parts:
        if not part or part == ""."":
            continue
        if part == "".."":
            if stack:
                stack.pop()
        else:
            stack.append(part)

    return ""/"" + ""/"".join(stack)","The algorithm uses a stack to keep track of the directory hierarchy. It starts by splitting the input string by '/', iterating over each part, and processing them according to the following rules:
1. If the part is empty or ""."", skip it.
2. If the part is "".."", pop off the top element of the stack (if it's non-empty).
3. Otherwise, push the part onto the stack.

After processing all parts, concatenate the elements in the stack separated by '/' and return the canonical path.

The implementations are very similar across the four languages, with differences stemming primarily from the syntax and conventions of each language.","function simplifyPath(path) {
    let stack = [];
    let parts = path.split(""/"");

    for (let part of parts) {
        if (!part || part === ""."") continue;
        if (part === "".."") {
            if (stack.length) stack.pop();
        } else {
            stack.push(part);
        }
    }

    return ""/"" + stack.join(""/"");
}","The algorithm uses a stack to keep track of the directory hierarchy. It starts by splitting the input string by '/', iterating over each part, and processing them according to the following rules:
1. If the part is empty or ""."", skip it.
2. If the part is "".."", pop off the top element of the stack (if it's non-empty).
3. Otherwise, push the part onto the stack.

After processing all parts, concatenate the elements in the stack separated by '/' and return the canonical path.

The implementations are very similar across the four languages, with differences stemming primarily from the syntax and conventions of each language.","def simplifyPath(path):
    stack = []
    parts = path.split(""/"")
    
    for part in parts:
        if not part or part == ""."":
            continue
        if part == "".."":
            if stack:
                stack.pop()
        else:
            stack.append(part)
    
    return ""/"" + ""/"".join(stack)","def simplifyPath(path):
    stack = []
    parts = path.split(""/"")
    
    for part in parts:
        if not part or part == ""."":
            continue
        if part == "".."":
            if stack:
                stack.pop()
        else:
            stack.append(part)
    
    return ""/"" + ""/"".join(stack)","Here is the equivalent Python code:

```python
from collections import deque

def simplifyPath(path):
    parts = path.split(""/"")
    stack = deque()

    for part in parts:
        if part == """" or part == ""."":
            continue
        if part == "".."":
            if stack:
                stack.pop()
        else:
            stack.append(part)

    canonicalPath = """"
    for piece in stack:
        canonicalPath += ""/"" + piece

    return ""/"" if not stack else canonicalPath
```","Here is the equivalent code in Python:

```python
def simplifyPath(path):
    stack = []
    parts = path.split('/')
    
    for part in parts:
        if not part or part == '.':
            continue
        if part == '..':
            if stack:
                stack.pop()
        else:
            stack.append(part)
    
    canonicalPath = '/' + '/'.join(stack)
    return '/' if not stack else canonicalPath
```","from collections import deque

def simplifyPath(path):
    parts = path.split(""/"")
    stack = deque()

    for part in parts:
        if part == """" or part == ""."":
            continue
        if part == "".."":
            if stack:
                stack.pop()
        else:
            stack.append(part)

    canonicalPath = """"
    for piece in stack:
        canonicalPath += ""/"" + piece

    return ""/"" if not stack else canonicalPath","def simplifyPath(path):
    stack = []
    parts = path.split('/')
    
    for part in parts:
        if not part or part == '.':
            continue
        if part == '..':
            if stack:
                stack.pop()
        else:
            stack.append(part)
    
    canonicalPath = '/' + '/'.join(stack)
    return '/' if not stack else canonicalPath"
72,73,set-matrix-zeroes,Set Matrix Zeroes,Medium,"Given an `m x n` integer matrix `matrix`, if an element is `0`, set its entire row and column to `0`'s.

You must do it [in place](https://en.wikipedia.org/wiki/In-place_algorithm).

**Example 1:**

**Input:** matrix = \[\[1,1,1\],\[1,0,1\],\[1,1,1\]\]
**Output:** \[\[1,0,1\],\[0,0,0\],\[1,0,1\]\]

**Example 2:**

**Input:** matrix = \[\[0,1,2,0\],\[3,4,5,2\],\[1,3,1,5\]\]
**Output:** \[\[0,0,0,0\],\[0,4,5,0\],\[0,3,1,0\]\]

**Constraints:**

*   `m == matrix.length`
*   `n == matrix[0].length`
*   `1 <= m, n <= 200`
*   `-231 <= matrix[i][j] <= 231 - 1`

**Follow up:**

*   A straightforward solution using `O(mn)` space is probably a bad idea.
*   A simple improvement uses `O(m + n)` space, but still not the best solution.
*   Could you devise a constant space solution?","public void setZeroes(int[][] matrix) {
    int rows = matrix.length;
    int cols = matrix[0].length;
    boolean firstRow = false, firstCol = false;

    for (int i = 0; i < rows; i++) {
        for (int j = 0; j < cols; j++) {
            if (matrix[i][j] == 0) {
                if (i == 0) firstRow = true;
                if (j == 0) firstCol = true;
                matrix[i][0] = 0;
                matrix[0][j] = 0;
            }
        }
    }

    for (int i = 1; i < rows; i++) {
        for (int j = 1; j < cols; j++) {
            if (matrix[i][0] == 0 || matrix[0][j] == 0)
                matrix[i][j] = 0;
        }
    }

    if (firstRow) {
        for (int j = 0; j < cols; j++)
            matrix[0][j] = 0;
    }

    if (firstCol) {
        for (int i = 0; i < rows; i++)
            matrix[i][0] = 0;
    }
}","1. Iterate over the matrix, marking the first element of the row and column for every 0 encountered.
2. Set a flag if the first row or the first column has a 0.
3. Iterate over the matrix, ignoring the first row and first column. Set the element to 0 if the corresponding first row or column is marked.
4. Finally, set the first row and column to 0 if their flags are set.","void setZeroes(vector<vector<int>>& matrix) {
    int rows = matrix.size();
    int cols = matrix[0].size();
    bool firstRow = false, firstCol = false;
    
    for (int i = 0; i < rows; i++) {
        for (int j = 0; j < cols; j++) {
            if (matrix[i][j] == 0) {
                if (i == 0) firstRow = true;
                if (j == 0) firstCol = true;
                matrix[i][0] = 0;
                matrix[0][j] = 0;
            }
        }
    }

    for (int i = 1; i < rows; i++) {
        for (int j = 1; j < cols; j++) {
            if (matrix[i][0] == 0 || matrix[0][j] == 0)
                matrix[i][j] = 0;
        }
    }

    if (firstRow) {
        for (int j = 0; j < cols; j++)
            matrix[0][j] = 0;
    }

    if (firstCol) {
        for (int i = 0; i < rows; i++)
            matrix[i][0] = 0;
    }
}","1. Iterate over the matrix, marking the first element of the row and column for every 0 encountered.
2. Set a flag if the first row or the first column has a 0.
3. Iterate over the matrix, ignoring the first row and first column. Set the element to 0 if the corresponding first row or column is marked.
4. Finally, set the first row and column to 0 if their flags are set.","def setZeroes(matrix):
    rows = len(matrix)
    cols = len(matrix[0])
    firstRow, firstCol = False, False

    for i in range(rows):
        for j in range(cols):
            if matrix[i][j] == 0:
                if i == 0: firstRow = True
                if j == 0: firstCol = True
                matrix[i][0] = 0
                matrix[0][j] = 0

    for i in range(1, rows):
        for j in range(1, cols):
            if matrix[i][0] == 0 or matrix[0][j] == 0:
                matrix[i][j] = 0

    if firstRow:
        for j in range(cols):
            matrix[0][j] = 0

    if firstCol:
        for i in range(rows):
            matrix[i][0] = 0","1. Iterate over the matrix, marking the first element of the row and column for every 0 encountered.
2. Set a flag if the first row or the first column has a 0.
3. Iterate over the matrix, ignoring the first row and first column. Set the element to 0 if the corresponding first row or column is marked.
4. Finally, set the first row and column to 0 if their flags are set.","function setZeroes(matrix) {
    let rows = matrix.length;
    let cols = matrix[0].length;
    let firstRow = false;
    let firstCol = false;
 
    for (let i = 0; i < rows; i++) {
        for (let j = 0; j < cols; j++) {
            if (matrix[i][j] === 0) {
                if (i === 0) firstRow = true;
                if (j === 0) firstCol = true;
                matrix[i][0] = 0;
                matrix[0][j] = 0;
            }
        }
    }
    
    for (let i = 1; i < rows; i++) {
        for (let j = 1; j < cols; j++) {
            if (matrix[i][0] === 0 || matrix[0][j] === 0) {
                matrix[i][j] = 0;
            }
        }
    }
    
    if (firstRow) {
        for (let j = 0; j < cols; j++) 
            matrix[0][j] = 0;
    }
    
    if (firstCol) {
        for (let i = 0; i < rows; i++)
            matrix[i][0] = 0;
    }
}","1. Iterate over the matrix, marking the first element of the row and column for every 0 encountered.
2. Set a flag if the first row or the first column has a 0.
3. Iterate over the matrix, ignoring the first row and first column. Set the element to 0 if the corresponding first row or column is marked.
4. Finally, set the first row and column to 0 if their flags are set.","Here is the equivalent code in Python:

```python
def setZeroes(matrix):
    rows = len(matrix)
    cols = len(matrix[0])
    firstRow = False
    firstCol = False

    for i in range(rows):
        for j in range(cols):
            if matrix[i][j] == 0:
                if i == 0:
                    firstRow = True
                if j == 0:
                    firstCol = True
                matrix[i][0] = 0
                matrix[0][j] = 0

    for i in range(1, rows):
        for j in range(1, cols):
            if matrix[i][0] == 0 or matrix[0][j] == 0:
                matrix[i][j] = 0

    if firstRow:
        for j in range(cols):
            matrix[0][j] = 0

    if firstCol:
        for i in range(rows):
            matrix[i][0] = 0
```","def setZeroes(matrix):
    rows = len(matrix)
    cols = len(matrix[0])
    firstRow = False
    firstCol = False

    for i in range(rows):
        for j in range(cols):
            if matrix[i][j] == 0:
                if i == 0:
                    firstRow = True
                if j == 0:
                    firstCol = True
                matrix[i][0] = 0
                matrix[0][j] = 0

    for i in range(1, rows):
        for j in range(1, cols):
            if matrix[i][0] == 0 or matrix[0][j] == 0:
                matrix[i][j] = 0

    if firstRow:
        for j in range(cols):
            matrix[0][j] = 0

    if firstCol:
        for i in range(rows):
            matrix[i][0] = 0","```python
def setZeroes(matrix):
    rows = len(matrix)
    cols = len(matrix[0])
    firstRow = False
    firstCol = False

    for i in range(rows):
        for j in range(cols):
            if matrix[i][j] == 0:
                if i == 0:
                    firstRow = True
                if j == 0:
                    firstCol = True
                matrix[i][0] = 0
                matrix[0][j] = 0

    for i in range(1, rows):
        for j in range(1, cols):
            if matrix[i][0] == 0 or matrix[0][j] == 0:
                matrix[i][j] = 0

    if firstRow:
        for j in range(cols):
            matrix[0][j] = 0

    if firstCol:
        for i in range(rows):
            matrix[i][0] = 0
```","```python
def setZeroes(matrix):
    rows = len(matrix)
    cols = len(matrix[0])
    firstRow = False
    firstCol = False
    
    for i in range(rows):
        for j in range(cols):
            if matrix[i][j] == 0:
                if i == 0:
                    firstRow = True
                if j == 0:
                    firstCol = True
                matrix[i][0] = 0
                matrix[0][j] = 0

    for i in range(1, rows):
        for j in range(1, cols):
            if matrix[i][0] == 0 or matrix[0][j] == 0:
                matrix[i][j] = 0

    if firstRow:
        for j in range(cols):
            matrix[0][j] = 0

    if firstCol:
        for i in range(rows):
            matrix[i][0] = 0
```","def setZeroes(matrix):
    rows = len(matrix)
    cols = len(matrix[0])
    firstRow = False
    firstCol = False

    for i in range(rows):
        for j in range(cols):
            if matrix[i][j] == 0:
                if i == 0:
                    firstRow = True
                if j == 0:
                    firstCol = True
                matrix[i][0] = 0
                matrix[0][j] = 0

    for i in range(1, rows):
        for j in range(1, cols):
            if matrix[i][0] == 0 or matrix[0][j] == 0:
                matrix[i][j] = 0

    if firstRow:
        for j in range(cols):
            matrix[0][j] = 0

    if firstCol:
        for i in range(rows):
            matrix[i][0] = 0","def setZeroes(matrix):
    rows = len(matrix)
    cols = len(matrix[0])
    firstRow = False
    firstCol = False
    
    for i in range(rows):
        for j in range(cols):
            if matrix[i][j] == 0:
                if i == 0:
                    firstRow = True
                if j == 0:
                    firstCol = True
                matrix[i][0] = 0
                matrix[0][j] = 0

    for i in range(1, rows):
        for j in range(1, cols):
            if matrix[i][0] == 0 or matrix[0][j] == 0:
                matrix[i][j] = 0

    if firstRow:
        for j in range(cols):
            matrix[0][j] = 0

    if firstCol:
        for i in range(rows):
            matrix[i][0] = 0"
73,74,search-a-2d-matrix,Search a 2D Matrix,Medium,"You are given an `m x n` integer matrix `matrix` with the following two properties:

*   Each row is sorted in non-decreasing order.
*   The first integer of each row is greater than the last integer of the previous row.

Given an integer `target`, return `true` _if_ `target` _is in_ `matrix` _or_ `false` _otherwise_.

You must write a solution in `O(log(m * n))` time complexity.

**Example 1:**

**Input:** matrix = \[\[1,3,5,7\],\[10,11,16,20\],\[23,30,34,60\]\], target = 3
**Output:** true

**Example 2:**

**Input:** matrix = \[\[1,3,5,7\],\[10,11,16,20\],\[23,30,34,60\]\], target = 13
**Output:** false

**Constraints:**

*   `m == matrix.length`
*   `n == matrix[i].length`
*   `1 <= m, n <= 100`
*   `-104 <= matrix[i][j], target <= 104`","public boolean searchMatrix(int[][] matrix, int target) {
    int m = matrix.length;
    int n = matrix[0].length;
    int l = 0, r = m * n - 1;

    while (l <= r) {
        int mid = l + (r - l) / 2;
        int midVal = matrix[mid / n][mid % n];

        if (midVal == target) {
            return true;
        } else if (midVal < target) {
            l = mid + 1;
        } else {
            r = mid - 1;
        }
    }

    return false;
}","The algorithm uses binary search on an m x n matrix.

Firstly, the number of rows and columns (m and n) are computed. Then, we initialize the left and right pointers (l and r).

In each step of the binary search, we calculate the middle index (mid) and get the corresponding value (mid_val) in the matrix. To get the value in the matrix, we divide mid by n and take the remainder.

We then compare the mid_val with the target. If it is equal to the target, we return true. If it's less than the target, we move the left pointer to the next position (mid + 1). Otherwise, we move the right pointer (mid - 1).

If the search space has been fully explored and the target is not found, we return false.","bool searchMatrix(vector<vector<int>>& matrix, int target) {
    int m = matrix.size();
    int n = matrix[0].size();
    int l = 0, r = m * n - 1;
    
    while (l <= r) {
        int mid = l + (r - l) / 2;
        int midVal = matrix[mid / n][mid % n];
        
        if (midVal == target) {
            return true;
        } else if (midVal < target) {
            l = mid + 1;
        } else {
            r = mid - 1;
        }
    }
    
    return false;
}","The algorithm uses binary search on an m x n matrix.

Firstly, the number of rows and columns (m and n) are computed. Then, we initialize the left and right pointers (l and r).

In each step of the binary search, we calculate the middle index (mid) and get the corresponding value (mid_val) in the matrix. To get the value in the matrix, we divide mid by n and take the remainder.

We then compare the mid_val with the target. If it is equal to the target, we return true. If it's less than the target, we move the left pointer to the next position (mid + 1). Otherwise, we move the right pointer (mid - 1).

If the search space has been fully explored and the target is not found, we return false.","def searchMatrix(matrix, target):
    m, n = len(matrix), len(matrix[0])
    l, r = 0, m * n - 1

    while l <= r:
        mid = l + (r - l) // 2
        mid_val = matrix[mid // n][mid % n]

        if mid_val == target:
            return True
        elif mid_val < target:
            l = mid + 1
        else:
            r = mid - 1

    return False","The algorithm uses binary search on an m x n matrix.

Firstly, the number of rows and columns (m and n) are computed. Then, we initialize the left and right pointers (l and r).

In each step of the binary search, we calculate the middle index (mid) and get the corresponding value (mid_val) in the matrix. To get the value in the matrix, we divide mid by n and take the remainder.

We then compare the mid_val with the target. If it is equal to the target, we return true. If it's less than the target, we move the left pointer to the next position (mid + 1). Otherwise, we move the right pointer (mid - 1).

If the search space has been fully explored and the target is not found, we return false.","function searchMatrix(matrix, target) {
    const m = matrix.length;
    const n = matrix[0].length;
    let l = 0, r = m * n - 1;

    while (l <= r) {
        const mid = l+ Math.floor((r - l) / 2);
        const midVal = matrix[Math.floor(mid / n)][mid % n];

        if (midVal === target) {
            return true;
        } else if (midVal < target) {
            l = mid + 1;
        } else {
            r = mid - 1;
        }
    }

    return false;
}","The algorithm uses binary search on an m x n matrix.

Firstly, the number of rows and columns (m and n) are computed. Then, we initialize the left and right pointers (l and r).

In each step of the binary search, we calculate the middle index (mid) and get the corresponding value (mid_val) in the matrix. To get the value in the matrix, we divide mid by n and take the remainder.

We then compare the mid_val with the target. If it is equal to the target, we return true. If it's less than the target, we move the left pointer to the next position (mid + 1). Otherwise, we move the right pointer (mid - 1).

If the search space has been fully explored and the target is not found, we return false.","Here is the equivalent code in Python:

```python
def searchMatrix(matrix, target):
    m = len(matrix)
    n = len(matrix[0])
    l = 0
    r = m * n - 1

    while l <= r:
        mid = l + (r - l) // 2
        midVal = matrix[mid // n][mid % n]

        if midVal == target:
            return True
        elif midVal < target:
            l = mid + 1
        else:
            r = mid - 1

    return False
```","def searchMatrix(matrix, target):
    m = len(matrix)
    n = len(matrix[0])
    l = 0
    r = m * n - 1

    while l <= r:
        mid = l + (r - l) // 2
        midVal = matrix[mid // n][mid % n]

        if midVal == target:
            return True
        elif midVal < target:
            l = mid + 1
        else:
            r = mid - 1

    return False","def searchMatrix(matrix, target):
    m = len(matrix)
    n = len(matrix[0])
    l = 0
    r = m * n - 1

    while l <= r:
        mid = l + (r - l) // 2
        midVal = matrix[mid // n][mid % n]

        if midVal == target:
            return True
        elif midVal < target:
            l = mid + 1
        else:
            r = mid - 1

    return False","Here is the equivalent code in Python:

```python
def searchMatrix(matrix, target):
    m = len(matrix)
    n = len(matrix[0])
    l = 0
    r = m * n - 1
    
    while l <= r:
        mid = l + (r - l) // 2
        midVal = matrix[mid // n][mid % n]
        
        if midVal == target:
            return True
        elif midVal < target:
            l = mid + 1
        else:
            r = mid - 1
    
    return False
```","def searchMatrix(matrix, target):
    m = len(matrix)
    n = len(matrix[0])
    l = 0
    r = m * n - 1

    while l <= r:
        mid = l + (r - l) // 2
        midVal = matrix[mid // n][mid % n]

        if midVal == target:
            return True
        elif midVal < target:
            l = mid + 1
        else:
            r = mid - 1

    return False","def searchMatrix(matrix, target):
    m = len(matrix)
    n = len(matrix[0])
    l = 0
    r = m * n - 1
    
    while l <= r:
        mid = l + (r - l) // 2
        midVal = matrix[mid // n][mid % n]
        
        if midVal == target:
            return True
        elif midVal < target:
            l = mid + 1
        else:
            r = mid - 1
    
    return False"
75,76,minimum-window-substring,Minimum Window Substring,Hard,"Given two strings `s` and `t` of lengths `m` and `n` respectively, return _the **minimum window**_ **_substring_** _of_ `s` _such that every character in_ `t` _(**including duplicates**) is included in the window_. If there is no such substring, return _the empty string_ `"" ""`.

The testcases will be generated such that the answer is **unique**.

**Example 1:**

**Input:** s =  ""ADOBECODEBANC "", t =  ""ABC ""
**Output:**  ""BANC ""
**Explanation:** The minimum window substring  ""BANC "" includes 'A', 'B', and 'C' from string t.

**Example 2:**

**Input:** s =  ""a "", t =  ""a ""
**Output:**  ""a ""
**Explanation:** The entire string s is the minimum window.

**Example 3:**

**Input:** s =  ""a "", t =  ""aa ""
**Output:**  "" ""
**Explanation:** Both 'a's from t must be included in the window.
Since the largest window of s only has one 'a', return empty string.

**Constraints:**

*   `m == s.length`
*   `n == t.length`
*   `1 <= m, n <= 105`
*   `s` and `t` consist of uppercase and lowercase English letters.

**Follow up:** Could you find an algorithm that runs in `O(m + n)` time?","import java.util.HashMap;

public String minWindow(String s, String t) {
    HashMap<Character, Integer> need = new HashMap<>();
    HashMap<Character, Integer> window = new HashMap<>();
    for (char c : t.toCharArray()) need.put(c, need.getOrDefault(c, 0) + 1);
    
    int left = 0, right = 0;
    int valid = 0;
    int start = 0, length = Integer.MAX_VALUE;

    while (right < s.length()) {
        char c = s.charAt(right);
        right++;
        if (need.containsKey(c)) {
            window.put(c, window.getOrDefault(c, 0) + 1);
            if (window.get(c) <= need.get(c)) valid++;
        }

        while (valid == t.length()) {
            if (right - left < length) {
                start = left;
                length = right - left;
            }

            char d = s.charAt(left);
            left++;
            if (need.containsKey(d)) {
                if (window.get(d) <= need.get(d)) valid--;
                window.put(d, window.get(d) - 1);
            }
        }
    }
    return length == Integer.MAX_VALUE ? """" : s.substring(start, start + length);
}","The algorithm uses a sliding window approach to find the minimum window substring. We use two pointers, `left` and `right`, to represent the current window. 

1. Initialize an unordered_map or dictionary for `need` to store characters and their counts in `t`, and another for `window` to store characters and their counts in the current window.
2. Initialize `left` and `right` pointers, `valid` counter for keeping track of characters satisfying the criteria, and `start` and `length` for holding the answer substring information.
3. Iterate through the string `s` using the `right` pointer, and:
    - If the current character exists in the `need` map, update the count of the character in the `window` map, and increment `valid` if the count in the window is less than or equal to the count in need.
4. Check the validity by comparing `valid` with the length of `t`.
    - If valid, update the answer substring's `start` and `length` if the current window's length is less than the current minimum.
    - Then, increment the `left` pointer to slide the window until the current character count in the window goes below the count in `need`. Update the `valid` counter accordingly.
5. Return the answer substring, or empty string if no window was found.","#include <string>
#include <unordered_map>

std::string min_window(std::string s, std::string t) {
    std::unordered_map<char, int> need, window;
    for (char c : t) need[c]++;
    
    int left = 0, right = 0;
    int valid = 0;
    int start = 0, length = INT_MAX;

    while (right < s.length()) {
        char c = s[right];
        right++;
        if (need.count(c)) {
            window[c]++;
            if (window[c] <= need[c]) valid++;
        }

        while (valid == t.length()) {
            if (right - left < length) {
                start = left;
                length = right - left;
            }

            char d = s[left];
            left++;
            if (need.count(d)) {
                if (window[d] <= need[d]) valid--;
                window[d]--;
            }
        }
    }
    return length == INT_MAX ? """" : s.substr(start, length);
}","The algorithm uses a sliding window approach to find the minimum window substring. We use two pointers, `left` and `right`, to represent the current window. 

1. Initialize an unordered_map or dictionary for `need` to store characters and their counts in `t`, and another for `window` to store characters and their counts in the current window.
2. Initialize `left` and `right` pointers, `valid` counter for keeping track of characters satisfying the criteria, and `start` and `length` for holding the answer substring information.
3. Iterate through the string `s` using the `right` pointer, and:
    - If the current character exists in the `need` map, update the count of the character in the `window` map, and increment `valid` if the count in the window is less than or equal to the count in need.
4. Check the validity by comparing `valid` with the length of `t`.
    - If valid, update the answer substring's `start` and `length` if the current window's length is less than the current minimum.
    - Then, increment the `left` pointer to slide the window until the current character count in the window goes below the count in `need`. Update the `valid` counter accordingly.
5. Return the answer substring, or empty string if no window was found.","from collections import Counter

def min_window(s, t):
    need = Counter(t)
    window = {}
    
    left = 0
    right = 0
    valid = 0
    start = 0
    length = float('inf')

    while right < len(s):
        c = s[right]
        right += 1
        if c in need:
            window[c] = window.get(c, 0) + 1
            if window[c] <= need[c]:
                valid += 1

        while valid == len(t):
            if right - left < length:
                start = left
                length = right - left

            d = s[left]
            left += 1
            if d in need:
                if window[d] <= need[d]:
                    valid -= 1
                window[d] -= 1

    return """" if length == float('inf') else s[start : start + length]","The algorithm uses a sliding window approach to find the minimum window substring. We use two pointers, `left` and `right`, to represent the current window. 

1. Initialize an unordered_map or dictionary for `need` to store characters and their counts in `t`, and another for `window` to store characters and their counts in the current window.
2. Initialize `left` and `right` pointers, `valid` counter for keeping track of characters satisfying the criteria, and `start` and `length` for holding the answer substring information.
3. Iterate through the string `s` using the `right` pointer, and:
    - If the current character exists in the `need` map, update the count of the character in the `window` map, and increment `valid` if the count in the window is less than or equal to the count in need.
4. Check the validity by comparing `valid` with the length of `t`.
    - If valid, update the answer substring's `start` and `length` if the current window's length is less than the current minimum.
    - Then, increment the `left` pointer to slide the window until the current character count in the window goes below the count in `need`. Update the `valid` counter accordingly.
5. Return the answer substring, or empty string if no window was found.","function minWindow(s, t) {
    const need = new Map();
    const window = new Map();

    for (const c of t) {
        need.set(c, (need.get(c) || 0) + 1);
    }
    
    let left = 0, right = 0;
    let valid = 0;
    let start = 0, length = Infinity;

    while (right < s.length) {
        const c = s[right];
        right++;
        if (need.has(c)) {
            window.set(c, (window.get(c) || 0) + 1);
            if (window.get(c) <= need.get(c)) valid++;
        }

        while (valid === t.length) {
            if (right - left < length) {
                start = left;
                length = right - left;
            }

            const d = s[left];
            left++;
            if (need.has(d)) {
                if (window.get(d) <= need.get(d)) valid--;
                window.set(d, window.get(d) - 1);
            }
        }
    }
    return length === Infinity ? """" : s.substring(start, start + length);
}","The algorithm uses a sliding window approach to find the minimum window substring. We use two pointers, `left` and `right`, to represent the current window. 

1. Initialize an unordered_map or dictionary for `need` to store characters and their counts in `t`, and another for `window` to store characters and their counts in the current window.
2. Initialize `left` and `right` pointers, `valid` counter for keeping track of characters satisfying the criteria, and `start` and `length` for holding the answer substring information.
3. Iterate through the string `s` using the `right` pointer, and:
    - If the current character exists in the `need` map, update the count of the character in the `window` map, and increment `valid` if the count in the window is less than or equal to the count in need.
4. Check the validity by comparing `valid` with the length of `t`.
    - If valid, update the answer substring's `start` and `length` if the current window's length is less than the current minimum.
    - Then, increment the `left` pointer to slide the window until the current character count in the window goes below the count in `need`. Update the `valid` counter accordingly.
5. Return the answer substring, or empty string if no window was found.","Here is the equivalent code in Python:

```python
def minWindow(s, t):
    need = {}
    window = {}

    for c in t:
        need[c] = need.get(c, 0) + 1

    left = 0
    right = 0
    valid = 0
    start = 0
    length = float('inf')

    while right < len(s):
        c = s[right]
        right += 1
        if c in need:
            window[c] = window.get(c, 0) + 1
            if window[c] <= need[c]:
                valid += 1

        while valid == len(t):
            if right - left < length:
                start = left
                length = right - left

            d = s[left]
            left += 1
            if d in need:
                if window[d] <= need[d]:
                    valid -= 1
                window[d] -= 1

    return """" if length == float('inf') else s[start:start + length]
```","def minWindow(s, t):
    need = {}
    window = {}

    for c in t:
        need[c] = need.get(c, 0) + 1

    left = 0
    right = 0
    valid = 0
    start = 0
    length = float('inf')

    while right < len(s):
        c = s[right]
        right += 1
        if c in need:
            window[c] = window.get(c, 0) + 1
            if window[c] <= need[c]:
                valid += 1

        while valid == len(t):
            if right - left < length:
                start = left
                length = right - left

            d = s[left]
            left += 1
            if d in need:
                if window[d] <= need[d]:
                    valid -= 1
                window[d] -= 1

    return """" if length == float('inf') else s[start:start + length]","Here is the equivalent Python code:

```python
from collections import defaultdict

def minWindow(s, t):
    need = defaultdict(int)
    window = defaultdict(int)
    for c in t:
        need[c] += 1
    
    left = 0
    right = 0
    valid = 0
    start = 0
    length = float('inf')

    while right < len(s):
        c = s[right]
        right += 1
        if c in need:
            window[c] += 1
            if window[c] <= need[c]:
                valid += 1

        while valid == len(t):
            if right - left < length:
                start = left
                length = right - left

            d = s[left]
            left += 1
            if d in need:
                if window[d] <= need[d]:
                    valid -= 1
                window[d] -= 1

    return """" if length == float('inf') else s[start:start + length]
```","Here is the equivalent code in Python:

```python
from collections import defaultdict

def min_window(s, t):
    need = defaultdict(int)
    window = defaultdict(int)
    for c in t:
        need[c] += 1
    
    left = 0
    right = 0
    valid = 0
    start = 0
    length = float('inf')

    while right < len(s):
        c = s[right]
        right += 1
        if c in need:
            window[c] += 1
            if window[c] <= need[c]:
                valid += 1

        while valid == len(t):
            if right - left < length:
                start = left
                length = right - left

            d = s[left]
            left += 1
            if d in need:
                if window[d] <= need[d]:
                    valid -= 1
                window[d] -= 1

    return """" if length == float('inf') else s[start:start+length]
```","from collections import defaultdict

def minWindow(s, t):
    need = defaultdict(int)
    window = defaultdict(int)
    for c in t:
        need[c] += 1
    
    left = 0
    right = 0
    valid = 0
    start = 0
    length = float('inf')

    while right < len(s):
        c = s[right]
        right += 1
        if c in need:
            window[c] += 1
            if window[c] <= need[c]:
                valid += 1

        while valid == len(t):
            if right - left < length:
                start = left
                length = right - left

            d = s[left]
            left += 1
            if d in need:
                if window[d] <= need[d]:
                    valid -= 1
                window[d] -= 1

    return """" if length == float('inf') else s[start:start + length]","from collections import defaultdict

def min_window(s, t):
    need = defaultdict(int)
    window = defaultdict(int)
    for c in t:
        need[c] += 1
    
    left = 0
    right = 0
    valid = 0
    start = 0
    length = float('inf')

    while right < len(s):
        c = s[right]
        right += 1
        if c in need:
            window[c] += 1
            if window[c] <= need[c]:
                valid += 1

        while valid == len(t):
            if right - left < length:
                start = left
                length = right - left

            d = s[left]
            left += 1
            if d in need:
                if window[d] <= need[d]:
                    valid -= 1
                window[d] -= 1

    return """" if length == float('inf') else s[start:start+length]"
76,77,combinations,Combinations,Medium,"Given two integers `n` and `k`, return _all possible combinations of_ `k` _numbers chosen from the range_ `[1, n]`.

You may return the answer in **any order**.

**Example 1:**

**Input:** n = 4, k = 2
**Output:** \[\[1,2\],\[1,3\],\[1,4\],\[2,3\],\[2,4\],\[3,4\]\]
**Explanation:** There are 4 choose 2 = 6 total combinations.
Note that combinations are unordered, i.e., \[1,2\] and \[2,1\] are considered to be the same combination.

**Example 2:**

**Input:** n = 1, k = 1
**Output:** \[\[1\]\]
**Explanation:** There is 1 choose 1 = 1 total combination.

**Constraints:**

*   `1 <= n <= 20`
*   `1 <= k <= n`","import java.util.ArrayList;
import java.util.List;

public List<List<Integer>> combine(int n, int k) {
    List<List<Integer>> result = new ArrayList<>();
    backtrack(n, k, 1, new ArrayList<>(), result);
    return result;
}

private void backtrack(int n, int k, int start, List<Integer> current, List<List<Integer>> result) {
    if (current.size() == k) {
        result.add(new ArrayList<>(current));
        return;
    }

    for (int i = start; i <= n; i++) {
        current.add(i);
        backtrack(n, k, i + 1, current, result);
        current.remove(current.size() - 1);
    }
}","The algorithm uses a backtracking approach to generate all possible combinations of k numbers out of the range [1, n]. We create a helper function called `backtrack` that recursively generates combinations. In this helper function, we have a base case where if the size of the current combination is equal to k, we add it to the result. Otherwise, we iterate through the numbers from the start index to n, add the current number to the current combination, and make a recursive call with an incremented start index. After the call, we ""undo"" the decision by removing the number from the current combination (backtracking).

The main function initializes an empty result list, calls the `backtrack` function with a start index of 1 and an empty current combination list, and then returns the result list.","#include <vector>

void backtrack(int n, int k, int start, std::vector<int>& current, std::vector<std::vector<int>>& result) {
    if (current.size() == k) {
        result.push_back(current);
        return;
    }

    for (int i = start; i <= n; ++i) {
        current.push_back(i);
        backtrack(n, k, i + 1, current, result);
        current.pop_back();
    }
}

std::vector<std::vector<int>> combine(int n, int k) {
    std::vector<std::vector<int>> result;
    std::vector<int> current;
    backtrack(n, k, 1, current, result);
    return result;
}","The algorithm uses a backtracking approach to generate all possible combinations of k numbers out of the range [1, n]. We create a helper function called `backtrack` that recursively generates combinations. In this helper function, we have a base case where if the size of the current combination is equal to k, we add it to the result. Otherwise, we iterate through the numbers from the start index to n, add the current number to the current combination, and make a recursive call with an incremented start index. After the call, we ""undo"" the decision by removing the number from the current combination (backtracking).

The main function initializes an empty result list, calls the `backtrack` function with a start index of 1 and an empty current combination list, and then returns the result list.","from typing import List

def combine(n: int, k: int) -> List[List[int]]:
    def backtrack(start, current_combination):
        if len(current_combination) == k:
            result.append(current_combination[:])

        for i in range(start, n + 1):
            current_combination.append(i)
            backtrack(i + 1, current_combination)
            current_combination.pop()

    result = []
    backtrack(1, [])
    return result","The algorithm uses a backtracking approach to generate all possible combinations of k numbers out of the range [1, n]. We create a helper function called `backtrack` that recursively generates combinations. In this helper function, we have a base case where if the size of the current combination is equal to k, we add it to the result. Otherwise, we iterate through the numbers from the start index to n, add the current number to the current combination, and make a recursive call with an incremented start index. After the call, we ""undo"" the decision by removing the number from the current combination (backtracking).

The main function initializes an empty result list, calls the `backtrack` function with a start index of 1 and an empty current combination list, and then returns the result list.","function combine(n, k) {
    const result = [];
    backtrack(n, k, 1, [], result);
    return result;
}

function backtrack(n, k, start, current, result) {
    if (current.length === k) {
        result.push([...current]);
        return;
    }

    for (let i = start; i <= n; i++) {
        current.push(i);
        backtrack(n, k, i + 1, current, result);
        current.pop();
    }
}","The algorithm uses a backtracking approach to generate all possible combinations of k numbers out of the range [1, n]. We create a helper function called `backtrack` that recursively generates combinations. In this helper function, we have a base case where if the size of the current combination is equal to k, we add it to the result. Otherwise, we iterate through the numbers from the start index to n, add the current number to the current combination, and make a recursive call with an incremented start index. After the call, we ""undo"" the decision by removing the number from the current combination (backtracking).

The main function initializes an empty result list, calls the `backtrack` function with a start index of 1 and an empty current combination list, and then returns the result list.","```python
def combine(n, k):
    result = []
    backtrack(n, k, 1, [], result)
    return result

def backtrack(n, k, start, current, result):
    if len(current) == k:
        result.append(list(current))
        return

    for i in range(start, n+1):
        current.append(i)
        backtrack(n, k, i + 1, current, result)
        current.pop()
```","def combine(n, k):
    result = []
    backtrack(n, k, 1, [], result)
    return result

def backtrack(n, k, start, current, result):
    if len(current) == k:
        result.append(list(current))
        return

    for i in range(start, n+1):
        current.append(i)
        backtrack(n, k, i + 1, current, result)
        current.pop()","```python
def combine(n, k):
    result = []
    backtrack(n, k, 1, [], result)
    return result

def backtrack(n, k, start, current, result):
    if len(current) == k:
        result.append(list(current))
        return

    for i in range(start, n+1):
        current.append(i)
        backtrack(n, k, i + 1, current, result)
        current.pop()
```","```python
def backtrack(n, k, start, current, result):
    if len(current) == k:
        result.append(current.copy())
        return

    for i in range(start, n + 1):
        current.append(i)
        backtrack(n, k, i + 1, current, result)
        current.pop()

def combine(n, k):
    result = []
    current = []
    backtrack(n, k, 1, current, result)
    return result
```","def combine(n, k):
    result = []
    backtrack(n, k, 1, [], result)
    return result

def backtrack(n, k, start, current, result):
    if len(current) == k:
        result.append(list(current))
        return

    for i in range(start, n+1):
        current.append(i)
        backtrack(n, k, i + 1, current, result)
        current.pop()","def backtrack(n, k, start, current, result):
    if len(current) == k:
        result.append(current.copy())
        return

    for i in range(start, n + 1):
        current.append(i)
        backtrack(n, k, i + 1, current, result)
        current.pop()

def combine(n, k):
    result = []
    current = []
    backtrack(n, k, 1, current, result)
    return result"
78,79,word-search,Word Search,Medium,"Given an `m x n` grid of characters `board` and a string `word`, return `true` _if_ `word` _exists in the grid_.

The word can be constructed from letters of sequentially adjacent cells, where adjacent cells are horizontally or vertically neighboring. The same letter cell may not be used more than once.

**Example 1:**

**Input:** board = \[\[ ""A "", ""B "", ""C "", ""E ""\],\[ ""S "", ""F "", ""C "", ""S ""\],\[ ""A "", ""D "", ""E "", ""E ""\]\], word =  ""ABCCED ""
**Output:** true

**Example 2:**

**Input:** board = \[\[ ""A "", ""B "", ""C "", ""E ""\],\[ ""S "", ""F "", ""C "", ""S ""\],\[ ""A "", ""D "", ""E "", ""E ""\]\], word =  ""SEE ""
**Output:** true

**Example 3:**

**Input:** board = \[\[ ""A "", ""B "", ""C "", ""E ""\],\[ ""S "", ""F "", ""C "", ""S ""\],\[ ""A "", ""D "", ""E "", ""E ""\]\], word =  ""ABCB ""
**Output:** false

**Constraints:**

*   `m == board.length`
*   `n = board[i].length`
*   `1 <= m, n <= 6`
*   `1 <= word.length <= 15`
*   `board` and `word` consists of only lowercase and uppercase English letters.

**Follow up:** Could you use search pruning to make your solution faster with a larger `board`?","public boolean exist(char[][] board, String word) {
    int m = board.length;
    int n = board[0].length;

    boolean[][] visited = new boolean[m][n];

    for (int i = 0; i < m; i++) {
        for (int j = 0; j < n; j++) {
            if (dfs(board, i, j, 0, word, visited)) {
                return true;
            }
        }
    }
    return false;
}

private boolean dfs(char[][] board, int i, int j, int k, String word, boolean[][] visited) {
    if (i < 0 || i >= board.length || j < 0 || j >= board[0].length || board[i][j] != word.charAt(k) || visited[i][j]) {
        return false;
    }

    if (k == word.length() - 1) {
        return true;
    }

    visited[i][j] = true;
    boolean result = dfs(board, i + 1, j, k + 1, word, visited)
            || dfs(board, i - 1, j, k + 1, word, visited)
            || dfs(board, i, j + 1, k + 1, word, visited)
            || dfs(board, i, j - 1, k + 1, word, visited);
    visited[i][j] = false;

    return result;
}","For each of the implementation above, we use a Depth-First Search (DFS) based algorithm to traverse the grid board. The DFS function takes the current cell index i and j and the index of the character in the input word that we are looking for (k).

The base cases are:
- If the cell indexes i or j are out of boundaries, or the board[i][j] character does not match word[k], return false.
- If k (current character index) is equal to word.length - 1, we find the word in the grid, so return true.

For each cell, we run the DFS function with the given input parameters. If DFS returns true (found the word), the whole function will return true.","bool exist(vector<vector<char>>& board, string word) {
    int m = board.size();
    int n = board[0].size();
    
    function<bool(int, int, int)> dfs = [&](int i, int j, int k) {
        if (i < 0 || i >= m || j < 0 || j >= n || board[i][j] != word[k])
            return false;
        if (k == word.length() - 1)
            return true;
        
        char temp = board[i][j];
        board[i][j] = '/';
        bool res = dfs(i + 1, j, k + 1) || dfs(i - 1, j, k + 1) || dfs(i, j + 1, k + 1) || dfs(i, j - 1, k + 1);
        board[i][j] = temp;
        return res;
    };
    
    for (int i = 0; i < m; i++)
        for (int j = 0; j < n; j++)
            if (dfs(i, j, 0))
                return true;
    return false;
}","For each of the implementation above, we use a Depth-First Search (DFS) based algorithm to traverse the grid board. The DFS function takes the current cell index i and j and the index of the character in the input word that we are looking for (k).

The base cases are:
- If the cell indexes i or j are out of boundaries, or the board[i][j] character does not match word[k], return false.
- If k (current character index) is equal to word.length - 1, we find the word in the grid, so return true.

For each cell, we run the DFS function with the given input parameters. If DFS returns true (found the word), the whole function will return true.","def exist(board, word):
    m, n = len(board), len(board[0])

    def dfs(i, j, k):
        if not 0 <= i < m or not 0 <= j < n or board[i][j] != word[k]:
            return False
        if k == len(word) - 1:
            return True

        tmp, board[i][j] = board[i][j], '/'
        res = dfs(i + 1, j, k + 1) or dfs(i - 1, j, k + 1) or dfs(i, j + 1, k + 1) or dfs(i, j - 1, k + 1)
        board[i][j] = tmp
        return res

    for i in range(m):
        for j in range(n):
            if dfs(i, j, 0):
                return True
    return False","For each of the implementation above, we use a Depth-First Search (DFS) based algorithm to traverse the grid board. The DFS function takes the current cell index i and j and the index of the character in the input word that we are looking for (k).

The base cases are:
- If the cell indexes i or j are out of boundaries, or the board[i][j] character does not match word[k], return false.
- If k (current character index) is equal to word.length - 1, we find the word in the grid, so return true.

For each cell, we run the DFS function with the given input parameters. If DFS returns true (found the word), the whole function will return true.","function exist(board, word) {
    const m = board.length;
    const n = board[0].length;

    function dfs(i, j, k) {
        if (i < 0 || i === m || j < 0 || j === n || board[i][j] !== word[k])
            return false;
        if (k === word.length - 1)
            return true;
        
        const temp = board[i][j];
        board[i][j] = '/';
        const res = dfs(i + 1, j, k +1) || dfs(i - 1, j, k + 1) || dfs(i, j + 1, k + 1) || dfs(i, j - 1, k + 1);
        board[i][j] = temp;
        return res;
    }

    for (let i = 0; i < m; i++) {
        for (let j = 0; j < n; j++) {
            if (dfs(i, j, 0))
                return true;
        }
    }
    return false;
}","For each of the implementation above, we use a Depth-First Search (DFS) based algorithm to traverse the grid board. The DFS function takes the current cell index i and j and the index of the character in the input word that we are looking for (k).

The base cases are:
- If the cell indexes i or j are out of boundaries, or the board[i][j] character does not match word[k], return false.
- If k (current character index) is equal to word.length - 1, we find the word in the grid, so return true.

For each cell, we run the DFS function with the given input parameters. If DFS returns true (found the word), the whole function will return true.","```python
def exist(board, word):
    m = len(board)
    n = len(board[0])

    def dfs(i, j, k):
        if i < 0 or i == m or j < 0 or j == n or board[i][j] != word[k]:
            return False
        if k == len(word) - 1:
            return True
        
        temp = board[i][j]
        board[i][j] = '/'
        res = dfs(i + 1, j, k + 1) or dfs(i - 1, j, k + 1) or dfs(i, j + 1, k + 1) or dfs(i, j - 1, k + 1)
        board[i][j] = temp
        return res

    for i in range(m):
        for j in range(n):
            if dfs(i, j, 0):
                return True
    return False
```","def exist(board, word):
    m = len(board)
    n = len(board[0])

    def dfs(i, j, k):
        if i < 0 or i == m or j < 0 or j == n or board[i][j] != word[k]:
            return False
        if k == len(word) - 1:
            return True
        
        temp = board[i][j]
        board[i][j] = '/'
        res = dfs(i + 1, j, k + 1) or dfs(i - 1, j, k + 1) or dfs(i, j + 1, k + 1) or dfs(i, j - 1, k + 1)
        board[i][j] = temp
        return res

    for i in range(m):
        for j in range(n):
            if dfs(i, j, 0):
                return True
    return False","Here is the equivalent Python code:

```python
def exist(board, word):
    m = len(board)
    n = len(board[0])

    visited = [[False for _ in range(n)] for _ in range(m)]

    def dfs(i, j, k):
        if i < 0 or i >= m or j < 0 or j >= n or board[i][j] != word[k] or visited[i][j]:
            return False

        if k == len(word) - 1:
            return True

        visited[i][j] = True
        result = dfs(i + 1, j, k + 1) or dfs(i - 1, j, k + 1) or dfs(i, j + 1, k + 1) or dfs(i, j - 1, k + 1)
        visited[i][j] = False

        return result

    for i in range(m):
        for j in range(n):
            if dfs(i, j, 0):
                return True

    return False
```","Here is the equivalent code in Python:

```python
def exist(board, word):
    m = len(board)
    n = len(board[0])
    
    def dfs(i, j, k):
        if i < 0 or i >= m or j < 0 or j >= n or board[i][j] != word[k]:
            return False
        if k == len(word) - 1:
            return True
        
        temp = board[i][j]
        board[i][j] = '/'
        res = dfs(i + 1, j, k + 1) or dfs(i - 1, j, k + 1) or dfs(i, j + 1, k + 1) or dfs(i, j - 1, k + 1)
        board[i][j] = temp
        return res
    
    for i in range(m):
        for j in range(n):
            if dfs(i, j, 0):
                return True
    return False
```","def exist(board, word):
    m = len(board)
    n = len(board[0])

    visited = [[False for _ in range(n)] for _ in range(m)]

    def dfs(i, j, k):
        if i < 0 or i >= m or j < 0 or j >= n or board[i][j] != word[k] or visited[i][j]:
            return False

        if k == len(word) - 1:
            return True

        visited[i][j] = True
        result = dfs(i + 1, j, k + 1) or dfs(i - 1, j, k + 1) or dfs(i, j + 1, k + 1) or dfs(i, j - 1, k + 1)
        visited[i][j] = False

        return result

    for i in range(m):
        for j in range(n):
            if dfs(i, j, 0):
                return True

    return False","def exist(board, word):
    m = len(board)
    n = len(board[0])
    
    def dfs(i, j, k):
        if i < 0 or i >= m or j < 0 or j >= n or board[i][j] != word[k]:
            return False
        if k == len(word) - 1:
            return True
        
        temp = board[i][j]
        board[i][j] = '/'
        res = dfs(i + 1, j, k + 1) or dfs(i - 1, j, k + 1) or dfs(i, j + 1, k + 1) or dfs(i, j - 1, k + 1)
        board[i][j] = temp
        return res
    
    for i in range(m):
        for j in range(n):
            if dfs(i, j, 0):
                return True
    return False"
87,88,merge-sorted-array,Merge Sorted Array,Easy,"You are given two integer arrays `nums1` and `nums2`, sorted in **non-decreasing order**, and two integers `m` and `n`, representing the number of elements in `nums1` and `nums2` respectively.

**Merge** `nums1` and `nums2` into a single array sorted in **non-decreasing order**.

The final sorted array should not be returned by the function, but instead be _stored inside the array_ `nums1`. To accommodate this, `nums1` has a length of `m + n`, where the first `m` elements denote the elements that should be merged, and the last `n` elements are set to `0` and should be ignored. `nums2` has a length of `n`.

**Example 1:**

**Input:** nums1 = \[1,2,3,0,0,0\], m = 3, nums2 = \[2,5,6\], n = 3
**Output:** \[1,2,2,3,5,6\]
**Explanation:** The arrays we are merging are \[1,2,3\] and \[2,5,6\].
The result of the merge is \[1,2,2,3,5,6\] with the underlined elements coming from nums1.

**Example 2:**

**Input:** nums1 = \[1\], m = 1, nums2 = \[\], n = 0
**Output:** \[1\]
**Explanation:** The arrays we are merging are \[1\] and \[\].
The result of the merge is \[1\].

**Example 3:**

**Input:** nums1 = \[0\], m = 0, nums2 = \[1\], n = 1
**Output:** \[1\]
**Explanation:** The arrays we are merging are \[\] and \[1\].
The result of the merge is \[1\].
Note that because m = 0, there are no elements in nums1. The 0 is only there to ensure the merge result can fit in nums1.

**Constraints:**

*   `nums1.length == m + n`
*   `nums2.length == n`
*   `0 <= m, n <= 200`
*   `1 <= m + n <= 200`
*   `-109 <= nums1[i], nums2[j] <= 109`

**Follow up:** Can you come up with an algorithm that runs in `O(m + n)` time?","public void merge(int[] nums1, int m, int[] nums2, int n) {
    int i = m - 1, j = n - 1, k = m + n - 1;
    while (i >= 0 && j >= 0) {
        if (nums1[i] > nums2[j])
            nums1[k--] = nums1[i--];
        else
            nums1[k--] = nums2[j--];
    }
    while (j >= 0) {
        nums1[k--] = nums2[j--];
    }
}","We use a two-pointer approach to merge nums1 and nums2 in reverse order. Initialize three pointers i, j, and k pointing to the last elements of nums1, nums2, and the merged nums1 array respectively.

Iterate in a while loop until i and j are both less than 0. Compare the values of nums1[i] and nums2[j]. If nums1[i] is greater, assign nums1[i] at position k in nums1, decrement i and k. Otherwise, assign nums2[j] at position k in nums1, and decrement j and k. This process continues for all elements in nums2.

After the loop, if there are still elements remaining in nums2 (j >= 0), copy the remaining elements of nums2 to nums1. In this way, we merge nums1 and nums2 in non-decreasing order.","void merge(vector<int>& nums1, int m, vector<int>& nums2, int n) {
    int i = m - 1, j = n - 1, k = m + n - 1;
    while (i >= 0 && j >= 0) {
        if (nums1[i] > nums2[j])
            nums1[k--] = nums1[i--];
        else
            nums1[k--] = nums2[j--];
    }
    while (j >= 0) {
        nums1[k--] = nums2[j--];
    }
}","We use a two-pointer approach to merge nums1 and nums2 in reverse order. Initialize three pointers i, j, and k pointing to the last elements of nums1, nums2, and the merged nums1 array respectively.

Iterate in a while loop until i and j are both less than 0. Compare the values of nums1[i] and nums2[j]. If nums1[i] is greater, assign nums1[i] at position k in nums1, decrement i and k. Otherwise, assign nums2[j] at position k in nums1, and decrement j and k. This process continues for all elements in nums2.

After the loop, if there are still elements remaining in nums2 (j >= 0), copy the remaining elements of nums2 to nums1. In this way, we merge nums1 and nums2 in non-decreasing order.","def merge(nums1, m, nums2, n):
    i, j, k = m - 1, n - 1, m + n - 1
    while i >= 0 and j >= 0:
        if nums1[i] > nums2[j]:
            nums1[k] = nums1[i]
            i -= 1
        else:
            nums1[k] = nums2[j]
            j -= 1
        k -= 1
    while j >= 0:
        nums1[k] = nums2[j]
        k -= 1
        j -= 1","We use a two-pointer approach to merge nums1 and nums2 in reverse order. Initialize three pointers i, j, and k pointing to the last elements of nums1, nums2, and the merged nums1 array respectively.

Iterate in a while loop until i and j are both less than 0. Compare the values of nums1[i] and nums2[j]. If nums1[i] is greater, assign nums1[i] at position k in nums1, decrement i and k. Otherwise, assign nums2[j] at position k in nums1, and decrement j and k. This process continues for all elements in nums2.

After the loop, if there are still elements remaining in nums2 (j >= 0), copy the remaining elements of nums2 to nums1. In this way, we merge nums1 and nums2 in non-decreasing order.","function merge(nums1, m, nums2, n) {
    let i = m - 1, j = n - 1, k = m + n - 1;
    while (i >= 0 && j >= 0) {
        if (nums1[i] > nums2[j])
            nums1[k--] = nums1[i--];
        else
            nums1[k--] = nums2[j--];
    }
    while (j >= 0) {
        nums1[k--] = nums2[j--];
    }
}","We use a two-pointer approach to merge nums1 and nums2 in reverse order. Initialize three pointers i, j, and k pointing to the last elements of nums1, nums2, and the merged nums1 array respectively.

Iterate in a while loop until i and j are both less than 0. Compare the values of nums1[i] and nums2[j]. If nums1[i] is greater, assign nums1[i] at position k in nums1, decrement i and k. Otherwise, assign nums2[j] at position k in nums1, and decrement j and k. This process continues for all elements in nums2.

After the loop, if there are still elements remaining in nums2 (j >= 0), copy the remaining elements of nums2 to nums1. In this way, we merge nums1 and nums2 in non-decreasing order.","```python
def merge(nums1, m, nums2, n):
    i = m - 1
    j = n - 1
    k = m + n - 1
    while i >= 0 and j >= 0:
        if nums1[i] > nums2[j]:
            nums1[k] = nums1[i]
            k -= 1
            i -= 1
        else:
            nums1[k] = nums2[j]
            k -= 1
            j -= 1
    while j >= 0:
        nums1[k] = nums2[j]
        k -= 1
        j -= 1
```","def merge(nums1, m, nums2, n):
    i = m - 1
    j = n - 1
    k = m + n - 1
    while i >= 0 and j >= 0:
        if nums1[i] > nums2[j]:
            nums1[k] = nums1[i]
            k -= 1
            i -= 1
        else:
            nums1[k] = nums2[j]
            k -= 1
            j -= 1
    while j >= 0:
        nums1[k] = nums2[j]
        k -= 1
        j -= 1","```python
def merge(nums1, m, nums2, n):
    i, j, k = m - 1, n - 1, m + n - 1
    while i >= 0 and j >= 0:
        if nums1[i] > nums2[j]:
            nums1[k] = nums1[i]
            k -= 1
            i -= 1
        else:
            nums1[k] = nums2[j]
            k -= 1
            j -= 1
    while j >= 0:
        nums1[k] = nums2[j]
        k -= 1
        j -= 1
```","```python
def merge(nums1, m, nums2, n):
    i = m - 1
    j = n - 1
    k = m + n - 1
    while i >= 0 and j >= 0:
        if nums1[i] > nums2[j]:
            nums1[k] = nums1[i]
            k -= 1
            i -= 1
        else:
            nums1[k] = nums2[j]
            k -= 1
            j -= 1
    while j >= 0:
        nums1[k] = nums2[j]
        k -= 1
        j -= 1
```","def merge(nums1, m, nums2, n):
    i, j, k = m - 1, n - 1, m + n - 1
    while i >= 0 and j >= 0:
        if nums1[i] > nums2[j]:
            nums1[k] = nums1[i]
            k -= 1
            i -= 1
        else:
            nums1[k] = nums2[j]
            k -= 1
            j -= 1
    while j >= 0:
        nums1[k] = nums2[j]
        k -= 1
        j -= 1","def merge(nums1, m, nums2, n):
    i = m - 1
    j = n - 1
    k = m + n - 1
    while i >= 0 and j >= 0:
        if nums1[i] > nums2[j]:
            nums1[k] = nums1[i]
            k -= 1
            i -= 1
        else:
            nums1[k] = nums2[j]
            k -= 1
            j -= 1
    while j >= 0:
        nums1[k] = nums2[j]
        k -= 1
        j -= 1"
91,92,reverse-linked-list-ii,Reverse Linked List II,Medium,"Given the `head` of a singly linked list and two integers `left` and `right` where `left <= right`, reverse the nodes of the list from position `left` to position `right`, and return _the reversed list_.

**Example 1:**

**Input:** head = \[1,2,3,4,5\], left = 2, right = 4
**Output:** \[1,4,3,2,5\]

**Example 2:**

**Input:** head = \[5\], left = 1, right = 1
**Output:** \[5\]

**Constraints:**

*   The number of nodes in the list is `n`.
*   `1 <= n <= 500`
*   `-500 <= Node.val <= 500`
*   `1 <= left <= right <= n`

**Follow up:** Could you do it in one pass?","public ListNode reverseBetween(ListNode head, int left, int right) {
    if (head == null || left == right) return head;
    ListNode dummy = new ListNode(0);
    dummy.next = head;
    ListNode pre = dummy;
    for (int i = 1; i < left; ++i) pre = pre.next;
    ListNode cur = pre.next;
    for (int i = left; i < right; ++i) {
        ListNode t = cur.next;
        cur.next = t.next;
        t.next = pre.next;
        pre.next = t;
    }
    return dummy.next;
}","The algorithm creates a dummy node and connects it to the head of the linked list. It then iterates through the list, reversing the nodes from position `left` to `right`. It maintains pointers `pre` and `cur` to accomplish this. During each iteration, it temporarily stores the next node using a pointer `t`, then reverses the connections between the nodes.

This process is repeated for all languages; the only differences in implementation are syntax-related. 

In C++, use pointers and ""->"" to access the next node. In Java and Python, we use dot notation to access the next attribute. In JavaScript, we also use dot notation and ""==="" for equality comparison between left and right.","ListNode* reverseBetween(ListNode* head, int left, int right) {
    if (!head || left == right) return head;
    ListNode dummy(0);
    dummy.next = head;
    ListNode* pre = &dummy;
    for (int i = 1; i < left; ++i) pre = pre->next;
    ListNode* cur = pre->next;
    for (int i = left; i < right; ++i) {
        ListNode* t = cur->next;
        cur->next = t->next;
        t->next = pre->next;
        pre->next = t;
    }
    return dummy.next;
}","The algorithm creates a dummy node and connects it to the head of the linked list. It then iterates through the list, reversing the nodes from position `left` to `right`. It maintains pointers `pre` and `cur` to accomplish this. During each iteration, it temporarily stores the next node using a pointer `t`, then reverses the connections between the nodes.

This process is repeated for all languages; the only differences in implementation are syntax-related. 

In C++, use pointers and ""->"" to access the next node. In Java and Python, we use dot notation to access the next attribute. In JavaScript, we also use dot notation and ""==="" for equality comparison between left and right.","def reverseBetween(self, head: Optional[ListNode], left: int, right: int) -> Optional[ListNode]:
    if not head or left == right:
        return head
    dummy = ListNode(0)
    dummy.next = head
    pre = dummy
    for _ in range(left - 1):
        pre = pre.next
    cur = pre.next
    for _ in range(left, right):
        t = cur.next
        cur.next = t.next
        t.next = pre.next
        pre.next = t
    return dummy.next","The algorithm creates a dummy node and connects it to the head of the linked list. It then iterates through the list, reversing the nodes from position `left` to `right`. It maintains pointers `pre` and `cur` to accomplish this. During each iteration, it temporarily stores the next node using a pointer `t`, then reverses the connections between the nodes.

This process is repeated for all languages; the only differences in implementation are syntax-related. 

In C++, use pointers and ""->"" to access the next node. In Java and Python, we use dot notation to access the next attribute. In JavaScript, we also use dot notation and ""==="" for equality comparison between left and right.","function reverseBetween(head, left, right) {
    if (!head || left === right) return head;
    const dummy = new ListNode(0);
    dummy.next = head;
    let pre = dummy;
    for (let i = 1; i < left; ++i) pre = pre.next;
    let cur = pre.next;
    for (let i = left; i < right; ++i) {
        const t = cur.next;
        cur.next = t.next;
        t.next = pre.next;
        pre.next = t;
    }
    return dummy.next;
}","The algorithm creates a dummy node and connects it to the head of the linked list. It then iterates through the list, reversing the nodes from position `left` to `right`. It maintains pointers `pre` and `cur` to accomplish this. During each iteration, it temporarily stores the next node using a pointer `t`, then reverses the connections between the nodes.

This process is repeated for all languages; the only differences in implementation are syntax-related. 

In C++, use pointers and ""->"" to access the next node. In Java and Python, we use dot notation to access the next attribute. In JavaScript, we also use dot notation and ""==="" for equality comparison between left and right.","```python
def reverseBetween(head, left, right):
    if not head or left == right:
        return head
    dummy = ListNode(0)
    dummy.next = head
    pre = dummy
    for i in range(1, left):
        pre = pre.next
    cur = pre.next
    for i in range(left, right):
        t = cur.next
        cur.next = t.next
        t.next = pre.next
        pre.next = t
    return dummy.next
```","def reverseBetween(head, left, right):
    if not head or left == right:
        return head
    dummy = ListNode(0)
    dummy.next = head
    pre = dummy
    for i in range(1, left):
        pre = pre.next
    cur = pre.next
    for i in range(left, right):
        t = cur.next
        cur.next = t.next
        t.next = pre.next
        pre.next = t
    return dummy.next","Here is the equivalent code in Python:

```python
class ListNode:
    def __init__(self, val=0, next=None):
        self.val = val
        self.next = next

def reverseBetween(head, left, right):
    if head is None or left == right:
        return head
    dummy = ListNode(0)
    dummy.next = head
    pre = dummy
    for i in range(1, left):
        pre = pre.next
    cur = pre.next
    for i in range(left, right):
        t = cur.next
        cur.next = t.next
        t.next = pre.next
        pre.next = t
    return dummy.next
```","```python
class ListNode:
    def __init__(self, val=0, next=None):
        self.val = val
        self.next = next

def reverseBetween(head, left, right):
    if not head or left == right:
        return head
    dummy = ListNode(0)
    dummy.next = head
    pre = dummy
    for i in range(1, left):
        pre = pre.next
    cur = pre.next
    for i in range(left, right):
        t = cur.next
        cur.next = t.next
        t.next = pre.next
        pre.next = t
    return dummy.next
```","class ListNode:
    def __init__(self, val=0, next=None):
        self.val = val
        self.next = next

def reverseBetween(head, left, right):
    if head is None or left == right:
        return head
    dummy = ListNode(0)
    dummy.next = head
    pre = dummy
    for i in range(1, left):
        pre = pre.next
    cur = pre.next
    for i in range(left, right):
        t = cur.next
        cur.next = t.next
        t.next = pre.next
        pre.next = t
    return dummy.next","class ListNode:
    def __init__(self, val=0, next=None):
        self.val = val
        self.next = next

def reverseBetween(head, left, right):
    if not head or left == right:
        return head
    dummy = ListNode(0)
    dummy.next = head
    pre = dummy
    for i in range(1, left):
        pre = pre.next
    cur = pre.next
    for i in range(left, right):
        t = cur.next
        cur.next = t.next
        t.next = pre.next
        pre.next = t
    return dummy.next"
103,104,maximum-depth-of-binary-tree,Maximum Depth of Binary Tree,Easy,"Given the `root` of a binary tree, return _its maximum depth_.

A binary tree's **maximum depth** is the number of nodes along the longest path from the root node down to the farthest leaf node.

**Example 1:**

**Input:** root = \[3,9,20,null,null,15,7\]
**Output:** 3

**Example 2:**

**Input:** root = \[1,null,2\]
**Output:** 2

**Constraints:**

*   The number of nodes in the tree is in the range `[0, 104]`.
*   `-100 <= Node.val <= 100`","public int maxDepth(TreeNode root) {
    if (root == null) {
        return 0;
    }
    return 1 + Math.max(maxDepth(root.left), maxDepth(root.right));
}","The algorithm is a simple recursive traversal of the binary tree. We start from the root, and for each node, we calculate the maximum depth of its left and right subtrees. We return the maximum of these two depths plus 1 (for the current node). If the node is null, we return a depth of 0 since this path doesn't exist. This way, we traverse all potential paths in the tree and return the longest one.","int maxDepth(TreeNode* root) {
    if (root == nullptr) {
        return 0;
    }
    return 1 + max(maxDepth(root->left), maxDepth(root->right));
}","The algorithm is a simple recursive traversal of the binary tree. We start from the root, and for each node, we calculate the maximum depth of its left and right subtrees. We return the maximum of these two depths plus 1 (for the current node). If the node is null, we return a depth of 0 since this path doesn't exist. This way, we traverse all potential paths in the tree and return the longest one.","def maxDepth(root):
    if root is None:
        return 0
    return 1 + max(maxDepth(root.left), maxDepth(root.right))","The algorithm is a simple recursive traversal of the binary tree. We start from the root, and for each node, we calculate the maximum depth of its left and right subtrees. We return the maximum of these two depths plus 1 (for the current node). If the node is null, we return a depth of 0 since this path doesn't exist. This way, we traverse all potential paths in the tree and return the longest one.","function maxDepth(root) {
    if (root === null) {
        return 0;
    }
    return 1 + Math.max(maxDepth(root.left), maxDepth(root.right));
}","The algorithm is a simple recursive traversal of the binary tree. We start from the root, and for each node, we calculate the maximum depth of its left and right subtrees. We return the maximum of these two depths plus 1 (for the current node). If the node is null, we return a depth of 0 since this path doesn't exist. This way, we traverse all potential paths in the tree and return the longest one.","def maxDepth(root):
    if root is None:
        return 0
    return 1 + max(maxDepth(root.left), maxDepth(root.right))","def maxDepth(root):
    if root is None:
        return 0
    return 1 + max(maxDepth(root.left), maxDepth(root.right))","def maxDepth(root):
    if root is None:
        return 0
    return 1 + max(maxDepth(root.left), maxDepth(root.right)","def maxDepth(root):
    if root is None:
        return 0
    return 1 + max(maxDepth(root.left), maxDepth(root.right))","def maxDepth(root):
    if root is None:
        return 0
    return 1 + max(maxDepth(root.left), maxDepth(root.right)","def maxDepth(root):
    if root is None:
        return 0
    return 1 + max(maxDepth(root.left), maxDepth(root.right))"
113,114,flatten-binary-tree-to-linked-list,Flatten Binary Tree to Linked List,Medium,"Given the `root` of a binary tree, flatten the tree into a ""linked list "":

*   The ""linked list "" should use the same `TreeNode` class where the `right` child pointer points to the next node in the list and the `left` child pointer is always `null`.
*   The ""linked list "" should be in the same order as a [**pre-order** **traversal**](https://en.wikipedia.org/wiki/Tree_traversal#Pre-order,_NLR) of the binary tree.

**Example 1:**

**Input:** root = \[1,2,5,3,4,null,6\]
**Output:** \[1,null,2,null,3,null,4,null,5,null,6\]

**Example 2:**

**Input:** root = \[\]
**Output:** \[\]

**Example 3:**

**Input:** root = \[0\]
**Output:** \[0\]

**Constraints:**

*   The number of nodes in the tree is in the range `[0, 2000]`.
*   `-100 <= Node.val <= 100`

**Follow up:** Can you flatten the tree in-place (with `O(1)` extra space)?","public void flatten(TreeNode root) {
    if (root == null) return;
    flatten(root.left);
    flatten(root.right);
    if (root.left != null) {
        TreeNode temp = root.right;
        root.right = root.left;
        root.left = null;
        while (root.right != null) root = root.right;
        root.right = temp;
    }
}","1. Check if the root is null, then return.
2. Recursively flatten the left and right subtrees.
3. If there is a left subtree, temporarily store the right subtree in a variable `temp`.
4. Make the right subtree the left subtree and set the left subtree to null.
5. Move to the rightmost node in the new right subtree.
6. Set the right node of the rightmost node to the `temp` variable.
7. The tree will now be flattened into a ""linked list"" where all nodes are right child nodes.","void flatten(TreeNode* root) {
    if (!root) return;
    flatten(root->left);
    flatten(root->right);
    if (root->left) {
        TreeNode* temp = root->right;
        root->right = root->left;
        root->left = nullptr;
        while (root->right) root = root->right;
        root->right = temp;
    }
}","1. Check if the root is null, then return.
2. Recursively flatten the left and right subtrees.
3. If there is a left subtree, temporarily store the right subtree in a variable `temp`.
4. Make the right subtree the left subtree and set the left subtree to null.
5. Move to the rightmost node in the new right subtree.
6. Set the right node of the rightmost node to the `temp` variable.
7. The tree will now be flattened into a ""linked list"" where all nodes are right child nodes.","def flatten(root):
    if not root:
        return
    flatten(root.left)
    flatten(root.right)
    if root.left:
        temp = root.right
        root.right = root.left
        root.left = None
        while root.right:
            root = root.right
        root.right = temp","1. Check if the root is null, then return.
2. Recursively flatten the left and right subtrees.
3. If there is a left subtree, temporarily store the right subtree in a variable `temp`.
4. Make the right subtree the left subtree and set the left subtree to null.
5. Move to the rightmost node in the new right subtree.
6. Set the right node of the rightmost node to the `temp` variable.
7. The tree will now be flattened into a ""linked list"" where all nodes are right child nodes.","function flatten(root) {
    if (!root) return;
    flatten(root.left);
    flatten(root.right);
    if (root.left) {
        let temp = root.right;
        root.right = root.left;
        root.left = null;
        while (root.right) root = root.right;
        root.right = temp;
    }
}","1. Check if the root is null, then return.
2. Recursively flatten the left and right subtrees.
3. If there is a left subtree, temporarily store the right subtree in a variable `temp`.
4. Make the right subtree the left subtree and set the left subtree to null.
5. Move to the rightmost node in the new right subtree.
6. Set the right node of the rightmost node to the `temp` variable.
7. The tree will now be flattened into a ""linked list"" where all nodes are right child nodes.","def flatten(root):
    if not root:
        return
    flatten(root.left)
    flatten(root.right)
    if root.left:
        temp = root.right
        root.right = root.left
        root.left = None
        while root.right:
            root = root.right
        root.right = temp","def flatten(root):
    if not root:
        return
    flatten(root.left)
    flatten(root.right)
    if root.left:
        temp = root.right
        root.right = root.left
        root.left = None
        while root.right:
            root = root.right
        root.right = temp","```python
def flatten(root):
    if root is None:
        return
    flatten(root.left)
    flatten(root.right)
    if root.left is not None:
        temp = root.right
        root.right = root.left
        root.left = None
        while root.right is not None:
            root = root.right
        root.right = temp
```","Here is the equivalent code in Python:

```python
class TreeNode:
    def __init__(self, val=0, left=None, right=None):
        self.val = val
        self.left = left
        self.right = right

def flatten(root):
    if not root:
        return
    flatten(root.left)
    flatten(root.right)
    if root.left:
        temp = root.right
        root.right = root.left
        root.left = None
        while root.right:
            root = root.right
        root.right = temp
```","def flatten(root):
    if root is None:
        return
    flatten(root.left)
    flatten(root.right)
    if root.left is not None:
        temp = root.right
        root.right = root.left
        root.left = None
        while root.right is not None:
            root = root.right
        root.right = temp","class TreeNode:
    def __init__(self, val=0, left=None, right=None):
        self.val = val
        self.left = left
        self.right = right

def flatten(root):
    if not root:
        return
    flatten(root.left)
    flatten(root.right)
    if root.left:
        temp = root.right
        root.right = root.left
        root.left = None
        while root.right:
            root = root.right
        root.right = temp"
120,121,best-time-to-buy-and-sell-stock,Best Time to Buy and Sell Stock,Easy,"You are given an array `prices` where `prices[i]` is the price of a given stock on the `ith` day.

You want to maximize your profit by choosing a **single day** to buy one stock and choosing a **different day in the future** to sell that stock.

Return _the maximum profit you can achieve from this transaction_. If you cannot achieve any profit, return `0`.

**Example 1:**

**Input:** prices = \[7,1,5,3,6,4\]
**Output:** 5
**Explanation:** Buy on day 2 (price = 1) and sell on day 5 (price = 6), profit = 6-1 = 5.
Note that buying on day 2 and selling on day 1 is not allowed because you must buy before you sell.

**Example 2:**

**Input:** prices = \[7,6,4,3,1\]
**Output:** 0
**Explanation:** In this case, no transactions are done and the max profit = 0.

**Constraints:**

*   `1 <= prices.length <= 105`
*   `0 <= prices[i] <= 104`","public int maxProfit(int[] prices) {
    int minPrice = Integer.MAX_VALUE;
    int maxProfit = 0;
    for (int price : prices) {
        minPrice = Math.min(minPrice, price);
        maxProfit = Math.max(maxProfit, price - minPrice);
    }
    return maxProfit;
}","The algorithm iterates through the input array of prices. We maintain two variables: `minPrice` to track the minimum price encountered up to the current day, and `maxProfit` to track maximum achievable profit. 

For each day, we update:
1. `minPrice` by comparing its value with the current day's stock price.
2. `maxProfit` by comparing its value with the difference between the current day's stock price and the minimum stock price encountered so far.

At the end of the iteration, the algorithm returns the value stored in `maxProfit`, which is the maximum possible profit that can be achieved.","int maxProfit(vector<int>& prices) {
    int minPrice = INT_MAX;
    int maxProfit = 0;
    for (int price : prices) {
        minPrice = min(minPrice, price);
        maxProfit = max(maxProfit, price - minPrice);
    }
    return maxProfit;
}","The algorithm iterates through the input array of prices. We maintain two variables: `minPrice` to track the minimum price encountered up to the current day, and `maxProfit` to track maximum achievable profit. 

For each day, we update:
1. `minPrice` by comparing its value with the current day's stock price.
2. `maxProfit` by comparing its value with the difference between the current day's stock price and the minimum stock price encountered so far.

At the end of the iteration, the algorithm returns the value stored in `maxProfit`, which is the maximum possible profit that can be achieved.","def maxProfit(prices):
    minPrice = float('inf')
    maxProfit = 0
    for price in prices:
        minPrice = min(minPrice, price)
        maxProfit = max(maxProfit, price - minPrice)
    return maxProfit","The algorithm iterates through the input array of prices. We maintain two variables: `minPrice` to track the minimum price encountered up to the current day, and `maxProfit` to track maximum achievable profit. 

For each day, we update:
1. `minPrice` by comparing its value with the current day's stock price.
2. `maxProfit` by comparing its value with the difference between the current day's stock price and the minimum stock price encountered so far.

At the end of the iteration, the algorithm returns the value stored in `maxProfit`, which is the maximum possible profit that can be achieved.","function maxProfit(prices) {
    let minPrice = Number.MAX_VALUE;
    let maxProfit = 0;
    for (const price of prices) {
        minPrice = Math.min(minPrice, price);
        maxProfit = Math.max(maxProfit, price - minPrice);
    }
    return maxProfit;
}","The algorithm iterates through the input array of prices. We maintain two variables: `minPrice` to track the minimum price encountered up to the current day, and `maxProfit` to track maximum achievable profit. 

For each day, we update:
1. `minPrice` by comparing its value with the current day's stock price.
2. `maxProfit` by comparing its value with the difference between the current day's stock price and the minimum stock price encountered so far.

At the end of the iteration, the algorithm returns the value stored in `maxProfit`, which is the maximum possible profit that can be achieved.","def maxProfit(prices):
    minPrice = float('inf')
    maxProfit = 0
    for price in prices:
        minPrice = min(minPrice, price)
        maxProfit = max(maxProfit, price - minPrice)
    return maxProfit","def maxProfit(prices):
    minPrice = float('inf')
    maxProfit = 0
    for price in prices:
        minPrice = min(minPrice, price)
        maxProfit = max(maxProfit, price - minPrice)
    return maxProfit","def maxProfit(prices):
    minPrice = float('inf')
    maxProfit = 0
    for price in prices:
        minPrice = min(minPrice, price)
        maxProfit = max(maxProfit, price - minPrice)
    return maxProfit","def maxProfit(prices):
    minPrice = float('inf')
    maxProfit = 0
    for price in prices:
        minPrice = min(minPrice, price)
        maxProfit = max(maxProfit, price - minPrice)
    return maxProfit","def maxProfit(prices):
    minPrice = float('inf')
    maxProfit = 0
    for price in prices:
        minPrice = min(minPrice, price)
        maxProfit = max(maxProfit, price - minPrice)
    return maxProfit","def maxProfit(prices):
    minPrice = float('inf')
    maxProfit = 0
    for price in prices:
        minPrice = min(minPrice, price)
        maxProfit = max(maxProfit, price - minPrice)
    return maxProfit"
121,122,best-time-to-buy-and-sell-stock-ii,Best Time to Buy and Sell Stock II,Medium,"You are given an integer array `prices` where `prices[i]` is the price of a given stock on the `ith` day.

On each day, you may decide to buy and/or sell the stock. You can only hold **at most one** share of the stock at any time. However, you can buy it then immediately sell it on the **same day**.

Find and return _the **maximum** profit you can achieve_.

**Example 1:**

**Input:** prices = \[7,1,5,3,6,4\]
**Output:** 7
**Explanation:** Buy on day 2 (price = 1) and sell on day 3 (price = 5), profit = 5-1 = 4.
Then buy on day 4 (price = 3) and sell on day 5 (price = 6), profit = 6-3 = 3.
Total profit is 4 + 3 = 7.

**Example 2:**

**Input:** prices = \[1,2,3,4,5\]
**Output:** 4
**Explanation:** Buy on day 1 (price = 1) and sell on day 5 (price = 5), profit = 5-1 = 4.
Total profit is 4.

**Example 3:**

**Input:** prices = \[7,6,4,3,1\]
**Output:** 0
**Explanation:** There is no way to make a positive profit, so we never buy the stock to achieve the maximum profit of 0.

**Constraints:**

*   `1 <= prices.length <= 3 * 104`
*   `0 <= prices[i] <= 104`","public int maxProfit(int[] prices) {
    int max_profit = 0;
    for (int i = 1; i < prices.length; i++) {
        if (prices[i] > prices[i - 1]) {
            max_profit += prices[i] - prices[i - 1];
        }
    }
    return max_profit;
}","The algorithm loops through the given array of stock prices, starting from the second day. For each day, it checks if the price of the stock is higher than the previous day's price. If so, it calculates the difference between the two prices and adds this profit to the total maximum profit. By doing this, we are considering all the possible profitable transactions and accumulating the maximum profit we can achieve.

This approach has a runtime complexity of O(n), where n is the number of days in the input array.","int maxProfit(vector<int>& prices) {
    int max_profit = 0;
    for (int i = 1; i < prices.size(); i++) {
        if (prices[i] > prices[i - 1]) {
            max_profit += prices[i] - prices[i - 1];
        }
    }
    return max_profit;
}","The algorithm loops through the given array of stock prices, starting from the second day. For each day, it checks if the price of the stock is higher than the previous day's price. If so, it calculates the difference between the two prices and adds this profit to the total maximum profit. By doing this, we are considering all the possible profitable transactions and accumulating the maximum profit we can achieve.

This approach has a runtime complexity of O(n), where n is the number of days in the input array.","def max_profit(prices):
    max_profit = 0
    for i in range(1, len(prices)):
        if prices[i] > prices[i - 1]:
            max_profit += prices[i] - prices[i - 1]
    return max_profit","The algorithm loops through the given array of stock prices, starting from the second day. For each day, it checks if the price of the stock is higher than the previous day's price. If so, it calculates the difference between the two prices and adds this profit to the total maximum profit. By doing this, we are considering all the possible profitable transactions and accumulating the maximum profit we can achieve.

This approach has a runtime complexity of O(n), where n is the number of days in the input array.","function maxProfit(prices) {
    let max_profit = 0;
    for (let i = 1; i < prices.length; i++) {
        if (prices[i] > prices[i - 1]) {
            max_profit += prices[i] - prices[i - 1];
        }
    }
    return max_profit;
}","The algorithm loops through the given array of stock prices, starting from the second day. For each day, it checks if the price of the stock is higher than the previous day's price. If so, it calculates the difference between the two prices and adds this profit to the total maximum profit. By doing this, we are considering all the possible profitable transactions and accumulating the maximum profit we can achieve.

This approach has a runtime complexity of O(n), where n is the number of days in the input array.","def maxProfit(prices):
    max_profit = 0
    for i in range(1, len(prices)):
        if prices[i] > prices[i - 1]:
            max_profit += prices[i] - prices[i - 1]
    return max_profit","def maxProfit(prices):
    max_profit = 0
    for i in range(1, len(prices)):
        if prices[i] > prices[i - 1]:
            max_profit += prices[i] - prices[i - 1]
    return max_profit","def maxProfit(prices):
    max_profit = 0
    for i in range(1, len(prices)):
        if prices[i] > prices[i - 1]:
            max_profit += prices[i] - prices[i - 1]
    return max_profit","def maxProfit(prices):
    max_profit = 0
    for i in range(1, len(prices)):
        if prices[i] > prices[i - 1]:
            max_profit += prices[i] - prices[i - 1]
    return max_profit","def maxProfit(prices):
    max_profit = 0
    for i in range(1, len(prices)):
        if prices[i] > prices[i - 1]:
            max_profit += prices[i] - prices[i - 1]
    return max_profit","def maxProfit(prices):
    max_profit = 0
    for i in range(1, len(prices)):
        if prices[i] > prices[i - 1]:
            max_profit += prices[i] - prices[i - 1]
    return max_profit"
124,125,valid-palindrome,Valid Palindrome,Easy,"A phrase is a **palindrome** if, after converting all uppercase letters into lowercase letters and removing all non-alphanumeric characters, it reads the same forward and backward. Alphanumeric characters include letters and numbers.

Given a string `s`, return `true` _if it is a **palindrome**, or_ `false` _otherwise_.

**Example 1:**

**Input:** s =  ""A man, a plan, a canal: Panama ""
**Output:** true
**Explanation:**  ""amanaplanacanalpanama "" is a palindrome.

**Example 2:**

**Input:** s =  ""race a car ""
**Output:** false
**Explanation:**  ""raceacar "" is not a palindrome.

**Example 3:**

**Input:** s =  ""  ""
**Output:** true
**Explanation:** s is an empty string  "" "" after removing non-alphanumeric characters.
Since an empty string reads the same forward and backward, it is a palindrome.

**Constraints:**

*   `1 <= s.length <= 2 * 105`
*   `s` consists only of printable ASCII characters.","public boolean isPalindrome(String s) {
    StringBuilder cleaned = new StringBuilder();
    for (char c : s.toCharArray()) {
        if (Character.isLetterOrDigit(c)) {
            cleaned.append(Character.toLowerCase(c));
        }
    }
    int left = 0, right = cleaned.length() - 1;
    while (left < right) {
        if (cleaned.charAt(left++) != cleaned.charAt(right--)) return false;
    }
    return true;
}","1. Clean the given string by removing non-alphanumeric characters and converting uppercase letters to lowercase.
2. Initialize two pointers: `left` pointing to the beginning of the cleaned string and `right` pointing to the end.
3. Iterate through the cleaning string, comparing the characters at the `left` and `right` pointers. If they are not equal, return `false` as it's not a palindrome.
4. If the loop completes, it means the input string is a palindrome, so return `true`.","#include <cctype>
#include <algorithm>

bool isPalindrome(std::string s) {
    s.erase(std::remove_if(s.begin(), s.end(), [](char c) { return !std::isalnum(c); }), s.end());
    std::transform(s.begin(), s.end(), s.begin(), ::tolower);
    int left = 0, right = s.size() - 1;
    while (left < right) {
        if (s[left++] != s[right--]) return false;
    }
    return true;
}","1. Clean the given string by removing non-alphanumeric characters and converting uppercase letters to lowercase.
2. Initialize two pointers: `left` pointing to the beginning of the cleaned string and `right` pointing to the end.
3. Iterate through the cleaning string, comparing the characters at the `left` and `right` pointers. If they are not equal, return `false` as it's not a palindrome.
4. If the loop completes, it means the input string is a palindrome, so return `true`.","def isPalindrome(s: str) -> bool:
    cleaned = """".join(c.lower() for c in s if c.isalnum())
    left, right = 0, len(cleaned) - 1
    while left < right:
        if cleaned[left] != cleaned[right]:
            return False
        left += 1
        right -= 1
    return True","1. Clean the given string by removing non-alphanumeric characters and converting uppercase letters to lowercase.
2. Initialize two pointers: `left` pointing to the beginning of the cleaned string and `right` pointing to the end.
3. Iterate through the cleaning string, comparing the characters at the `left` and `right` pointers. If they are not equal, return `false` as it's not a palindrome.
4. If the loop completes, it means the input string is a palindrome, so return `true`.","function isPalindrome(s) {
    const cleaned = s.toLowerCase().replace(/[^a-z0-9]/g, '');
    let left = 0, right = cleaned.length - 1;
    while (left < right) {
        if (cleaned[left++] !== cleaned[right--]) return false;
    }
    return true;
}","1. Clean the given string by removing non-alphanumeric characters and converting uppercase letters to lowercase.
2. Initialize two pointers: `left` pointing to the beginning of the cleaned string and `right` pointing to the end.
3. Iterate through the cleaning string, comparing the characters at the `left` and `right` pointers. If they are not equal, return `false` as it's not a palindrome.
4. If the loop completes, it means the input string is a palindrome, so return `true`.","def is_palindrome(s):
    cleaned = ''.join(filter(str.isalnum, s.lower()))
    left = 0
    right = len(cleaned) - 1
    while left < right:
        if cleaned[left] != cleaned[right]:
            return False
        left += 1
        right -= 1
    return True","def is_palindrome(s):
    cleaned = ''.join(filter(str.isalnum, s.lower()))
    left = 0
    right = len(cleaned) - 1
    while left < right:
        if cleaned[left] != cleaned[right]:
            return False
        left += 1
        right -= 1
    return True","def is_palindrome(s):
    cleaned = """"
    for c in s:
        if c.isalnum():
            cleaned += c.lower()
    left = 0
    right = len(cleaned) - 1
    while left < right:
        if cleaned[left] != cleaned[right]:
            return False
        left += 1
        right -= 1
    return True","Here is the equivalent code in Python:

```python
def is_palindrome(s):
    s = ''.join(c for c in s if c.isalnum())
    s = s.lower()
    left, right = 0, len(s) - 1
    while left < right:
        if s[left] != s[right]:
            return False
        left += 1
        right -= 1
    return True
```","def is_palindrome(s):
    cleaned = """"
    for c in s:
        if c.isalnum():
            cleaned += c.lower()
    left = 0
    right = len(cleaned) - 1
    while left < right:
        if cleaned[left] != cleaned[right]:
            return False
        left += 1
        right -= 1
    return True","def is_palindrome(s):
    s = ''.join(c for c in s if c.isalnum())
    s = s.lower()
    left, right = 0, len(s) - 1
    while left < right:
        if s[left] != s[right]:
            return False
        left += 1
        right -= 1
    return True"
126,127,word-ladder,Word Ladder,Hard,"A **transformation sequence** from word `beginWord` to word `endWord` using a dictionary `wordList` is a sequence of words `beginWord -> s1 -> s2 -> ... -> sk` such that:

*   Every adjacent pair of words differs by a single letter.
*   Every `si` for `1 <= i <= k` is in `wordList`. Note that `beginWord` does not need to be in `wordList`.
*   `sk == endWord`

Given two words, `beginWord` and `endWord`, and a dictionary `wordList`, return _the **number of words** in the **shortest transformation sequence** from_ `beginWord` _to_ `endWord`_, or_ `0` _if no such sequence exists._

**Example 1:**

**Input:** beginWord =  ""hit "", endWord =  ""cog "", wordList = \[ ""hot "", ""dot "", ""dog "", ""lot "", ""log "", ""cog ""\]
**Output:** 5
**Explanation:** One shortest transformation sequence is  ""hit "" ->  ""hot "" ->  ""dot "" ->  ""dog "" -> cog "", which is 5 words long.

**Example 2:**

**Input:** beginWord =  ""hit "", endWord =  ""cog "", wordList = \[ ""hot "", ""dot "", ""dog "", ""lot "", ""log ""\]
**Output:** 0
**Explanation:** The endWord  ""cog "" is not in wordList, therefore there is no valid transformation sequence.

**Constraints:**

*   `1 <= beginWord.length <= 10`
*   `endWord.length == beginWord.length`
*   `1 <= wordList.length <= 5000`
*   `wordList[i].length == beginWord.length`
*   `beginWord`, `endWord`, and `wordList[i]` consist of lowercase English letters.
*   `beginWord != endWord`
*   All the words in `wordList` are **unique**.","import java.util.HashSet;
import java.util.LinkedList;
import java.util.Queue;
import java.util.Set;

public int ladderLength(String beginWord, String endWord, List<String> wordList) {
    Set<String> dict = new HashSet<>(wordList);
    if (!dict.contains(endWord)) return 0;

    Queue<String> q = new LinkedList<>();
    q.offer(beginWord);
    int steps = 1;

    while (!q.isEmpty()) {
        int size = q.size();
        for (int i = 0; i < size; ++i) {
            String currentWord = q.poll();
            if (currentWord.equals(endWord)) return steps;

            char[] charArray = currentWord.toCharArray();
            for (int j = 0; j < charArray.length; ++j) {
                char originalChar = charArray[j];
                for (int k = 0; k < 26; ++k) {
                    charArray[j] = (char) ('a' + k);
                    String newWord = new String(charArray);
                    if (dict.remove(newWord)) {
                        q.offer(newWord);
                    }
                }
                charArray[j] = originalChar;
            }
        }
        ++steps;
    }
    return 0;
}","In this problem, we use a breadth-first search (BFS) algorithm to find the shortest transformation sequence from `beginWord` to `endWord`:

1. Create an unordered set `dict` or `word_set` with all the words from `wordList` for fast look-up, and check if it contains the `endWord`.
2. Create a queue for BFS, initialize it with `beginWord`, and initialize `steps` variable to 1.
3. Repeat the following steps while the queue is not empty:
   a) For each level of BFS, store the current level size, and create an empty set for `current_level` (only in Python & JavaScript).
   b) Iterate for each word in the current BFS level:
      - Dequeue the next `currentWord`, and check for `endWord`; if found return the current `steps` value.
      - Iterate through each character of the `currentWord`; for every character, replace it with 26 possible lowercase alphabets.
        - If the new word is in the `dict` or `word_set`, enqueue it in the queue, and remove it. In Python and JavaScript, also add it to the `current_level` set.
      - Revert the character back to the original character.
   c) Increment the `steps` value by 1, and in Python/javascript, update the `word_set` by removing words present in `current_level`.
4. If the queue is empty and no sequence is found, return 0.","#include <string>
#include <vector>
#include <queue>
#include <unordered_set>

int ladderLength(std::string beginWord, std::string endWord, std::vector<std::string>& wordList) {
    std::unordered_set<std::string> dict(wordList.begin(), wordList.end());
    if (!dict.count(endWord)) return 0;

    std::queue<std::string> q;
    q.push(beginWord);
    int steps = 1;

    while (!q.empty()) {
        int size = q.size();
        for (int i = 0; i < size; ++i) {
            std::string currentWord = q.front();
            q.pop();
            if (currentWord == endWord) return steps;

            for (char& c : currentWord) {
                char originalChar = c;
                for (int j = 0; j < 26; ++j) {
                    c = 'a' + j;
                    if (dict.count(currentWord)) {
                        q.push(currentWord);
                        dict.erase(currentWord);
                    }
                }
                c = originalChar;
            }
        }
        ++steps;
    }
    return 0;
}","In this problem, we use a breadth-first search (BFS) algorithm to find the shortest transformation sequence from `beginWord` to `endWord`:

1. Create an unordered set `dict` or `word_set` with all the words from `wordList` for fast look-up, and check if it contains the `endWord`.
2. Create a queue for BFS, initialize it with `beginWord`, and initialize `steps` variable to 1.
3. Repeat the following steps while the queue is not empty:
   a) For each level of BFS, store the current level size, and create an empty set for `current_level` (only in Python & JavaScript).
   b) Iterate for each word in the current BFS level:
      - Dequeue the next `currentWord`, and check for `endWord`; if found return the current `steps` value.
      - Iterate through each character of the `currentWord`; for every character, replace it with 26 possible lowercase alphabets.
        - If the new word is in the `dict` or `word_set`, enqueue it in the queue, and remove it. In Python and JavaScript, also add it to the `current_level` set.
      - Revert the character back to the original character.
   c) Increment the `steps` value by 1, and in Python/javascript, update the `word_set` by removing words present in `current_level`.
4. If the queue is empty and no sequence is found, return 0.","from collections import deque

def ladderLength(beginWord, endWord, wordList):
    word_set = set(wordList)
    if endWord not in word_set:
        return 0

    q = deque([beginWord])
    steps = 1

    while q:
        size = len(q)
        current_level = set()
        
        for _ in range(size):
            current_word = q.popleft()
            if current_word == endWord:
                return steps

            word_chars = list(current_word)
            for i in range(len(word_chars)):
                original_char = word_chars[i]
                for j in range(26):
                    word_chars[i] = chr(ord('a') + j)
                    new_word = ''.join(word_chars)
                    if new_word in word_set:
                        q.append(new_word)
                        current_level.add(new_word)
                        
                word_chars[i] = original_char
        
        word_set -= current_level
        steps += 1
        
    return 0","In this problem, we use a breadth-first search (BFS) algorithm to find the shortest transformation sequence from `beginWord` to `endWord`:

1. Create an unordered set `dict` or `word_set` with all the words from `wordList` for fast look-up, and check if it contains the `endWord`.
2. Create a queue for BFS, initialize it with `beginWord`, and initialize `steps` variable to 1.
3. Repeat the following steps while the queue is not empty:
   a) For each level of BFS, store the current level size, and create an empty set for `current_level` (only in Python & JavaScript).
   b) Iterate for each word in the current BFS level:
      - Dequeue the next `currentWord`, and check for `endWord`; if found return the current `steps` value.
      - Iterate through each character of the `currentWord`; for every character, replace it with 26 possible lowercase alphabets.
        - If the new word is in the `dict` or `word_set`, enqueue it in the queue, and remove it. In Python and JavaScript, also add it to the `current_level` set.
      - Revert the character back to the original character.
   c) Increment the `steps` value by 1, and in Python/javascript, update the `word_set` by removing words present in `current_level`.
4. If the queue is empty and no sequence is found, return 0.","function ladderLength(beginWord, endWord, wordList) {
    const wordSet = new Set(wordList);
    if (!wordSet.has(endWord)) return 0;

    const q = [beginWord];
    let steps = 1;

    while (q.length > 0) {
        const size = q.length;
        const currentLevel = new Set();

        for (let i = 0; i < size; ++i) {
            const currentWord = q.shift();
            if (currentWord === endWord) return steps;

            const wordChars = currentWord.split('');
            for (let j = 0; j < wordChars.length; ++j) {
                const originalChar = wordChars[j];
                for (let k = 0; k < 26; ++k) {
                    wordChars[j] = String.fromCharCode('a'.charCodeAt(0) + k);
                    const newWord = wordChars.join('');
                    if (wordSet.has(newWord)) {
                        q.push(newWord);
                        currentLevel.add(newWord);
                    }
                }
                wordChars[j] = originalChar;
            }
        }
        steps++;
        for (const word of currentLevel) {
            wordSet.delete(word);
        }
    }
    return 0;
}","In this problem, we use a breadth-first search (BFS) algorithm to find the shortest transformation sequence from `beginWord` to `endWord`:

1. Create an unordered set `dict` or `word_set` with all the words from `wordList` for fast look-up, and check if it contains the `endWord`.
2. Create a queue for BFS, initialize it with `beginWord`, and initialize `steps` variable to 1.
3. Repeat the following steps while the queue is not empty:
   a) For each level of BFS, store the current level size, and create an empty set for `current_level` (only in Python & JavaScript).
   b) Iterate for each word in the current BFS level:
      - Dequeue the next `currentWord`, and check for `endWord`; if found return the current `steps` value.
      - Iterate through each character of the `currentWord`; for every character, replace it with 26 possible lowercase alphabets.
        - If the new word is in the `dict` or `word_set`, enqueue it in the queue, and remove it. In Python and JavaScript, also add it to the `current_level` set.
      - Revert the character back to the original character.
   c) Increment the `steps` value by 1, and in Python/javascript, update the `word_set` by removing words present in `current_level`.
4. If the queue is empty and no sequence is found, return 0.","Here is the equivalent code in Python:

```python
from collections import deque

def ladderLength(beginWord, endWord, wordList):
    wordSet = set(wordList)
    if endWord not in wordSet:
        return 0

    q = deque([beginWord])
    steps = 1

    while q:
        size = len(q)
        currentLevel = set()

        for _ in range(size):
            currentWord = q.popleft()
            if currentWord == endWord:
                return steps

            wordChars = list(currentWord)
            for j in range(len(wordChars)):
                originalChar = wordChars[j]
                for k in range(26):
                    wordChars[j] = chr(ord('a') + k)
                    newWord = ''.join(wordChars)
                    if newWord in wordSet:
                        q.append(newWord)
                        currentLevel.add(newWord)
                wordChars[j] = originalChar

        steps += 1
        for word in currentLevel:
            wordSet.remove(word)

    return 0
```","from collections import deque

def ladderLength(beginWord, endWord, wordList):
    wordSet = set(wordList)
    if endWord not in wordSet:
        return 0

    q = deque([beginWord])
    steps = 1

    while q:
        size = len(q)
        currentLevel = set()

        for _ in range(size):
            currentWord = q.popleft()
            if currentWord == endWord:
                return steps

            wordChars = list(currentWord)
            for j in range(len(wordChars)):
                originalChar = wordChars[j]
                for k in range(26):
                    wordChars[j] = chr(ord('a') + k)
                    newWord = ''.join(wordChars)
                    if newWord in wordSet:
                        q.append(newWord)
                        currentLevel.add(newWord)
                wordChars[j] = originalChar

        steps += 1
        for word in currentLevel:
            wordSet.remove(word)

    return 0","```python
from collections import deque

def ladderLength(beginWord, endWord, wordList):
    dict = set(wordList)
    if endWord not in dict:
        return 0

    q = deque()
    q.append(beginWord)
    steps = 1

    while q:
        size = len(q)
        for _ in range(size):
            currentWord = q.popleft()
            if currentWord == endWord:
                return steps

            charArray = list(currentWord)
            for j in range(len(charArray)):
                originalChar = charArray[j]
                for k in range(26):
                    charArray[j] = chr(ord('a') + k)
                    newWord = ''.join(charArray)
                    if newWord in dict:
                        dict.remove(newWord)
                        q.append(newWord)
                charArray[j] = originalChar
        steps += 1

    return 0
```","Here is the equivalent Python code:

```python
from collections import deque

def ladderLength(beginWord, endWord, wordList):
    dict_set = set(wordList)
    if endWord not in dict_set:
        return 0

    queue = deque()
    queue.append(beginWord)
    steps = 1

    while queue:
        size = len(queue)
        for _ in range(size):
            current_word = queue.popleft()
            if current_word == endWord:
                return steps

            for i in range(len(current_word)):
                original_char = current_word[i]
                for j in range(26):
                    new_char = chr(ord('a') + j)
                    if new_char != original_char:
                        new_word = current_word[:i] + new_char + current_word[i+1:]
                        if new_word in dict_set:
                            queue.append(new_word)
                            dict_set.remove(new_word)
                current_word = current_word[:i] + original_char + current_word[i+1:]

        steps += 1

    return 0
```","from collections import deque

def ladderLength(beginWord, endWord, wordList):
    dict = set(wordList)
    if endWord not in dict:
        return 0

    q = deque()
    q.append(beginWord)
    steps = 1

    while q:
        size = len(q)
        for _ in range(size):
            currentWord = q.popleft()
            if currentWord == endWord:
                return steps

            charArray = list(currentWord)
            for j in range(len(charArray)):
                originalChar = charArray[j]
                for k in range(26):
                    charArray[j] = chr(ord('a') + k)
                    newWord = ''.join(charArray)
                    if newWord in dict:
                        dict.remove(newWord)
                        q.append(newWord)
                charArray[j] = originalChar
        steps += 1

    return 0","from collections import deque

def ladderLength(beginWord, endWord, wordList):
    dict_set = set(wordList)
    if endWord not in dict_set:
        return 0

    queue = deque()
    queue.append(beginWord)
    steps = 1

    while queue:
        size = len(queue)
        for _ in range(size):
            current_word = queue.popleft()
            if current_word == endWord:
                return steps

            for i in range(len(current_word)):
                original_char = current_word[i]
                for j in range(26):
                    new_char = chr(ord('a') + j)
                    if new_char != original_char:
                        new_word = current_word[:i] + new_char + current_word[i+1:]
                        if new_word in dict_set:
                            queue.append(new_word)
                            dict_set.remove(new_word)
                current_word = current_word[:i] + original_char + current_word[i+1:]

        steps += 1

    return 0"
127,128,longest-consecutive-sequence,Longest Consecutive Sequence,Medium,"Given an unsorted array of integers `nums`, return _the length of the longest consecutive elements sequence._

You must write an algorithm that runs in `O(n)` time.

**Example 1:**

**Input:** nums = \[100,4,200,1,3,2\]
**Output:** 4
**Explanation:** The longest consecutive elements sequence is `[1, 2, 3, 4]`. Therefore its length is 4.

**Example 2:**

**Input:** nums = \[0,3,7,2,5,8,4,6,0,1\]
**Output:** 9

**Constraints:**

*   `0 <= nums.length <= 105`
*   `-109 <= nums[i] <= 109`","public int longestConsecutive(int[] nums) {
    Set<Integer> elements = new HashSet<>();
    for (int num : nums) {
        elements.add(num);
    }
    
    int longestSeq = 0;
    
    for (int num : nums) {
        if (!elements.contains(num - 1)) {
            int currentNum = num;
            int currentSeq = 1;
            
            while (elements.contains(currentNum + 1)) {
                currentNum++;
                currentSeq++;
            }
            
            longestSeq = Math.max(longestSeq, currentSeq);
        }
    }
    return longestSeq;
}","The algorithm first creates a set (or hash set) with the given array of integers called `elements`. The set will allow us to have a fast O(1) lookup on our next step.
Now we iterate through the original array of numbers, and for each number, we check if `(number - 1)` is not in the `elements` set. If it's not in the set, it means we can start counting a new consecutive sequence.
Next, we create two variables, `currentNum` and `currentSeq`, and initialize them with the current number and 1, respectively.
We then use a while loop to check if the next number (`currentNum + 1`) is in the `elements` set. If it is, we increment both `currentNum` and `currentSeq`. This process will continue, finding consecutive elements in the set, until no more consecutive elements are found.
Finally, to get the length of the longest consecutive sequence, we update the `longestSeq` variable by choosing the maximum value between itself and `currentSeq`. This will keep track of the longest consecutive sequence found so far.
The process continues until all numbers in the original array have been checked, and at the end, `longestSeq` will store the answer - the length of the longest consecutive elements sequence.","int longestConsecutive(vector<int>& nums) {
    unordered_set<int> elements(nums.begin(), nums.end());
    int longestSeq = 0;
    
    for (int num : nums) {
        if (elements.find(num - 1) == elements.end()) {
            int currentNum = num;
            int currentSeq = 1;
            
            while (elements.find(currentNum + 1) != elements.end()) {
                currentNum += 1;
                currentSeq += 1;
            }
            
            longestSeq = max(longestSeq, currentSeq);
        }
    }
    return longestSeq;
}","The algorithm first creates a set (or hash set) with the given array of integers called `elements`. The set will allow us to have a fast O(1) lookup on our next step.
Now we iterate through the original array of numbers, and for each number, we check if `(number - 1)` is not in the `elements` set. If it's not in the set, it means we can start counting a new consecutive sequence.
Next, we create two variables, `currentNum` and `currentSeq`, and initialize them with the current number and 1, respectively.
We then use a while loop to check if the next number (`currentNum + 1`) is in the `elements` set. If it is, we increment both `currentNum` and `currentSeq`. This process will continue, finding consecutive elements in the set, until no more consecutive elements are found.
Finally, to get the length of the longest consecutive sequence, we update the `longestSeq` variable by choosing the maximum value between itself and `currentSeq`. This will keep track of the longest consecutive sequence found so far.
The process continues until all numbers in the original array have been checked, and at the end, `longestSeq` will store the answer - the length of the longest consecutive elements sequence.","def longest_consecutive(nums):
    elements = set(nums)
    longest_seq = 0

    for num in nums:
        if num - 1 not in elements:
            current_num = num
            current_seq = 1
            
            while current_num + 1 in elements:
                current_num += 1
                current_seq += 1

            longest_seq = max(longest_seq, current_seq)
    
    return longest_seq","The algorithm first creates a set (or hash set) with the given array of integers called `elements`. The set will allow us to have a fast O(1) lookup on our next step.
Now we iterate through the original array of numbers, and for each number, we check if `(number - 1)` is not in the `elements` set. If it's not in the set, it means we can start counting a new consecutive sequence.
Next, we create two variables, `currentNum` and `currentSeq`, and initialize them with the current number and 1, respectively.
We then use a while loop to check if the next number (`currentNum + 1`) is in the `elements` set. If it is, we increment both `currentNum` and `currentSeq`. This process will continue, finding consecutive elements in the set, until no more consecutive elements are found.
Finally, to get the length of the longest consecutive sequence, we update the `longestSeq` variable by choosing the maximum value between itself and `currentSeq`. This will keep track of the longest consecutive sequence found so far.
The process continues until all numbers in the original array have been checked, and at the end, `longestSeq` will store the answer - the length of the longest consecutive elements sequence.","function longestConsecutive(nums) {
    const elements = new Set(nums);
    let longestSeq = 0;

    for (const num of nums) {
        if (!elements.has(num - 1)) {
            let currentNum = num;
            let currentSeq = 1;

            while (elements.has(currentNum + 1)) {
                currentNum++;
                currentSeq++;
            }

            longestSeq = Math.max(longestSeq, currentSeq);
        }
    }

    return longestSeq;
}","The algorithm first creates a set (or hash set) with the given array of integers called `elements`. The set will allow us to have a fast O(1) lookup on our next step.
Now we iterate through the original array of numbers, and for each number, we check if `(number - 1)` is not in the `elements` set. If it's not in the set, it means we can start counting a new consecutive sequence.
Next, we create two variables, `currentNum` and `currentSeq`, and initialize them with the current number and 1, respectively.
We then use a while loop to check if the next number (`currentNum + 1`) is in the `elements` set. If it is, we increment both `currentNum` and `currentSeq`. This process will continue, finding consecutive elements in the set, until no more consecutive elements are found.
Finally, to get the length of the longest consecutive sequence, we update the `longestSeq` variable by choosing the maximum value between itself and `currentSeq`. This will keep track of the longest consecutive sequence found so far.
The process continues until all numbers in the original array have been checked, and at the end, `longestSeq` will store the answer - the length of the longest consecutive elements sequence.","def longestConsecutive(nums):
    elements = set(nums)
    longestSeq = 0

    for num in nums:
        if num - 1 not in elements:
            currentNum = num
            currentSeq = 1

            while currentNum + 1 in elements:
                currentNum += 1
                currentSeq += 1

            longestSeq = max(longestSeq, currentSeq)

    return longestSeq","def longestConsecutive(nums):
    elements = set(nums)
    longestSeq = 0

    for num in nums:
        if num - 1 not in elements:
            currentNum = num
            currentSeq = 1

            while currentNum + 1 in elements:
                currentNum += 1
                currentSeq += 1

            longestSeq = max(longestSeq, currentSeq)

    return longestSeq","```python
def longestConsecutive(nums):
    elements = set(nums)
    longestSeq = 0
    
    for num in nums:
        if num - 1 not in elements:
            currentNum = num
            currentSeq = 1
            
            while currentNum + 1 in elements:
                currentNum += 1
                currentSeq += 1
            
            longestSeq = max(longestSeq, currentSeq)
    
    return longestSeq
```","Here is the equivalent Python code:

```python
def longestConsecutive(nums):
    elements = set(nums)
    longestSeq = 0
    
    for num in nums:
        if num - 1 not in elements:
            currentNum = num
            currentSeq = 1
            
            while currentNum + 1 in elements:
                currentNum += 1
                currentSeq += 1
            
            longestSeq = max(longestSeq, currentSeq)
    
    return longestSeq
```","def longestConsecutive(nums):
    elements = set(nums)
    longestSeq = 0
    
    for num in nums:
        if num - 1 not in elements:
            currentNum = num
            currentSeq = 1
            
            while currentNum + 1 in elements:
                currentNum += 1
                currentSeq += 1
            
            longestSeq = max(longestSeq, currentSeq)
    
    return longestSeq","def longestConsecutive(nums):
    elements = set(nums)
    longestSeq = 0
    
    for num in nums:
        if num - 1 not in elements:
            currentNum = num
            currentSeq = 1
            
            while currentNum + 1 in elements:
                currentNum += 1
                currentSeq += 1
            
            longestSeq = max(longestSeq, currentSeq)
    
    return longestSeq"
128,129,sum-root-to-leaf-numbers,Sum Root to Leaf Numbers,Medium,"You are given the `root` of a binary tree containing digits from `0` to `9` only.

Each root-to-leaf path in the tree represents a number.

*   For example, the root-to-leaf path `1 -> 2 -> 3` represents the number `123`.

Return _the total sum of all root-to-leaf numbers_. Test cases are generated so that the answer will fit in a **32-bit** integer.

A **leaf** node is a node with no children.

**Example 1:**

**Input:** root = \[1,2,3\]
**Output:** 25
**Explanation:**
The root-to-leaf path `1->2` represents the number `12`.
The root-to-leaf path `1->3` represents the number `13`.
Therefore, sum = 12 + 13 = `25`.

**Example 2:**

**Input:** root = \[4,9,0,5,1\]
**Output:** 1026
**Explanation:**
The root-to-leaf path `4->9->5` represents the number 495.
The root-to-leaf path `4->9->1` represents the number 491.
The root-to-leaf path `4->0` represents the number 40.
Therefore, sum = 495 + 491 + 40 = `1026`.

**Constraints:**

*   The number of nodes in the tree is in the range `[1, 1000]`.
*   `0 <= Node.val <= 9`
*   The depth of the tree will not exceed `10`.","public int sumNumbers(TreeNode root) {
    return sumNumbersHelper(root, 0);
}

private int sumNumbersHelper(TreeNode root, int cur) {
    if (root == null) return 0;
    cur = cur * 10 + root.val;
    if (root.left == null && root.right == null) return cur;
    return sumNumbersHelper(root.left, cur) + sumNumbersHelper(root.right, cur);
}","The algorithm is a depth-first search (DFS) algorithm that traverses the binary tree. The function is called recursively with the current node and the sum of the numbers traversed till that node. At the beginning, the sum is initialized to zero.

If the root is null, it means we have reached the end of a path, so we return 0.

We update the current sum by multiplying it with 10 and adding the value of the current root to it. If the current node is a leaf node (both left and right are null), we return the current sum.

Finally, the result is a sum of the values returned from the left and right subtrees. Since we use the same code for all languages, the only difference lies in the syntax and how the null values are handled.","int sumNumbers(TreeNode* root, int cur = 0) {
    if (!root) return 0;
    cur = cur * 10 + root->val;
    if (!root->left && !root->right) return cur;
    return sumNumbers(root->left, cur) + sumNumbers(root->right, cur);
}","The algorithm is a depth-first search (DFS) algorithm that traverses the binary tree. The function is called recursively with the current node and the sum of the numbers traversed till that node. At the beginning, the sum is initialized to zero.

If the root is null, it means we have reached the end of a path, so we return 0.

We update the current sum by multiplying it with 10 and adding the value of the current root to it. If the current node is a leaf node (both left and right are null), we return the current sum.

Finally, the result is a sum of the values returned from the left and right subtrees. Since we use the same code for all languages, the only difference lies in the syntax and how the null values are handled.","def sumNumbers(root, cur=0):
    if root is None: return 0
    cur = cur * 10 + root.val
    if root.left is None and root.right is None: return cur
    return sumNumbers(root.left, cur) + sumNumbers(root.right, cur)","The algorithm is a depth-first search (DFS) algorithm that traverses the binary tree. The function is called recursively with the current node and the sum of the numbers traversed till that node. At the beginning, the sum is initialized to zero.

If the root is null, it means we have reached the end of a path, so we return 0.

We update the current sum by multiplying it with 10 and adding the value of the current root to it. If the current node is a leaf node (both left and right are null), we return the current sum.

Finally, the result is a sum of the values returned from the left and right subtrees. Since we use the same code for all languages, the only difference lies in the syntax and how the null values are handled.","function sumNumbers(root, cur = 0) {
    if (!root) return 0;
    cur = cur * 10 + root.val;
    if (!root.left && !root.right) return cur;
    return sumNumbers(root.left, cur) + sumNumbers(root.right, cur);
}","The algorithm is a depth-first search (DFS) algorithm that traverses the binary tree. The function is called recursively with the current node and the sum of the numbers traversed till that node. At the beginning, the sum is initialized to zero.

If the root is null, it means we have reached the end of a path, so we return 0.

We update the current sum by multiplying it with 10 and adding the value of the current root to it. If the current node is a leaf node (both left and right are null), we return the current sum.

Finally, the result is a sum of the values returned from the left and right subtrees. Since we use the same code for all languages, the only difference lies in the syntax and how the null values are handled.","def sumNumbers(root, cur=0):
    if not root:
        return 0
    cur = cur * 10 + root.val
    if not root.left and not root.right:
        return cur
    return sumNumbers(root.left, cur) + sumNumbers(root.right, cur)","def sumNumbers(root, cur=0):
    if not root:
        return 0
    cur = cur * 10 + root.val
    if not root.left and not root.right:
        return cur
    return sumNumbers(root.left, cur) + sumNumbers(root.right, cur)","def sumNumbers(root):
    return sumNumbersHelper(root, 0)

def sumNumbersHelper(root, cur):
    if root is None:
        return 0
    cur = cur * 10 + root.val
    if root.left is None and root.right is None:
        return cur
    return sumNumbersHelper(root.left, cur) + sumNumbersHelper(root.right, cur)","def sumNumbers(root, cur=0):
    if not root:
        return 0
    cur = cur * 10 + root.val
    if not root.left and not root.right:
        return cur
    return sumNumbers(root.left, cur) + sumNumbers(root.right, cur)","def sumNumbers(root):
    return sumNumbersHelper(root, 0)

def sumNumbersHelper(root, cur):
    if root is None:
        return 0
    cur = cur * 10 + root.val
    if root.left is None and root.right is None:
        return cur
    return sumNumbersHelper(root.left, cur) + sumNumbersHelper(root.right, cur)","def sumNumbers(root, cur=0):
    if not root:
        return 0
    cur = cur * 10 + root.val
    if not root.left and not root.right:
        return cur
    return sumNumbers(root.left, cur) + sumNumbers(root.right, cur)"
129,130,surrounded-regions,Surrounded Regions,Medium,"Given an `m x n` matrix `board` containing `'X'` and `'O'`, _capture all regions that are 4-directionally surrounded by_ `'X'`.

A region is **captured** by flipping all `'O'`s into `'X'`s in that surrounded region.

**Example 1:**

**Input:** board = \[\[ ""X "", ""X "", ""X "", ""X ""\],\[ ""X "", ""O "", ""O "", ""X ""\],\[ ""X "", ""X "", ""O "", ""X ""\],\[ ""X "", ""O "", ""X "", ""X ""\]\]
**Output:** \[\[ ""X "", ""X "", ""X "", ""X ""\],\[ ""X "", ""X "", ""X "", ""X ""\],\[ ""X "", ""X "", ""X "", ""X ""\],\[ ""X "", ""O "", ""X "", ""X ""\]\]
**Explanation:** Notice that an 'O' should not be flipped if:
- It is on the border, or
- It is adjacent to an 'O' that should not be flipped.
The bottom 'O' is on the border, so it is not flipped.
The other three 'O' form a surrounded region, so they are flipped.

**Example 2:**

**Input:** board = \[\[ ""X ""\]\]
**Output:** \[\[ ""X ""\]\]

**Constraints:**

*   `m == board.length`
*   `n == board[i].length`
*   `1 <= m, n <= 200`
*   `board[i][j]` is `'X'` or `'O'`.","class Solution {
    public void solve(char[][] board) {
        if (board.length == 0) return;
        int m = board.length, n = board[0].length;

        for (int i = 0; i < m; ++i) {
            dfs(board, i, 0);
            dfs(board, i, n - 1);
        }
        for (int i = 0; i < n; ++i) {
            dfs(board, 0, i);
            dfs(board, m - 1, i);
        }
        for (int i = 0; i < m; ++i) {
            for (int j = 0; j < n; ++j) {
                if (board[i][j] == '#') board[i][j] = 'O';
                else if (board[i][j] == 'O') board[i][j] = 'X';
            }
        }
    }

    private void dfs(char[][] board, int x, int y) {
        if (x < 0 || x >= board.length || y < 0 || y >= board[0].length || board[x][y] != 'O') {
            return;
        }
        board[x][y] = '#';
        dfs(board, x - 1, y);
        dfs(board, x + 1, y);
        dfs(board, x, y - 1);
        dfs(board, x, y + 1);
    }
}","1. Use DFS to find all 'O's next to the border and mark them with a temporary marker '#'.
2. Replace all remaining 'O's with 'X's.
3. Replace all '#'s back to 'O's.","#include <vector>

void dfs(std::vector<std::vector<char>> &board, int x, int y) {
    if (x < 0 || x >= board.size() || y < 0 || y >= board[0].size() || board[x][y] != 'O') {
        return;
    }
    board[x][y] = '#';
    dfs(board, x - 1, y);
    dfs(board, x + 1, y);
    dfs(board, x, y - 1);
    dfs(board, x, y + 1);
}

void solve(std::vector<std::vector<char>>& board) {
    if (board.empty()) return;
    int m = board.size(), n = board[0].size();
    
    for (int i = 0; i < m; ++i) {
        dfs(board, i, 0);
        dfs(board, i, n - 1);
    }
    for (int i = 0; i < n; ++i) {
        dfs(board, 0, i);
        dfs(board, m - 1, i);
    }
    for (int i = 0; i < m; ++i) {
        for (int j = 0; j < n; ++j) {
            if (board[i][j] == '#') board[i][j] = 'O';
            else if (board[i][j] == 'O') board[i][j] = 'X';
        }
    }
}","1. Use DFS to find all 'O's next to the border and mark them with a temporary marker '#'.
2. Replace all remaining 'O's with 'X's.
3. Replace all '#'s back to 'O's.","class Solution:
    def solve(self, board: List[List[str]]) -> None:
        if not board:
            return
        m, n = len(board), len(board[0])

        def dfs(x, y):
            if x < 0 or x >= m or y < 0 or y >= n or board[x][y] != 'O':
                return
            board[x][y] = '#'
            dfs(x - 1, y)
            dfs(x + 1, y)
            dfs(x, y - 1)
            dfs(x, y + 1)

        for i in range(m):
            dfs(i, 0)
            dfs(i, n - 1)
        for i in range(n):
            dfs(0, i)
            dfs(m - 1, i)

        for i in range(m):
            for j in range(n):
                if board[i][j] == '#':
                    board[i][j] = 'O'
                elif board[i][j] == 'O':
                    board[i][j] = 'X'","1. Use DFS to find all 'O's next to the border and mark them with a temporary marker '#'.
2. Replace all remaining 'O's with 'X's.
3. Replace all '#'s back to 'O's.","class Solution {
    solve(board) {
        if (board.length == 0) return;
        const m = board.length, n = board[0].length;

        const dfs = (x, y) => {
            if (x < 0 || x >= m || y < 0 || y >= n || board[x][y] !== 'O') {
                return;
            }
            board[x][y] = '#';
            dfs(x - 1, y);
            dfs(x + 1, y);
            dfs(x, y - 1);
            dfs(x, y + 1);
        }

        for (let i = 0; i < m; ++i) {
            dfs(i, 0);
            dfs(i, n - 1);
        }
        for (let i = 0; i < n; ++i) {
            dfs(0, i);
            dfs(m - 1, i);
        }
        for (let i = 0; i < m; ++i) {
            for (let j = 0; j < n; ++j) {
                if (board[i][j] == '#') board[i][j] = 'O';
                else if (board[i][j] == 'O') board[i][j] = 'X';
            }
        }
    }
}","1. Use DFS to find all 'O's next to the border and mark them with a temporary marker '#'.
2. Replace all remaining 'O's with 'X's.
3. Replace all '#'s back to 'O's.","class Solution:
    def solve(self, board):
        if len(board) == 0:
            return
        m = len(board)
        n = len(board[0])

        def dfs(x, y):
            if x < 0 or x >= m or y < 0 or y >= n or board[x][y] != 'O':
                return
            board[x][y] = '#'
            dfs(x - 1, y)
            dfs(x + 1, y)
            dfs(x, y - 1)
            dfs(x, y + 1)

        for i in range(m):
            dfs(i, 0)
            dfs(i, n - 1)
        for i in range(n):
            dfs(0, i)
            dfs(m - 1, i)
        for i in range(m):
            for j in range(n):
                if board[i][j] == '#':
                    board[i][j] = 'O'
                elif board[i][j] == 'O':
                    board[i][j] = 'X'","class Solution:
    def solve(self, board):
        if len(board) == 0:
            return
        m = len(board)
        n = len(board[0])

        def dfs(x, y):
            if x < 0 or x >= m or y < 0 or y >= n or board[x][y] != 'O':
                return
            board[x][y] = '#'
            dfs(x - 1, y)
            dfs(x + 1, y)
            dfs(x, y - 1)
            dfs(x, y + 1)

        for i in range(m):
            dfs(i, 0)
            dfs(i, n - 1)
        for i in range(n):
            dfs(0, i)
            dfs(m - 1, i)
        for i in range(m):
            for j in range(n):
                if board[i][j] == '#':
                    board[i][j] = 'O'
                elif board[i][j] == 'O':
                    board[i][j] = 'X'","```python
class Solution:
    def solve(self, board):
        if len(board) == 0:
            return
        m, n = len(board), len(board[0])

        for i in range(m):
            self.dfs(board, i, 0)
            self.dfs(board, i, n - 1)
        for i in range(n):
            self.dfs(board, 0, i)
            self.dfs(board, m - 1, i)
        for i in range(m):
            for j in range(n):
                if board[i][j] == 'O':
                    board[i][j] = 'X'
                elif board[i][j] == '#':
                    board[i][j] = 'O'

    def dfs(self, board, x, y):
        if x < 0 or x >= len(board) or y < 0 or y >= len(board[0]) or board[x][y] != 'O':
            return
        board[x][y] = '#'
        self.dfs(board, x - 1, y)
        self.dfs(board, x + 1, y)
        self.dfs(board, x, y - 1)
        self.dfs(board, x, y + 1)
```","```python
def dfs(board, x, y):
    if x < 0 or x >= len(board) or y < 0 or y >= len(board[0]) or board[x][y] != 'O':
        return
    board[x][y] = '#'
    dfs(board, x - 1, y)
    dfs(board, x + 1, y)
    dfs(board, x, y - 1)
    dfs(board, x, y + 1)

def solve(board):
    if not board:
        return
    m = len(board)
    n = len(board[0])
    
    for i in range(m):
        dfs(board, i, 0)
        dfs(board, i, n - 1)
    for i in range(n):
        dfs(board, 0, i)
        dfs(board, m - 1, i)
    for i in range(m):
        for j in range(n):
            if board[i][j] == '#':
                board[i][j] = 'O'
            elif board[i][j] == 'O':
                board[i][j] = 'X'
```","class Solution:
    def solve(self, board):
        if len(board) == 0:
            return
        m, n = len(board), len(board[0])

        for i in range(m):
            self.dfs(board, i, 0)
            self.dfs(board, i, n - 1)
        for i in range(n):
            self.dfs(board, 0, i)
            self.dfs(board, m - 1, i)
        for i in range(m):
            for j in range(n):
                if board[i][j] == 'O':
                    board[i][j] = 'X'
                elif board[i][j] == '#':
                    board[i][j] = 'O'

    def dfs(self, board, x, y):
        if x < 0 or x >= len(board) or y < 0 or y >= len(board[0]) or board[x][y] != 'O':
            return
        board[x][y] = '#'
        self.dfs(board, x - 1, y)
        self.dfs(board, x + 1, y)
        self.dfs(board, x, y - 1)
        self.dfs(board, x, y + 1)","def dfs(board, x, y):
    if x < 0 or x >= len(board) or y < 0 or y >= len(board[0]) or board[x][y] != 'O':
        return
    board[x][y] = '#'
    dfs(board, x - 1, y)
    dfs(board, x + 1, y)
    dfs(board, x, y - 1)
    dfs(board, x, y + 1)

def solve(board):
    if not board:
        return
    m = len(board)
    n = len(board[0])
    
    for i in range(m):
        dfs(board, i, 0)
        dfs(board, i, n - 1)
    for i in range(n):
        dfs(board, 0, i)
        dfs(board, m - 1, i)
    for i in range(m):
        for j in range(n):
            if board[i][j] == '#':
                board[i][j] = 'O'
            elif board[i][j] == 'O':
                board[i][j] = 'X'"
133,134,gas-station,Gas Station,Medium,"There are `n` gas stations along a circular route, where the amount of gas at the `ith` station is `gas[i]`.

You have a car with an unlimited gas tank and it costs `cost[i]` of gas to travel from the `ith` station to its next `(i + 1)th` station. You begin the journey with an empty tank at one of the gas stations.

Given two integer arrays `gas` and `cost`, return _the starting gas station's index if you can travel around the circuit once in the clockwise direction, otherwise return_ `-1`. If there exists a solution, it is **guaranteed** to be **unique**

**Example 1:**

**Input:** gas = \[1,2,3,4,5\], cost = \[3,4,5,1,2\]
**Output:** 3
**Explanation:**
Start at station 3 (index 3) and fill up with 4 unit of gas. Your tank = 0 + 4 = 4
Travel to station 4. Your tank = 4 - 1 + 5 = 8
Travel to station 0. Your tank = 8 - 2 + 1 = 7
Travel to station 1. Your tank = 7 - 3 + 2 = 6
Travel to station 2. Your tank = 6 - 4 + 3 = 5
Travel to station 3. The cost is 5. Your gas is just enough to travel back to station 3.
Therefore, return 3 as the starting index.

**Example 2:**

**Input:** gas = \[2,3,4\], cost = \[3,4,3\]
**Output:** -1
**Explanation:**
You can't start at station 0 or 1, as there is not enough gas to travel to the next station.
Let's start at station 2 and fill up with 4 unit of gas. Your tank = 0 + 4 = 4
Travel to station 0. Your tank = 4 - 3 + 2 = 3
Travel to station 1. Your tank = 3 - 3 + 3 = 3
You cannot travel back to station 2, as it requires 4 unit of gas but you only have 3.
Therefore, you can't travel around the circuit once no matter where you start.

**Constraints:**

*   `n == gas.length == cost.length`
*   `1 <= n <= 105`
*   `0 <= gas[i], cost[i] <= 104`","public int canCompleteCircuit(int[] gas, int[] cost) {
    int totalGas = 0, totalCost = 0, start = 0, gasTank = 0;
    for (int i = 0; i < gas.length; i++) {
        totalGas += gas[i];
        totalCost += cost[i];
        gasTank += gas[i] - cost[i];
        if (gasTank < 0) {
            start = i + 1;
            gasTank = 0;
        }
    }
    return (totalGas < totalCost) ? -1 : start;
}","The algorithm maintains four variables: `total_gas`, `total_cost`, `start`, and `gas_tank`. We initialize these variables to 0. We then loop through each gas station and perform the following steps:

1. Add the gas at the current station to `total_gas`.
2. Add the cost of traveling from this station to the next one to `total_cost`.
3. Add the net gain/loss of gas (gas[i] - cost[i]) to `gas_tank`.
4. If the `gas_tank` is negative, update the `start` position to the next station and reset the `gas_tank` to 0.

After looping through all the gas stations, we check if `total_gas` is greater than or equal to `total_cost`. If it is, we return the `start` position, as this is the first gas station from which we can make a complete trip. If not, we return -1, because it is not possible to complete the circuit. 

This algorithm guarantees a unique solution because if there are multiple valid starting points, there must be a gas station with a lower cost to travel from it to the next station for each solution. As a result, the one with the lowest starting cost would always be chosen, ensuring uniqueness.","int can_complete_circuit(vector<int>& gas, vector<int>& cost) {
    int total_gas = 0, total_cost = 0, start = 0, gas_tank = 0;
    for (int i = 0; i < gas.size(); ++i) {
        total_gas += gas[i];
        total_cost += cost[i];
        gas_tank += gas[i] - cost[i];
        if (gas_tank < 0) {
            start = i + 1;
            gas_tank = 0;
        }
    }
    return (total_gas < total_cost) ? -1 : start;
}","The algorithm maintains four variables: `total_gas`, `total_cost`, `start`, and `gas_tank`. We initialize these variables to 0. We then loop through each gas station and perform the following steps:

1. Add the gas at the current station to `total_gas`.
2. Add the cost of traveling from this station to the next one to `total_cost`.
3. Add the net gain/loss of gas (gas[i] - cost[i]) to `gas_tank`.
4. If the `gas_tank` is negative, update the `start` position to the next station and reset the `gas_tank` to 0.

After looping through all the gas stations, we check if `total_gas` is greater than or equal to `total_cost`. If it is, we return the `start` position, as this is the first gas station from which we can make a complete trip. If not, we return -1, because it is not possible to complete the circuit. 

This algorithm guarantees a unique solution because if there are multiple valid starting points, there must be a gas station with a lower cost to travel from it to the next station for each solution. As a result, the one with the lowest starting cost would always be chosen, ensuring uniqueness.","def can_complete_circuit(gas, cost):
    total_gas, total_cost, start, gas_tank = 0, 0, 0, 0
    for i in range(len(gas)):
        total_gas += gas[i]
        total_cost += cost[i]
        gas_tank += gas[i] - cost[i]
        if gas_tank < 0:
            start = i + 1
            gas_tank = 0
    return -1 if total_gas < total_cost else start","The algorithm maintains four variables: `total_gas`, `total_cost`, `start`, and `gas_tank`. We initialize these variables to 0. We then loop through each gas station and perform the following steps:

1. Add the gas at the current station to `total_gas`.
2. Add the cost of traveling from this station to the next one to `total_cost`.
3. Add the net gain/loss of gas (gas[i] - cost[i]) to `gas_tank`.
4. If the `gas_tank` is negative, update the `start` position to the next station and reset the `gas_tank` to 0.

After looping through all the gas stations, we check if `total_gas` is greater than or equal to `total_cost`. If it is, we return the `start` position, as this is the first gas station from which we can make a complete trip. If not, we return -1, because it is not possible to complete the circuit. 

This algorithm guarantees a unique solution because if there are multiple valid starting points, there must be a gas station with a lower cost to travel from it to the next station for each solution. As a result, the one with the lowest starting cost would always be chosen, ensuring uniqueness.","function canCompleteCircuit(gas, cost) {
    let totalGas = 0, totalCost = 0, start = 0, gasTank = 0;
    for (let i = 0; i < gas.length; i++) {
        totalGas += gas[i];
        totalCost += cost[i];
        gasTank += gas[i] - cost[i];
        if (gasTank < 0) {
            start = i + 1;
            gasTank = 0;
        }
    }
    return (totalGas < totalCost) ? -1 : start;
}","The algorithm maintains four variables: `total_gas`, `total_cost`, `start`, and `gas_tank`. We initialize these variables to 0. We then loop through each gas station and perform the following steps:

1. Add the gas at the current station to `total_gas`.
2. Add the cost of traveling from this station to the next one to `total_cost`.
3. Add the net gain/loss of gas (gas[i] - cost[i]) to `gas_tank`.
4. If the `gas_tank` is negative, update the `start` position to the next station and reset the `gas_tank` to 0.

After looping through all the gas stations, we check if `total_gas` is greater than or equal to `total_cost`. If it is, we return the `start` position, as this is the first gas station from which we can make a complete trip. If not, we return -1, because it is not possible to complete the circuit. 

This algorithm guarantees a unique solution because if there are multiple valid starting points, there must be a gas station with a lower cost to travel from it to the next station for each solution. As a result, the one with the lowest starting cost would always be chosen, ensuring uniqueness.","```python
def canCompleteCircuit(gas, cost):
    totalGas = 0
    totalCost = 0
    start = 0
    gasTank = 0
    for i in range(len(gas)):
        totalGas += gas[i]
        totalCost += cost[i]
        gasTank += gas[i] - cost[i]
        if gasTank < 0:
            start = i + 1
            gasTank = 0
    return -1 if totalGas < totalCost else start
```","def canCompleteCircuit(gas, cost):
    totalGas = 0
    totalCost = 0
    start = 0
    gasTank = 0
    for i in range(len(gas)):
        totalGas += gas[i]
        totalCost += cost[i]
        gasTank += gas[i] - cost[i]
        if gasTank < 0:
            start = i + 1
            gasTank = 0
    return -1 if totalGas < totalCost else start","```python
def canCompleteCircuit(gas, cost):
    totalGas = 0
    totalCost = 0
    start = 0
    gasTank = 0
    for i in range(len(gas)):
        totalGas += gas[i]
        totalCost += cost[i]
        gasTank += gas[i] - cost[i]
        if gasTank < 0:
            start = i + 1
            gasTank = 0
    return -1 if totalGas < totalCost else start
```","```python
def can_complete_circuit(gas, cost):
    total_gas = 0
    total_cost = 0
    start = 0
    gas_tank = 0
    for i in range(len(gas)):
        total_gas += gas[i]
        total_cost += cost[i]
        gas_tank += gas[i] - cost[i]
        if gas_tank < 0:
            start = i + 1
            gas_tank = 0
    return -1 if total_gas < total_cost else start
```","def canCompleteCircuit(gas, cost):
    totalGas = 0
    totalCost = 0
    start = 0
    gasTank = 0
    for i in range(len(gas)):
        totalGas += gas[i]
        totalCost += cost[i]
        gasTank += gas[i] - cost[i]
        if gasTank < 0:
            start = i + 1
            gasTank = 0
    return -1 if totalGas < totalCost else start","def can_complete_circuit(gas, cost):
    total_gas = 0
    total_cost = 0
    start = 0
    gas_tank = 0
    for i in range(len(gas)):
        total_gas += gas[i]
        total_cost += cost[i]
        gas_tank += gas[i] - cost[i]
        if gas_tank < 0:
            start = i + 1
            gas_tank = 0
    return -1 if total_gas < total_cost else start"
134,135,candy,Candy,Hard,"There are `n` children standing in a line. Each child is assigned a rating value given in the integer array `ratings`.

You are giving candies to these children subjected to the following requirements:

*   Each child must have at least one candy.
*   Children with a higher rating get more candies than their neighbors.

Return _the minimum number of candies you need to have to distribute the candies to the children_.

**Example 1:**

**Input:** ratings = \[1,0,2\]
**Output:** 5
**Explanation:** You can allocate to the first, second and third child with 2, 1, 2 candies respectively.

**Example 2:**

**Input:** ratings = \[1,2,2\]
**Output:** 4
**Explanation:** You can allocate to the first, second and third child with 1, 2, 1 candies respectively.
The third child gets 1 candy because it satisfies the above two conditions.

**Constraints:**

*   `n == ratings.length`
*   `1 <= n <= 2 * 104`
*   `0 <= ratings[i] <= 2 * 104`","public int minCandies(int[] ratings) {
    int n = ratings.length;
    int[] candies = new int[n];
    for (int i = 0; i < n; i++) candies[i] = 1;

    for (int i = 1; i < n; i++) {
        if (ratings[i] > ratings[i - 1]) candies[i] = candies[i - 1] + 1;
    }
    for (int i = n - 2; i >= 0; i--) {
        if (ratings[i] > ratings[i + 1]) candies[i] = Math.max(candies[i], candies[i + 1] + 1);
    }

    int sum = 0;
    for (int candy : candies) sum += candy;

    return sum;
}","The algorithm takes the following steps to find the minimum number of candies needed to be distributed among the children:
1. Initialize an array or vector 'candies' with the same length as ratings and set all its elements to 1 as every child will have at least 1 candy.
2. Iterate through the ratings array from the second child to the last child. If the rating of the current child is more than the rating of the previous child, update the candies for the current child as candies of the previous child plus 1.
3. Now iterate through the ratings array from the second last child to the first child. If the rating of the current child is more than the rating of the next child, update the candies for the current child as maximum between the candies the child already holds and candies of the next child plus 1.
4. Compute the sum of candies in the candies array or vector.
5. Return the total number of candies needed.

This algorithm ensures that we give the proper number of candies to the children based on both their neighbors while also minimizing the total candies used.","#include <vector>
using namespace std;

int minCandies(vector<int>& ratings) {
    int n = ratings.size();
    vector<int> candies(n, 1);

    for(int i = 1; i < n; i++) {
        if(ratings[i] > ratings[i-1]) candies[i] = candies[i-1] + 1;
    }
    for(int i = n - 2; i >= 0; i--) {
        if(ratings[i] > ratings[i+1]) candies[i] = max(candies[i], candies[i+1] + 1);
    }

    int sum = 0;
    for(int candy : candies) sum += candy;

    return sum;
}","The algorithm takes the following steps to find the minimum number of candies needed to be distributed among the children:
1. Initialize an array or vector 'candies' with the same length as ratings and set all its elements to 1 as every child will have at least 1 candy.
2. Iterate through the ratings array from the second child to the last child. If the rating of the current child is more than the rating of the previous child, update the candies for the current child as candies of the previous child plus 1.
3. Now iterate through the ratings array from the second last child to the first child. If the rating of the current child is more than the rating of the next child, update the candies for the current child as maximum between the candies the child already holds and candies of the next child plus 1.
4. Compute the sum of candies in the candies array or vector.
5. Return the total number of candies needed.

This algorithm ensures that we give the proper number of candies to the children based on both their neighbors while also minimizing the total candies used.","def min_candies(ratings):
    n = len(ratings)
    candies = [1] * n

    for i in range(1, n):
        if ratings[i] > ratings[i - 1]:
            candies[i] = candies[i - 1] + 1

    for i in range(n - 2, -1, -1):
        if ratings[i] > ratings[i + 1]:
            candies[i] = max(candies[i], candies[i + 1] + 1)

    return sum(candies)","The algorithm takes the following steps to find the minimum number of candies needed to be distributed among the children:
1. Initialize an array or vector 'candies' with the same length as ratings and set all its elements to 1 as every child will have at least 1 candy.
2. Iterate through the ratings array from the second child to the last child. If the rating of the current child is more than the rating of the previous child, update the candies for the current child as candies of the previous child plus 1.
3. Now iterate through the ratings array from the second last child to the first child. If the rating of the current child is more than the rating of the next child, update the candies for the current child as maximum between the candies the child already holds and candies of the next child plus 1.
4. Compute the sum of candies in the candies array or vector.
5. Return the total number of candies needed.

This algorithm ensures that we give the proper number of candies to the children based on both their neighbors while also minimizing the total candies used.","function minCandies(ratings) {
    const n = ratings.length;
    const candies = Array(n).fill(1);

    for (let i = 1; i < n; i++) {
        if (ratings[i] > ratings[i - 1]) candies[i] = candies[i - 1] + 1;
    }
    for (let i = n - 2; i >= 0; i--) {
        if (ratings[i] > ratings[i + 1]) candies[i] = Math.max(candies[i], candies[i + 1] + 1);
    }

    return candies.reduce((a, b) => a + b, 0);
}","The algorithm takes the following steps to find the minimum number of candies needed to be distributed among the children:
1. Initialize an array or vector 'candies' with the same length as ratings and set all its elements to 1 as every child will have at least 1 candy.
2. Iterate through the ratings array from the second child to the last child. If the rating of the current child is more than the rating of the previous child, update the candies for the current child as candies of the previous child plus 1.
3. Now iterate through the ratings array from the second last child to the first child. If the rating of the current child is more than the rating of the next child, update the candies for the current child as maximum between the candies the child already holds and candies of the next child plus 1.
4. Compute the sum of candies in the candies array or vector.
5. Return the total number of candies needed.

This algorithm ensures that we give the proper number of candies to the children based on both their neighbors while also minimizing the total candies used.","```python
def min_candies(ratings):
    n = len(ratings)
    candies = [1] * n

    for i in range(1, n):
        if ratings[i] > ratings[i - 1]:
            candies[i] = candies[i - 1] + 1

    for i in range(n - 2, -1, -1):
        if ratings[i] > ratings[i + 1]:
            candies[i] = max(candies[i], candies[i + 1] + 1)

    return sum(candies)
```","def min_candies(ratings):
    n = len(ratings)
    candies = [1] * n

    for i in range(1, n):
        if ratings[i] > ratings[i - 1]:
            candies[i] = candies[i - 1] + 1

    for i in range(n - 2, -1, -1):
        if ratings[i] > ratings[i + 1]:
            candies[i] = max(candies[i], candies[i + 1] + 1)

    return sum(candies)","```python
def minCandies(ratings):
    n = len(ratings)
    candies = [1] * n

    for i in range(1, n):
        if ratings[i] > ratings[i - 1]:
            candies[i] = candies[i - 1] + 1

    for i in range(n - 2, -1, -1):
        if ratings[i] > ratings[i + 1]:
            candies[i] = max(candies[i], candies[i + 1] + 1)

    return sum(candies)
```","```python
def minCandies(ratings):
    n = len(ratings)
    candies = [1] * n

    for i in range(1, n):
        if ratings[i] > ratings[i-1]:
            candies[i] = candies[i-1] + 1

    for i in range(n-2, -1, -1):
        if ratings[i] > ratings[i+1]:
            candies[i] = max(candies[i], candies[i+1] + 1)

    return sum(candies)
```","def minCandies(ratings):
    n = len(ratings)
    candies = [1] * n

    for i in range(1, n):
        if ratings[i] > ratings[i - 1]:
            candies[i] = candies[i - 1] + 1

    for i in range(n - 2, -1, -1):
        if ratings[i] > ratings[i + 1]:
            candies[i] = max(candies[i], candies[i + 1] + 1)

    return sum(candies)","def minCandies(ratings):
    n = len(ratings)
    candies = [1] * n

    for i in range(1, n):
        if ratings[i] > ratings[i-1]:
            candies[i] = candies[i-1] + 1

    for i in range(n-2, -1, -1):
        if ratings[i] > ratings[i+1]:
            candies[i] = max(candies[i], candies[i+1] + 1)

    return sum(candies)"
135,136,single-number,Single Number,Easy,"Given a **non-empty** array of integers `nums`, every element appears _twice_ except for one. Find that single one.

You must implement a solution with a linear runtime complexity and use only constant extra space.

**Example 1:**

**Input:** nums = \[2,2,1\]
**Output:** 1

**Example 2:**

**Input:** nums = \[4,1,2,1,2\]
**Output:** 4

**Example 3:**

**Input:** nums = \[1\]
**Output:** 1

**Constraints:**

*   `1 <= nums.length <= 3 * 104`
*   `-3 * 104 <= nums[i] <= 3 * 104`
*   Each element in the array appears twice except for one element which appears only once.","public int singleNumber(int[] nums) {
    int result = 0;
    for (int num : nums) {
        result ^= num;
    }
    return result;
}","The algorithm utilizes the XOR bitwise operation. XOR is a binary operation that outputs 1 when the inputs differ and 0 when the inputs are the same. 

To find the single element that appears once in the array, we XOR all elements in the array. Since every pair of identical numbers will cancel each other out as `a ^ a = 0`, the remaining XOR result would be the single unique number, as `0 ^ a = a`.

The algorithm processes the array once, giving it a linear time complexity of O(n), and only requires a constant amount of extra space to store the `result` variable, satisfying the requirements.","int singleNumber(vector<int>& nums) {
    int result = 0;
    for (int num : nums) {
        result ^= num;
    }
    return result;
}","The algorithm utilizes the XOR bitwise operation. XOR is a binary operation that outputs 1 when the inputs differ and 0 when the inputs are the same. 

To find the single element that appears once in the array, we XOR all elements in the array. Since every pair of identical numbers will cancel each other out as `a ^ a = 0`, the remaining XOR result would be the single unique number, as `0 ^ a = a`.

The algorithm processes the array once, giving it a linear time complexity of O(n), and only requires a constant amount of extra space to store the `result` variable, satisfying the requirements.","def singleNumber(nums):
    result = 0
    for num in nums:
        result ^= num
    return result","The algorithm utilizes the XOR bitwise operation. XOR is a binary operation that outputs 1 when the inputs differ and 0 when the inputs are the same. 

To find the single element that appears once in the array, we XOR all elements in the array. Since every pair of identical numbers will cancel each other out as `a ^ a = 0`, the remaining XOR result would be the single unique number, as `0 ^ a = a`.

The algorithm processes the array once, giving it a linear time complexity of O(n), and only requires a constant amount of extra space to store the `result` variable, satisfying the requirements.","function singleNumber(nums) {
    let result = 0;
    for (let num of nums) {
        result ^= num;
    }
    return result;
}","The algorithm utilizes the XOR bitwise operation. XOR is a binary operation that outputs 1 when the inputs differ and 0 when the inputs are the same. 

To find the single element that appears once in the array, we XOR all elements in the array. Since every pair of identical numbers will cancel each other out as `a ^ a = 0`, the remaining XOR result would be the single unique number, as `0 ^ a = a`.

The algorithm processes the array once, giving it a linear time complexity of O(n), and only requires a constant amount of extra space to store the `result` variable, satisfying the requirements.","def singleNumber(nums):
    result = 0
    for num in nums:
        result ^= num
    return result","def singleNumber(nums):
    result = 0
    for num in nums:
        result ^= num
    return result","def singleNumber(nums):
    result = 0
    for num in nums:
        result ^= num
    return result","```python
def singleNumber(nums):
    result = 0
    for num in nums:
        result ^= num
    return result
```","def singleNumber(nums):
    result = 0
    for num in nums:
        result ^= num
    return result","def singleNumber(nums):
    result = 0
    for num in nums:
        result ^= num
    return result"
136,137,single-number-ii,Single Number II,Medium,"Given an integer array `nums` where every element appears **three times** except for one, which appears **exactly once**. _Find the single element and return it_.

You must implement a solution with a linear runtime complexity and use only constant extra space.

**Example 1:**

**Input:** nums = \[2,2,3,2\]
**Output:** 3

**Example 2:**

**Input:** nums = \[0,1,0,1,0,1,99\]
**Output:** 99

**Constraints:**

*   `1 <= nums.length <= 3 * 104`
*   `-231 <= nums[i] <= 231 - 1`
*   Each element in `nums` appears exactly **three times** except for one element which appears **once**.","public int singleNumber(int[] nums) {
    int ones = 0, twos = 0;
    for (int n : nums) {
        ones = (ones ^ n) & ~twos;
        twos = (twos ^ n) & ~ones;
    }
    return ones;
}","In this problem, we use two variables, ones and twos, to represent the number of occurrences of each bit in the array's elements.

Initially, both ones and twos are set to 0. We use XOR (^) to count the occurrences of each bit in the array. The reason we use XOR is that it cancels out the same bits, so if a bit occurs twice, it will be 0.

We then loop through each element of the array and use XOR to count the bit occurrences. If a bit occurs for the first time, it's XORed into ones; if it occurs for the second time, it's XORed into twos. If it appears for the third time, it should be removed from both ones and twos. To achieve this, we use the bitwise AND (&) along with the bitwise NOT (~) to clear the bits that appear in twos from ones and vice versa.

Finally, after looping through all the elements of the array, the variable ones will only contain the bits that occurred once in the array, and that is our result. So we return the ones variable.","int singleNumber(vector<int>& nums) {
    int ones = 0, twos = 0;
    for (int n : nums) {
        ones = (ones ^ n) & ~twos;
        twos = (twos ^ n) & ~ones;
    }
    return ones;
}","In this problem, we use two variables, ones and twos, to represent the number of occurrences of each bit in the array's elements.

Initially, both ones and twos are set to 0. We use XOR (^) to count the occurrences of each bit in the array. The reason we use XOR is that it cancels out the same bits, so if a bit occurs twice, it will be 0.

We then loop through each element of the array and use XOR to count the bit occurrences. If a bit occurs for the first time, it's XORed into ones; if it occurs for the second time, it's XORed into twos. If it appears for the third time, it should be removed from both ones and twos. To achieve this, we use the bitwise AND (&) along with the bitwise NOT (~) to clear the bits that appear in twos from ones and vice versa.

Finally, after looping through all the elements of the array, the variable ones will only contain the bits that occurred once in the array, and that is our result. So we return the ones variable.","def singleNumber(nums):
    ones, twos = 0, 0
    for n in nums:
        ones = (ones ^ n) & ~twos
        twos = (twos ^ n) & ~ones
    return ones","In this problem, we use two variables, ones and twos, to represent the number of occurrences of each bit in the array's elements.

Initially, both ones and twos are set to 0. We use XOR (^) to count the occurrences of each bit in the array. The reason we use XOR is that it cancels out the same bits, so if a bit occurs twice, it will be 0.

We then loop through each element of the array and use XOR to count the bit occurrences. If a bit occurs for the first time, it's XORed into ones; if it occurs for the second time, it's XORed into twos. If it appears for the third time, it should be removed from both ones and twos. To achieve this, we use the bitwise AND (&) along with the bitwise NOT (~) to clear the bits that appear in twos from ones and vice versa.

Finally, after looping through all the elements of the array, the variable ones will only contain the bits that occurred once in the array, and that is our result. So we return the ones variable.","function singleNumber(nums) {
    let ones = 0, twos = 0;
    for (let n of nums) {
        ones = (ones ^ n) & ~twos;
        twos = (twos ^ n) & ~ones;
    }
    return ones;
}","In this problem, we use two variables, ones and twos, to represent the number of occurrences of each bit in the array's elements.

Initially, both ones and twos are set to 0. We use XOR (^) to count the occurrences of each bit in the array. The reason we use XOR is that it cancels out the same bits, so if a bit occurs twice, it will be 0.

We then loop through each element of the array and use XOR to count the bit occurrences. If a bit occurs for the first time, it's XORed into ones; if it occurs for the second time, it's XORed into twos. If it appears for the third time, it should be removed from both ones and twos. To achieve this, we use the bitwise AND (&) along with the bitwise NOT (~) to clear the bits that appear in twos from ones and vice versa.

Finally, after looping through all the elements of the array, the variable ones will only contain the bits that occurred once in the array, and that is our result. So we return the ones variable.","def singleNumber(nums):
    ones = 0
    twos = 0
    for n in nums:
        ones = (ones ^ n) & ~twos
        twos = (twos ^ n) & ~ones
    return ones","def singleNumber(nums):
    ones = 0
    twos = 0
    for n in nums:
        ones = (ones ^ n) & ~twos
        twos = (twos ^ n) & ~ones
    return ones","def singleNumber(nums):
    ones = 0
    twos = 0
    for n in nums:
        ones = (ones ^ n) & ~twos
        twos = (twos ^ n) & ~ones
    return ones","def singleNumber(nums):
    ones = 0
    twos = 0
    for n in nums:
        ones = (ones ^ n) & ~twos
        twos = (twos ^ n) & ~ones
    return ones","def singleNumber(nums):
    ones = 0
    twos = 0
    for n in nums:
        ones = (ones ^ n) & ~twos
        twos = (twos ^ n) & ~ones
    return ones","def singleNumber(nums):
    ones = 0
    twos = 0
    for n in nums:
        ones = (ones ^ n) & ~twos
        twos = (twos ^ n) & ~ones
    return ones"
140,141,linked-list-cycle,Linked List Cycle,Easy,"Given `head`, the head of a linked list, determine if the linked list has a cycle in it.

There is a cycle in a linked list if there is some node in the list that can be reached again by continuously following the `next` pointer. Internally, `pos` is used to denote the index of the node that tail's `next` pointer is connected to. **Note that `pos` is not passed as a parameter**.

Return `true` _if there is a cycle in the linked list_. Otherwise, return `false`.

**Example 1:**

**Input:** head = \[3,2,0,-4\], pos = 1
**Output:** true
**Explanation:** There is a cycle in the linked list, where the tail connects to the 1st node (0-indexed).

**Example 2:**

**Input:** head = \[1,2\], pos = 0
**Output:** true
**Explanation:** There is a cycle in the linked list, where the tail connects to the 0th node.

**Example 3:**

**Input:** head = \[1\], pos = -1
**Output:** false
**Explanation:** There is no cycle in the linked list.

**Constraints:**

*   The number of the nodes in the list is in the range `[0, 104]`.
*   `-105 <= Node.val <= 105`
*   `pos` is `-1` or a **valid index** in the linked-list.

**Follow up:** Can you solve it using `O(1)` (i.e. constant) memory?","public boolean hasCycle(ListNode head) {
    ListNode slow = head, fast = head;
    while (fast != null && fast.next != null) {
        slow = slow.next;
        fast = fast.next.next;
        if (slow == fast) {
            return true;
        }
    }
    return false;
}","The algorithm used is Floyd's cycle-finding algorithm, also known as the ""tortoise and the hare"" algorithm. There are two pointers, one slow (tortoise) and another fast (hare). The slow pointer moves one step at a time, and the fast pointer moves two steps. 

Initially, both pointers are set to the head of the linked list. The pointers are moved forward with their respective speeds until either the fast pointer reaches the end of the linked list or both pointers meet at the same node. 

If the fast pointer reaches the end, it means that there is no cycle and the function returns false. If the pointers meet at some point in the linked list, there is a cycle and the function returns true.","bool hasCycle(ListNode *head) {
    ListNode *slow = head, *fast = head;
    while (fast != nullptr && fast->next != nullptr) {
        slow = slow->next;
        fast = fast->next->next;
        if (slow == fast) {
            return true;
        }
    }
    return false;
}","The algorithm used is Floyd's cycle-finding algorithm, also known as the ""tortoise and the hare"" algorithm. There are two pointers, one slow (tortoise) and another fast (hare). The slow pointer moves one step at a time, and the fast pointer moves two steps. 

Initially, both pointers are set to the head of the linked list. The pointers are moved forward with their respective speeds until either the fast pointer reaches the end of the linked list or both pointers meet at the same node. 

If the fast pointer reaches the end, it means that there is no cycle and the function returns false. If the pointers meet at some point in the linked list, there is a cycle and the function returns true.","def hasCycle(head):
    slow = fast = head
    while fast is not None and fast.next is not None:
        slow = slow.next
        fast = fast.next.next
        if slow == fast:
            return True
    return False","The algorithm used is Floyd's cycle-finding algorithm, also known as the ""tortoise and the hare"" algorithm. There are two pointers, one slow (tortoise) and another fast (hare). The slow pointer moves one step at a time, and the fast pointer moves two steps. 

Initially, both pointers are set to the head of the linked list. The pointers are moved forward with their respective speeds until either the fast pointer reaches the end of the linked list or both pointers meet at the same node. 

If the fast pointer reaches the end, it means that there is no cycle and the function returns false. If the pointers meet at some point in the linked list, there is a cycle and the function returns true.","function hasCycle(head) {
    let slow = head, fast = head;
    while (fast !== null && fast.next !== null) {
        slow = slow.next;
        fast = fast.next.next;
        if (slow === fast) {
            return true;
        }
    }
    return false;
}","The algorithm used is Floyd's cycle-finding algorithm, also known as the ""tortoise and the hare"" algorithm. There are two pointers, one slow (tortoise) and another fast (hare). The slow pointer moves one step at a time, and the fast pointer moves two steps. 

Initially, both pointers are set to the head of the linked list. The pointers are moved forward with their respective speeds until either the fast pointer reaches the end of the linked list or both pointers meet at the same node. 

If the fast pointer reaches the end, it means that there is no cycle and the function returns false. If the pointers meet at some point in the linked list, there is a cycle and the function returns true.","def hasCycle(head):
    slow = head
    fast = head
    while fast is not None and fast.next is not None:
        slow = slow.next
        fast = fast.next.next
        if slow == fast:
            return True
    return False","def hasCycle(head):
    slow = head
    fast = head
    while fast is not None and fast.next is not None:
        slow = slow.next
        fast = fast.next.next
        if slow == fast:
            return True
    return False","def hasCycle(head):
    slow = head
    fast = head
    while fast is not None and fast.next is not None:
        slow = slow.next
        fast = fast.next.next
        if slow == fast:
            return True
    return False","def hasCycle(head):
    slow = head
    fast = head
    while fast is not None and fast.next is not None:
        slow = slow.next
        fast = fast.next.next
        if slow == fast:
            return True
    return False","def hasCycle(head):
    slow = head
    fast = head
    while fast is not None and fast.next is not None:
        slow = slow.next
        fast = fast.next.next
        if slow == fast:
            return True
    return False","def hasCycle(head):
    slow = head
    fast = head
    while fast is not None and fast.next is not None:
        slow = slow.next
        fast = fast.next.next
        if slow == fast:
            return True
    return False"
149,150,evaluate-reverse-polish-notation,Evaluate Reverse Polish Notation,Medium,"You are given an array of strings `tokens` that represents an arithmetic expression in a [Reverse Polish Notation](http://en.wikipedia.org/wiki/Reverse_Polish_notation).

Evaluate the expression. Return _an integer that represents the value of the expression_.

**Note** that:

*   The valid operators are `'+'`, `'-'`, `'*'`, and `'/'`.
*   Each operand may be an integer or another expression.
*   The division between two integers always **truncates toward zero**.
*   There will not be any division by zero.
*   The input represents a valid arithmetic expression in a reverse polish notation.
*   The answer and all the intermediate calculations can be represented in a **32-bit** integer.

**Example 1:**

**Input:** tokens = \[ ""2 "", ""1 "", ""+ "", ""3 "", ""\* ""\]
**Output:** 9
**Explanation:** ((2 + 1) \* 3) = 9

**Example 2:**

**Input:** tokens = \[ ""4 "", ""13 "", ""5 "", ""/ "", ""+ ""\]
**Output:** 6
**Explanation:** (4 + (13 / 5)) = 6

**Example 3:**

**Input:** tokens = \[ ""10 "", ""6 "", ""9 "", ""3 "", ""+ "", ""-11 "", ""\* "", ""/ "", ""\* "", ""17 "", ""+ "", ""5 "", ""+ ""\]
**Output:** 22
**Explanation:** ((10 \* (6 / ((9 + 3) \* -11))) + 17) + 5
= ((10 \* (6 / (12 \* -11))) + 17) + 5
= ((10 \* (6 / -132)) + 17) + 5
= ((10 \* 0) + 17) + 5
= (0 + 17) + 5
= 17 + 5
= 22

**Constraints:**

*   `1 <= tokens.length <= 104`
*   `tokens[i]` is either an operator: `""+ ""`, `""- ""`, `""* ""`, or `""/ ""`, or an integer in the range `[-200, 200]`.","import java.util.Stack;

public int evalRPN(String[] tokens) {
    Stack<Integer> stack = new Stack<>();
    for (String token : tokens) {
        if (token.equals(""+"") || token.equals(""-"") || token.equals(""*"") || token.equals(""/"")) {
            int b = stack.pop();
            int a = stack.pop();
            if (token.equals(""+"")) stack.push(a + b);
            else if (token.equals(""-"")) stack.push(a - b);
            else if (token.equals(""*"")) stack.push(a * b);
            else stack.push(a / b);
        } else {
            stack.push(Integer.parseInt(token));
        }
    }
    return stack.pop();
}","The algorithm for evaluating the Reverse Polish Notation (RPN) expression is based on the stack data structure. Iterate through the given tokens array, and for each token:

1. If the token is an operator (+, -, *, /), pop the top two elements from the stack, apply the operation, and push the result back onto the stack.
2. If the token is a number, push it onto the stack.

After the loop, the top element on the stack is the final result of the evaluated RPN expression.

Note that in Python and JavaScript, we need to make sure the division result is truncated toward zero using `int(a / b)` and `Math.trunc(a / b)` respectively.","#include <vector>
#include <string>
#include <stack>

int evalRPN(vector<string>& tokens) {
    stack<int> s;
    for (const string& token : tokens) {
        if(token == ""+"" || token == ""-"" || token == ""*"" || token == ""/"") {
            int b = s.top(); s.pop();
            int a = s.top(); s.pop();
            if (token == ""+"") s.push(a + b);
            else if (token == ""-"") s.push(a - b);
            else if (token == ""*"") s.push(a * b);
            else s.push(a / b);
        } else {
            s.push(stoi(token));
        }
    }
    return s.top();
}","The algorithm for evaluating the Reverse Polish Notation (RPN) expression is based on the stack data structure. Iterate through the given tokens array, and for each token:

1. If the token is an operator (+, -, *, /), pop the top two elements from the stack, apply the operation, and push the result back onto the stack.
2. If the token is a number, push it onto the stack.

After the loop, the top element on the stack is the final result of the evaluated RPN expression.

Note that in Python and JavaScript, we need to make sure the division result is truncated toward zero using `int(a / b)` and `Math.trunc(a / b)` respectively.","def evalRPN(tokens):
    stack = []
    for token in tokens:
        if token in {""+"", ""-"", ""*"", ""/""}:
            b = stack.pop()
            a = stack.pop()
            if token == ""+"":
                stack.append(a + b)
            elif token == ""-"":
                stack.append(a - b)
            elif token == ""*"":
                stack.append(a * b)
            else:
                stack.append(int(a / b))
        else:
            stack.append(int(token))
    return stack[-1]","The algorithm for evaluating the Reverse Polish Notation (RPN) expression is based on the stack data structure. Iterate through the given tokens array, and for each token:

1. If the token is an operator (+, -, *, /), pop the top two elements from the stack, apply the operation, and push the result back onto the stack.
2. If the token is a number, push it onto the stack.

After the loop, the top element on the stack is the final result of the evaluated RPN expression.

Note that in Python and JavaScript, we need to make sure the division result is truncated toward zero using `int(a / b)` and `Math.trunc(a / b)` respectively.","function evalRPN(tokens) {
    const stack = [];
    for (const token of tokens) {
        if (token === ""+"" || token === ""-"" || token === ""*"" || token === ""/"") {
            const b = stack.pop();
            const a = stack.pop();
            if (token === ""+"") stack.push(a + b);
            else if (token === ""-"") stack.push(a - b);
            else if (token === ""*"") stack.push(a * b);
            else stack.push(Math.trunc(a / b));
        } else {
            stack.push(parseInt(token));
        }
    }
    return stack.pop();
}","The algorithm for evaluating the Reverse Polish Notation (RPN) expression is based on the stack data structure. Iterate through the given tokens array, and for each token:

1. If the token is an operator (+, -, *, /), pop the top two elements from the stack, apply the operation, and push the result back onto the stack.
2. If the token is a number, push it onto the stack.

After the loop, the top element on the stack is the final result of the evaluated RPN expression.

Note that in Python and JavaScript, we need to make sure the division result is truncated toward zero using `int(a / b)` and `Math.trunc(a / b)` respectively.","```python
def evalRPN(tokens):
    stack = []
    for token in tokens:
        if token in [""+"", ""-"", ""*"", ""/""]:
            b = stack.pop()
            a = stack.pop()
            if token == ""+"":
                stack.append(a + b)
            elif token == ""-"":
                stack.append(a - b)
            elif token == ""*"":
                stack.append(a * b)
            else:
                stack.append(int(a / b))
        else:
            stack.append(int(token))
    return stack.pop()
```","def evalRPN(tokens):
    stack = []
    for token in tokens:
        if token in [""+"", ""-"", ""*"", ""/""]:
            b = stack.pop()
            a = stack.pop()
            if token == ""+"":
                stack.append(a + b)
            elif token == ""-"":
                stack.append(a - b)
            elif token == ""*"":
                stack.append(a * b)
            else:
                stack.append(int(a / b))
        else:
            stack.append(int(token))
    return stack.pop()","```python
def evalRPN(tokens):
    stack = []
    for token in tokens:
        if token in [""+"", ""-"", ""*"", ""/""]:
            b = stack.pop()
            a = stack.pop()
            if token == ""+"":
                stack.append(a + b)
            elif token == ""-"":
                stack.append(a - b)
            elif token == ""*"":
                stack.append(a * b)
            else:
                stack.append(int(a / b))
        else:
            stack.append(int(token))
    return stack.pop()
```","```python
def evalRPN(tokens):
    s = []
    for token in tokens:
        if token in [""+"", ""-"", ""*"", ""/""]:
            b = s.pop()
            a = s.pop()
            if token == ""+"":
                s.append(a + b)
            elif token == ""-"":
                s.append(a - b)
            elif token == ""*"":
                s.append(a * b)
            else:
                s.append(int(a / b))
        else:
            s.append(int(token))
    return s[-1]
```","def evalRPN(tokens):
    stack = []
    for token in tokens:
        if token in [""+"", ""-"", ""*"", ""/""]:
            b = stack.pop()
            a = stack.pop()
            if token == ""+"":
                stack.append(a + b)
            elif token == ""-"":
                stack.append(a - b)
            elif token == ""*"":
                stack.append(a * b)
            else:
                stack.append(int(a / b))
        else:
            stack.append(int(token))
    return stack.pop()","def evalRPN(tokens):
    s = []
    for token in tokens:
        if token in [""+"", ""-"", ""*"", ""/""]:
            b = s.pop()
            a = s.pop()
            if token == ""+"":
                s.append(a + b)
            elif token == ""-"":
                s.append(a - b)
            elif token == ""*"":
                s.append(a * b)
            else:
                s.append(int(a / b))
        else:
            s.append(int(token))
    return s[-1]"
150,151,reverse-words-in-a-string,Reverse Words in a String,Medium,"Given an input string `s`, reverse the order of the **words**.

A **word** is defined as a sequence of non-space characters. The **words** in `s` will be separated by at least one space.

Return _a string of the words in reverse order concatenated by a single space._

**Note** that `s` may contain leading or trailing spaces or multiple spaces between two words. The returned string should only have a single space separating the words. Do not include any extra spaces.

**Example 1:**

**Input:** s =  ""the sky is blue ""
**Output:**  ""blue is sky the ""

**Example 2:**

**Input:** s =  ""  hello world   ""
**Output:**  ""world hello ""
**Explanation:** Your reversed string should not contain leading or trailing spaces.

**Example 3:**

**Input:** s =  ""a good   example ""
**Output:**  ""example good a ""
**Explanation:** You need to reduce multiple spaces between two words to a single space in the reversed string.

**Constraints:**

*   `1 <= s.length <= 104`
*   `s` contains English letters (upper-case and lower-case), digits, and spaces `' '`.
*   There is **at least one** word in `s`.

**Follow-up:** If the string data type is mutable in your language, can you solve it **in-place** with `O(1)` extra space?","import java.util.*;

public String reverseWords(String s) {
    String[] words = s.trim().split(""\\s+"");
    Collections.reverse(Arrays.asList(words));
    return String.join("" "", words);
}","The algorithm to reverse the order of the words is as follows:

1. First, split the input string using spaces. In C++, we use `stringstream` and a while loop to read words, while in Java and JavaScript, we use `split` with regex to split the string based on one or more spaces. In Python, we can simply use `split()` since it splits on whitespace by default and ignores leading and trailing spaces.

2. Reverse the array of words. In C++, we use the `reverse` function from the `algorithm` library. In Java, we can use `Collections.reverse()` method. In Python, we use list `reverse()` method. In JavaScript, we use the `reverse()` method on the array.

3. Join the reversed array of words into a single string with a space delimiter. In C++, we concatenate words with a space but avoid adding an extra space at the end. In Java, we use `String.join()`, in Python, use `join()` on the delimiter string, and in JavaScript, use `join()` on the array.","#include <string>
#include <sstream>
#include <vector>
#include <algorithm>

std::string reverseWords(std::string s) {
    std::stringstream ss(s);
    std::vector<std::string> words;
    std::string temp;

    while (ss >> temp) {
        words.push_back(temp);
    }

    std::reverse(words.begin(), words.end());

    std::string result;
    for (size_t i = 0; i < words.size(); ++i) {
        result += words[i] + (i < words.size() - 1 ? "" "" : """");
    }

    return result;
}","The algorithm to reverse the order of the words is as follows:

1. First, split the input string using spaces. In C++, we use `stringstream` and a while loop to read words, while in Java and JavaScript, we use `split` with regex to split the string based on one or more spaces. In Python, we can simply use `split()` since it splits on whitespace by default and ignores leading and trailing spaces.

2. Reverse the array of words. In C++, we use the `reverse` function from the `algorithm` library. In Java, we can use `Collections.reverse()` method. In Python, we use list `reverse()` method. In JavaScript, we use the `reverse()` method on the array.

3. Join the reversed array of words into a single string with a space delimiter. In C++, we concatenate words with a space but avoid adding an extra space at the end. In Java, we use `String.join()`, in Python, use `join()` on the delimiter string, and in JavaScript, use `join()` on the array.","def reverseWords(s):
    words = s.split()
    words.reverse()
    return ' '.join(words)","The algorithm to reverse the order of the words is as follows:

1. First, split the input string using spaces. In C++, we use `stringstream` and a while loop to read words, while in Java and JavaScript, we use `split` with regex to split the string based on one or more spaces. In Python, we can simply use `split()` since it splits on whitespace by default and ignores leading and trailing spaces.

2. Reverse the array of words. In C++, we use the `reverse` function from the `algorithm` library. In Java, we can use `Collections.reverse()` method. In Python, we use list `reverse()` method. In JavaScript, we use the `reverse()` method on the array.

3. Join the reversed array of words into a single string with a space delimiter. In C++, we concatenate words with a space but avoid adding an extra space at the end. In Java, we use `String.join()`, in Python, use `join()` on the delimiter string, and in JavaScript, use `join()` on the array.","function reverseWords(s) {
    return s.trim().split(/\s+/).reverse().join(' ');
}","The algorithm to reverse the order of the words is as follows:

1. First, split the input string using spaces. In C++, we use `stringstream` and a while loop to read words, while in Java and JavaScript, we use `split` with regex to split the string based on one or more spaces. In Python, we can simply use `split()` since it splits on whitespace by default and ignores leading and trailing spaces.

2. Reverse the array of words. In C++, we use the `reverse` function from the `algorithm` library. In Java, we can use `Collections.reverse()` method. In Python, we use list `reverse()` method. In JavaScript, we use the `reverse()` method on the array.

3. Join the reversed array of words into a single string with a space delimiter. In C++, we concatenate words with a space but avoid adding an extra space at the end. In Java, we use `String.join()`, in Python, use `join()` on the delimiter string, and in JavaScript, use `join()` on the array.","def reverse_words(s):
    return ' '.join(s.strip().split()[::-1])","def reverse_words(s):
    return ' '.join(s.strip().split()[::-1])","```python
def reverseWords(s):
    words = s.strip().split()
    words.reverse()
    return ' '.join(words)
```","```python
def reverseWords(s):
    words = s.split()
    words.reverse()
    result = ' '.join(words)
    return result
```","def reverseWords(s):
    words = s.strip().split()
    words.reverse()
    return ' '.join(words)","def reverseWords(s):
    words = s.split()
    words.reverse()
    result = ' '.join(words)
    return result"
152,153,find-minimum-in-rotated-sorted-array,Find Minimum in Rotated Sorted Array,Medium,"Suppose an array of length `n` sorted in ascending order is **rotated** between `1` and `n` times. For example, the array `nums = [0,1,2,4,5,6,7]` might become:

*   `[4,5,6,7,0,1,2]` if it was rotated `4` times.
*   `[0,1,2,4,5,6,7]` if it was rotated `7` times.

Notice that **rotating** an array `[a[0], a[1], a[2], ..., a[n-1]]` 1 time results in the array `[a[n-1], a[0], a[1], a[2], ..., a[n-2]]`.

Given the sorted rotated array `nums` of **unique** elements, return _the minimum element of this array_.

You must write an algorithm that runs in `O(log n) time.`

**Example 1:**

**Input:** nums = \[3,4,5,1,2\]
**Output:** 1
**Explanation:** The original array was \[1,2,3,4,5\] rotated 3 times.

**Example 2:**

**Input:** nums = \[4,5,6,7,0,1,2\]
**Output:** 0
**Explanation:** The original array was \[0,1,2,4,5,6,7\] and it was rotated 4 times.

**Example 3:**

**Input:** nums = \[11,13,15,17\]
**Output:** 11
**Explanation:** The original array was \[11,13,15,17\] and it was rotated 4 times. 

**Constraints:**

*   `n == nums.length`
*   `1 <= n <= 5000`
*   `-5000 <= nums[i] <= 5000`
*   All the integers of `nums` are **unique**.
*   `nums` is sorted and rotated between `1` and `n` times.","public int findMin(int[] nums) {
    int left = 0, right = nums.length - 1;

    while (left < right) {
        int mid = left + (right - left) / 2;
        if (nums[mid] > nums[right]) {
            left = mid + 1;
        } else {
            right = mid;
        }
    }
    return nums[left];
}","The algorithm uses a binary search approach to find the minimum element in the sorted rotated array. Initially, pointers `left` and `right` are set to the start and end of the array. The midpoint `mid` is calculated as the average of `left` and `right`. The main idea is that whenever `nums[mid]` is greater than `nums[right]`, the minimum element must be in the right half of the array; otherwise, we search in the left half. This ensures that the algorithm runs in O(log n) time, as the search space is reduced by half each iteration. When `left` and `right` meet, the minimum element is found at `left`.",,"The algorithm uses a binary search approach to find the minimum element in the sorted rotated array. Initially, pointers `left` and `right` are set to the start and end of the array. The midpoint `mid` is calculated as the average of `left` and `right`. The main idea is that whenever `nums[mid]` is greater than `nums[right]`, the minimum element must be in the right half of the array; otherwise, we search in the left half. This ensures that the algorithm runs in O(log n) time, as the search space is reduced by half each iteration. When `left` and `right` meet, the minimum element is found at `left`.","def find_min(nums):
    left, right = 0, len(nums) - 1

    while left < right:
        mid = left + (right - left) // 2
        if nums[mid] > nums[right]:
            left = mid + 1
        else:
            right = mid
    return nums[left]","The algorithm uses a binary search approach to find the minimum element in the sorted rotated array. Initially, pointers `left` and `right` are set to the start and end of the array. The midpoint `mid` is calculated as the average of `left` and `right`. The main idea is that whenever `nums[mid]` is greater than `nums[right]`, the minimum element must be in the right half of the array; otherwise, we search in the left half. This ensures that the algorithm runs in O(log n) time, as the search space is reduced by half each iteration. When `left` and `right` meet, the minimum element is found at `left`.","function findMin(nums) {
    let left = 0, right = nums.length - 1;

    while (left < right) {
        let mid = left + Math.floor((right - left) / 2);
        if (nums[mid] > nums[right]) {
            left = mid + 1;
        } else {
            right = mid;
        }
    }
    return nums[left];
}","The algorithm uses a binary search approach to find the minimum element in the sorted rotated array. Initially, pointers `left` and `right` are set to the start and end of the array. The midpoint `mid` is calculated as the average of `left` and `right`. The main idea is that whenever `nums[mid]` is greater than `nums[right]`, the minimum element must be in the right half of the array; otherwise, we search in the left half. This ensures that the algorithm runs in O(log n) time, as the search space is reduced by half each iteration. When `left` and `right` meet, the minimum element is found at `left`.","def find_min(nums):
    left = 0
    right = len(nums) - 1

    while left < right:
        mid = left + (right - left) // 2
        if nums[mid] > nums[right]:
            left = mid + 1
        else:
            right = mid

    return nums[left]","def find_min(nums):
    left = 0
    right = len(nums) - 1

    while left < right:
        mid = left + (right - left) // 2
        if nums[mid] > nums[right]:
            left = mid + 1
        else:
            right = mid

    return nums[left]","def findMin(nums):
    left = 0
    right = len(nums) - 1

    while left < right:
        mid = left + (right - left) // 2
        if nums[mid] > nums[right]:
            left = mid + 1
        else:
            right = mid

    return nums[left]",There is no code provided to translate. Can you please provide the C++ code that you would like me to translate to Python?,"def findMin(nums):
    left = 0
    right = len(nums) - 1

    while left < right:
        mid = left + (right - left) // 2
        if nums[mid] > nums[right]:
            left = mid + 1
        else:
            right = mid

    return nums[left]",There is no code provided to translate. Can you please provide the C++ code that you would like me to translate to Python?
161,162,find-peak-element,Find Peak Element,Medium,"A peak element is an element that is strictly greater than its neighbors.

Given a **0-indexed** integer array `nums`, find a peak element, and return its index. If the array contains multiple peaks, return the index to **any of the peaks**.

You may imagine that `nums[-1] = nums[n] = -∞`. In other words, an element is always considered to be strictly greater than a neighbor that is outside the array.

You must write an algorithm that runs in `O(log n)` time.

**Example 1:**

**Input:** nums = \[1,2,3,1\]
**Output:** 2
**Explanation:** 3 is a peak element and your function should return the index number 2.

**Example 2:**

**Input:** nums = \[1,2,1,3,5,6,4\]
**Output:** 5
**Explanation:** Your function can return either index number 1 where the peak element is 2, or index number 5 where the peak element is 6.

**Constraints:**

*   `1 <= nums.length <= 1000`
*   `-231 <= nums[i] <= 231 - 1`
*   `nums[i] != nums[i + 1]` for all valid `i`.","public int findPeakElement(int[] nums) {
    int left = 0, right = nums.length - 1;
    while (left < right) {
        int mid = left + (right - left) / 2;
        if (nums[mid] < nums[mid + 1]) {
            left = mid + 1;
        } else {
            right = mid;
        }
    }
    return left;
}","For this problem, we can use the binary search. Instead of comparing the mid-element to the target value, we compare it with its neighbors. Based on the comparison, we adjust the left and right pointers accordingly:

1. Initialize left and right pointer, `left = 0` and `right = nums.length - 1`.
2. While `left < right`, do the following:
   a. Calculate the mid index, `mid = left + (right - left) // 2`.
   b. If `nums[mid] < nums[mid + 1]`, move the left pointer to `mid + 1`.
   c. Else, move the right pointer to the `mid`.
3. When `left >= right`, the peak index is found, so return `left`.

Since we use a binary search, the algorithm runs in O(log n) time.","int findPeakElement(vector<int>& nums) {
    int left = 0, right = nums.size() - 1;
    while (left < right) {
        int mid = left + (right - left) / 2;
        if (nums[mid] < nums[mid + 1]) {
            left = mid + 1;
        } else {
            right = mid;
        }
    }
    return left;
}","For this problem, we can use the binary search. Instead of comparing the mid-element to the target value, we compare it with its neighbors. Based on the comparison, we adjust the left and right pointers accordingly:

1. Initialize left and right pointer, `left = 0` and `right = nums.length - 1`.
2. While `left < right`, do the following:
   a. Calculate the mid index, `mid = left + (right - left) // 2`.
   b. If `nums[mid] < nums[mid + 1]`, move the left pointer to `mid + 1`.
   c. Else, move the right pointer to the `mid`.
3. When `left >= right`, the peak index is found, so return `left`.

Since we use a binary search, the algorithm runs in O(log n) time.","def findPeakElement(nums):
    left, right = 0, len(nums) - 1
    while left < right:
        mid = left + (right - left) // 2
        if nums[mid] < nums[mid + 1]:
            left = mid + 1
        else:
            right = mid
    return left","For this problem, we can use the binary search. Instead of comparing the mid-element to the target value, we compare it with its neighbors. Based on the comparison, we adjust the left and right pointers accordingly:

1. Initialize left and right pointer, `left = 0` and `right = nums.length - 1`.
2. While `left < right`, do the following:
   a. Calculate the mid index, `mid = left + (right - left) // 2`.
   b. If `nums[mid] < nums[mid + 1]`, move the left pointer to `mid + 1`.
   c. Else, move the right pointer to the `mid`.
3. When `left >= right`, the peak index is found, so return `left`.

Since we use a binary search, the algorithm runs in O(log n) time.","function findPeakElement(nums) {
    let left = 0, right = nums.length - 1;
    while (left < right) {
        let mid = left + Math.floor((right - left) / 2);
        if (nums[mid] < nums[mid + 1]) {
            left = mid + 1;
        } else {
            right = mid;
        }
    }
    return left;
}","For this problem, we can use the binary search. Instead of comparing the mid-element to the target value, we compare it with its neighbors. Based on the comparison, we adjust the left and right pointers accordingly:

1. Initialize left and right pointer, `left = 0` and `right = nums.length - 1`.
2. While `left < right`, do the following:
   a. Calculate the mid index, `mid = left + (right - left) // 2`.
   b. If `nums[mid] < nums[mid + 1]`, move the left pointer to `mid + 1`.
   c. Else, move the right pointer to the `mid`.
3. When `left >= right`, the peak index is found, so return `left`.

Since we use a binary search, the algorithm runs in O(log n) time.","def findPeakElement(nums):
    left = 0
    right = len(nums) - 1
    while left < right:
        mid = left + (right - left) // 2
        if nums[mid] < nums[mid + 1]:
            left = mid + 1
        else:
            right = mid
    return left","def findPeakElement(nums):
    left = 0
    right = len(nums) - 1
    while left < right:
        mid = left + (right - left) // 2
        if nums[mid] < nums[mid + 1]:
            left = mid + 1
        else:
            right = mid
    return left","def findPeakElement(nums):
    left = 0
    right = len(nums) - 1
    while left < right:
        mid = left + (right - left) // 2
        if nums[mid] < nums[mid + 1]:
            left = mid + 1
        else:
            right = mid
    return left","Here is the equivalent code in Python:

```python
def findPeakElement(nums):
    left, right = 0, len(nums) - 1
    while left < right:
        mid = left + (right - left) // 2
        if nums[mid] < nums[mid + 1]:
            left = mid + 1
        else:
            right = mid
    return left
```","def findPeakElement(nums):
    left = 0
    right = len(nums) - 1
    while left < right:
        mid = left + (right - left) // 2
        if nums[mid] < nums[mid + 1]:
            left = mid + 1
        else:
            right = mid
    return left","def findPeakElement(nums):
    left, right = 0, len(nums) - 1
    while left < right:
        mid = left + (right - left) // 2
        if nums[mid] < nums[mid + 1]:
            left = mid + 1
        else:
            right = mid
    return left"
166,167,two-sum-ii-input-array-is-sorted,Two Sum II - Input Array Is Sorted,Medium,"Given a **1-indexed** array of integers `numbers` that is already **_sorted in non-decreasing order_**, find two numbers such that they add up to a specific `target` number. Let these two numbers be `numbers[index1]` and `numbers[index2]` where `1 <= index1 < index2 <= numbers.length`.

Return _the indices of the two numbers,_ `index1` _and_ `index2`_, **added by one** as an integer array_ `[index1, index2]` _of length 2._

The tests are generated such that there is **exactly one solution**. You **may not** use the same element twice.

Your solution must use only constant extra space.

**Example 1:**

**Input:** numbers = \[2,7,11,15\], target = 9
**Output:** \[1,2\]
**Explanation:** The sum of 2 and 7 is 9. Therefore, index1 = 1, index2 = 2. We return \[1, 2\].

**Example 2:**

**Input:** numbers = \[2,3,4\], target = 6
**Output:** \[1,3\]
**Explanation:** The sum of 2 and 4 is 6. Therefore index1 = 1, index2 = 3. We return \[1, 3\].

**Example 3:**

**Input:** numbers = \[\-1,0\], target = -1
**Output:** \[1,2\]
**Explanation:** The sum of -1 and 0 is -1. Therefore index1 = 1, index2 = 2. We return \[1, 2\].

**Constraints:**

*   `2 <= numbers.length <= 3 * 104`
*   `-1000 <= numbers[i] <= 1000`
*   `numbers` is sorted in **non-decreasing order**.
*   `-1000 <= target <= 1000`
*   The tests are generated such that there is **exactly one solution**.","public int[] twoSum(int[] numbers, int target) {
    int left = 0, right = numbers.length - 1;
    while (left < right) {
        int current_sum = numbers[left] + numbers[right];
        if (current_sum == target) {
            return new int[]{left + 1, right + 1};
        } else if (current_sum < target) {
            left++;
        } else {
            right--;
        }
    }
    return new int[]{};
}","The algorithm uses a two-pointer approach. Initialize two pointers, `left` and `right`, to the first and last elements of the sorted array. Then, iterate until `left < right`. In each iteration, calculate the sum of the elements pointed to by `left` and `right`. If the sum equals the target, return the indices of the two numbers (1-indexed). If the sum is less than the target, increment `left` to consider a larger number. If the sum is greater than the target, decrement `right` to consider a smaller number. Since the input is guaranteed to have a solution, the loop will always return a valid result. This algorithm has a constant space complexity as it does not use any additional data structures.","#include <vector>
using namespace std;

vector<int> twoSum(vector<int>& numbers, int target) {
    int left = 0, right = numbers.size() - 1;
    while (left < right) {
        int current_sum = numbers[left] + numbers[right];
        if (current_sum == target) {
            return {left + 1, right + 1};
        } else if (current_sum < target) {
            left++;
        } else {
            right--;
        }
    }
    return {};
}","The algorithm uses a two-pointer approach. Initialize two pointers, `left` and `right`, to the first and last elements of the sorted array. Then, iterate until `left < right`. In each iteration, calculate the sum of the elements pointed to by `left` and `right`. If the sum equals the target, return the indices of the two numbers (1-indexed). If the sum is less than the target, increment `left` to consider a larger number. If the sum is greater than the target, decrement `right` to consider a smaller number. Since the input is guaranteed to have a solution, the loop will always return a valid result. This algorithm has a constant space complexity as it does not use any additional data structures.","def twoSum(numbers, target):
    left, right = 0, len(numbers) - 1
    while left < right:
        current_sum = numbers[left] + numbers[right]
        if current_sum == target:
            return [left + 1, right + 1]
        elif current_sum < target:
            left += 1
        else:
            right -= 1
    return []","The algorithm uses a two-pointer approach. Initialize two pointers, `left` and `right`, to the first and last elements of the sorted array. Then, iterate until `left < right`. In each iteration, calculate the sum of the elements pointed to by `left` and `right`. If the sum equals the target, return the indices of the two numbers (1-indexed). If the sum is less than the target, increment `left` to consider a larger number. If the sum is greater than the target, decrement `right` to consider a smaller number. Since the input is guaranteed to have a solution, the loop will always return a valid result. This algorithm has a constant space complexity as it does not use any additional data structures.","function twoSum(numbers, target) {
    let left = 0, right = numbers.length - 1;
    while (left < right) {
        let current_sum = numbers[left] + numbers[right];
        if (current_sum === target) {
            return [left + 1, right + 1];
        } else if (current_sum < target) {
            left++;
        } else {
            right--;
        }
    }
    return [];
}","The algorithm uses a two-pointer approach. Initialize two pointers, `left` and `right`, to the first and last elements of the sorted array. Then, iterate until `left < right`. In each iteration, calculate the sum of the elements pointed to by `left` and `right`. If the sum equals the target, return the indices of the two numbers (1-indexed). If the sum is less than the target, increment `left` to consider a larger number. If the sum is greater than the target, decrement `right` to consider a smaller number. Since the input is guaranteed to have a solution, the loop will always return a valid result. This algorithm has a constant space complexity as it does not use any additional data structures.","def two_sum(numbers, target):
    left = 0
    right = len(numbers) - 1
    while left < right:
        current_sum = numbers[left] + numbers[right]
        if current_sum == target:
            return [left + 1, right + 1]
        elif current_sum < target:
            left += 1
        else:
            right -= 1
    return []","def two_sum(numbers, target):
    left = 0
    right = len(numbers) - 1
    while left < right:
        current_sum = numbers[left] + numbers[right]
        if current_sum == target:
            return [left + 1, right + 1]
        elif current_sum < target:
            left += 1
        else:
            right -= 1
    return []","```python
def twoSum(numbers, target):
    left = 0
    right = len(numbers) - 1
    while left < right:
        current_sum = numbers[left] + numbers[right]
        if current_sum == target:
            return [left + 1, right + 1]
        elif current_sum < target:
            left += 1
        else:
            right -= 1
    return []
```","Here is the equivalent code in Python:

```python
from typing import List

def twoSum(numbers: List[int], target: int) -> List[int]:
    left, right = 0, len(numbers) - 1
    while left < right:
        current_sum = numbers[left] + numbers[right]
        if current_sum == target:
            return [left + 1, right + 1]
        elif current_sum < target:
            left += 1
        else:
            right -= 1
    return []
```","def twoSum(numbers, target):
    left = 0
    right = len(numbers) - 1
    while left < right:
        current_sum = numbers[left] + numbers[right]
        if current_sum == target:
            return [left + 1, right + 1]
        elif current_sum < target:
            left += 1
        else:
            right -= 1
    return []","from typing import List

def twoSum(numbers: List[int], target: int) -> List[int]:
    left, right = 0, len(numbers) - 1
    while left < right:
        current_sum = numbers[left] + numbers[right]
        if current_sum == target:
            return [left + 1, right + 1]
        elif current_sum < target:
            left += 1
        else:
            right -= 1
    return []"
168,169,majority-element,Majority Element,Easy,"Given an array `nums` of size `n`, return _the majority element_.

The majority element is the element that appears more than `⌊n / 2⌋` times. You may assume that the majority element always exists in the array.

**Example 1:**

**Input:** nums = \[3,2,3\]
**Output:** 3

**Example 2:**

**Input:** nums = \[2,2,1,1,1,2,2\]
**Output:** 2

**Constraints:**

*   `n == nums.length`
*   `1 <= n <= 5 * 104`
*   `-109 <= nums[i] <= 109`

**Follow-up:** Could you solve the problem in linear time and in `O(1)` space?","public int majorityElement(int[] nums) {
    int count = 0;
    Integer candidate = null;

    for (int num : nums) {
        if (count == 0) {
            candidate = num;
        }
        count += (num == candidate) ? 1 : -1;
    }

    return candidate;
}","The algorithm used here is called the Boyer-Moore Majority Vote algorithm. It works by initializing a candidate element and a count. Then, we iterate through the given array. If the count is 0, we set the candidate to the current element in the array. Then we update the count by adding 1 if the current element is equal to the candidate, or subtracting 1 otherwise. At the end of the iteration, the candidate will have the majority element.

The algorithm works because if there is a majority element, it will always appear more than the sum of all other elements, so the count will not be 0 at the end.","int majorityElement(vector<int>& nums) {
    int count = 0;
    int candidate;

    for (int num : nums) {
        if (count == 0) {
            candidate = num;
        }
        count += (num == candidate) ? 1 : -1;
    }

    return candidate;
}","The algorithm used here is called the Boyer-Moore Majority Vote algorithm. It works by initializing a candidate element and a count. Then, we iterate through the given array. If the count is 0, we set the candidate to the current element in the array. Then we update the count by adding 1 if the current element is equal to the candidate, or subtracting 1 otherwise. At the end of the iteration, the candidate will have the majority element.

The algorithm works because if there is a majority element, it will always appear more than the sum of all other elements, so the count will not be 0 at the end.","def majority_element(nums):
    count = 0
    candidate = None

    for num in nums:
        if count == 0:
            candidate = num
        count += (num == candidate) - (num != candidate)

    return candidate","The algorithm used here is called the Boyer-Moore Majority Vote algorithm. It works by initializing a candidate element and a count. Then, we iterate through the given array. If the count is 0, we set the candidate to the current element in the array. Then we update the count by adding 1 if the current element is equal to the candidate, or subtracting 1 otherwise. At the end of the iteration, the candidate will have the majority element.

The algorithm works because if there is a majority element, it will always appear more than the sum of all other elements, so the count will not be 0 at the end.","function majorityElement(nums) {
    let count = 0;
    let candidate = null;

    for (const num of nums) {
        if (count === 0) {
            candidate = num;
        }
        count += (num === candidate) ? 1 : -1;
    }

    return candidate;
}","The algorithm used here is called the Boyer-Moore Majority Vote algorithm. It works by initializing a candidate element and a count. Then, we iterate through the given array. If the count is 0, we set the candidate to the current element in the array. Then we update the count by adding 1 if the current element is equal to the candidate, or subtracting 1 otherwise. At the end of the iteration, the candidate will have the majority element.

The algorithm works because if there is a majority element, it will always appear more than the sum of all other elements, so the count will not be 0 at the end.","Here is the equivalent code in Python:

```python
def majority_element(nums):
    count = 0
    candidate = None

    for num in nums:
        if count == 0:
            candidate = num
        count += 1 if num == candidate else -1

    return candidate
```","def majority_element(nums):
    count = 0
    candidate = None

    for num in nums:
        if count == 0:
            candidate = num
        count += 1 if num == candidate else -1

    return candidate","def majorityElement(nums):
    count = 0
    candidate = None

    for num in nums:
        if count == 0:
            candidate = num
        count += 1 if num == candidate else -1

    return candidate","def majorityElement(nums):
    count = 0
    candidate = None

    for num in nums:
        if count == 0:
            candidate = num
        count += 1 if num == candidate else -1

    return candidate","def majorityElement(nums):
    count = 0
    candidate = None

    for num in nums:
        if count == 0:
            candidate = num
        count += 1 if num == candidate else -1

    return candidate","def majorityElement(nums):
    count = 0
    candidate = None

    for num in nums:
        if count == 0:
            candidate = num
        count += 1 if num == candidate else -1

    return candidate"
171,172,factorial-trailing-zeroes,Factorial Trailing Zeroes,Medium,"Given an integer `n`, return _the number of trailing zeroes in_ `n!`.

Note that `n! = n * (n - 1) * (n - 2) * ... * 3 * 2 * 1`.

**Example 1:**

**Input:** n = 3
**Output:** 0
**Explanation:** 3! = 6, no trailing zero.

**Example 2:**

**Input:** n = 5
**Output:** 1
**Explanation:** 5! = 120, one trailing zero.

**Example 3:**

**Input:** n = 0
**Output:** 0

**Constraints:**

*   `0 <= n <= 104`

**Follow up:** Could you write a solution that works in logarithmic time complexity?","public int trailingZeroes(int n) {
    int count = 0;
    while (n > 0) {
        n = n / 5;
        count += n;
    }
    return count;
}","The given problem requires us to calculate the number of trailing zeroes in n! (factorial of n). Trailing zeroes are formed by the product of 2 and 5. For example, 20! has 4 trailing zeroes as there are 4 instances of 2 * 5 (10, 20, 30, and 50). We know there are plenty of even factors in a factorial, so we just need to count how many times the factor 5 appears.

The algorithm we use here is dividing n by 5 iteratively until n becomes 0. In each step, we divide n by 5 and add the quotient to the count. Finally, we return the count as the result.","int trailingZeroes(int n) {
    int count = 0;
    while (n > 0) {
        n /= 5;
        count += n;
    }
    return count;
}","The given problem requires us to calculate the number of trailing zeroes in n! (factorial of n). Trailing zeroes are formed by the product of 2 and 5. For example, 20! has 4 trailing zeroes as there are 4 instances of 2 * 5 (10, 20, 30, and 50). We know there are plenty of even factors in a factorial, so we just need to count how many times the factor 5 appears.

The algorithm we use here is dividing n by 5 iteratively until n becomes 0. In each step, we divide n by 5 and add the quotient to the count. Finally, we return the count as the result.","def trailing_zeroes(n: int) -> int:
    count = 0
    while n > 0:
        n //= 5
        count += n
    return count","The given problem requires us to calculate the number of trailing zeroes in n! (factorial of n). Trailing zeroes are formed by the product of 2 and 5. For example, 20! has 4 trailing zeroes as there are 4 instances of 2 * 5 (10, 20, 30, and 50). We know there are plenty of even factors in a factorial, so we just need to count how many times the factor 5 appears.

The algorithm we use here is dividing n by 5 iteratively until n becomes 0. In each step, we divide n by 5 and add the quotient to the count. Finally, we return the count as the result.","function trailingZeroes(n) {
    let count = 0;
    while (n > 0) {
        n = Math.floor(n / 5);
        count += n;
    }
    return count;
}","The given problem requires us to calculate the number of trailing zeroes in n! (factorial of n). Trailing zeroes are formed by the product of 2 and 5. For example, 20! has 4 trailing zeroes as there are 4 instances of 2 * 5 (10, 20, 30, and 50). We know there are plenty of even factors in a factorial, so we just need to count how many times the factor 5 appears.

The algorithm we use here is dividing n by 5 iteratively until n becomes 0. In each step, we divide n by 5 and add the quotient to the count. Finally, we return the count as the result.","def trailingZeroes(n):
    count = 0
    while n > 0:
        n = n // 5
        count += n
    return count","def trailingZeroes(n):
    count = 0
    while n > 0:
        n = n // 5
        count += n
    return count","def trailingZeroes(n):
    count = 0
    while n > 0:
        n = n // 5
        count += n
    return count","Here is the equivalent code in Python:

```python
def trailingZeroes(n):
    count = 0
    while n > 0:
        n //= 5
        count += n
    return count
```","def trailingZeroes(n):
    count = 0
    while n > 0:
        n = n // 5
        count += n
    return count","def trailingZeroes(n):
    count = 0
    while n > 0:
        n //= 5
        count += n
    return count"
178,189,rotate-array,Rotate Array,Medium,"Given an integer array `nums`, rotate the array to the right by `k` steps, where `k` is non-negative.

**Example 1:**

**Input:** nums = \[1,2,3,4,5,6,7\], k = 3
**Output:** \[5,6,7,1,2,3,4\]
**Explanation:**
rotate 1 steps to the right: \[7,1,2,3,4,5,6\]
rotate 2 steps to the right: \[6,7,1,2,3,4,5\]
rotate 3 steps to the right: \[5,6,7,1,2,3,4\]

**Example 2:**

**Input:** nums = \[-1,-100,3,99\], k = 2
**Output:** \[3,99,-1,-100\]
**Explanation:** 
rotate 1 steps to the right: \[99,-1,-100,3\]
rotate 2 steps to the right: \[3,99,-1,-100\]

**Constraints:**

*   `1 <= nums.length <= 105`
*   `-231 <= nums[i] <= 231 - 1`
*   `0 <= k <= 105`

**Follow up:**

*   Try to come up with as many solutions as you can. There are at least **three** different ways to solve this problem.
*   Could you do it in-place with `O(1)` extra space?","public void rotate(int[] nums, int k) {
    int n = nums.length;
    k %= n;
    reverse(nums, 0, n - 1);
    reverse(nums, 0, k - 1);
    reverse(nums, k, n - 1);
}

private void reverse(int[] nums, int start, int end) {
    while (start < end) {
        int temp = nums[start];
        nums[start++] = nums[end];
        nums[end--] = temp;
    }
}","The algorithm first reverses the entire array, then reverses the first `k` elements, and finally reverses the remaining `n-k` elements where `n` is the length of the array. The reversing operation is done in-place so as not to use extra memory.

This is achieved using a `reverse` function that swaps elements at positions `start` and `end` and increment `start` and decrement `end` until `start` is greater than or equal to `end`. The `reverse` function basically reverses the elements between the given positions.

In Python, we use slicing to achieve the rotation without the explicit `reverse` function.","#include <vector>
using namespace std;

void rotate(vector<int>& nums, int k) {
    int n = nums.size();
    k %= n;
    reverse(nums.begin(), nums.end());
    reverse(nums.begin(), nums.begin() + k);
    reverse(nums.begin() + k, nums.end());
}","The algorithm first reverses the entire array, then reverses the first `k` elements, and finally reverses the remaining `n-k` elements where `n` is the length of the array. The reversing operation is done in-place so as not to use extra memory.

This is achieved using a `reverse` function that swaps elements at positions `start` and `end` and increment `start` and decrement `end` until `start` is greater than or equal to `end`. The `reverse` function basically reverses the elements between the given positions.

In Python, we use slicing to achieve the rotation without the explicit `reverse` function.","def rotate(nums, k):
    n = len(nums)
    k %= n
    nums[:] = nums[-k:] + nums[:-k]","The algorithm first reverses the entire array, then reverses the first `k` elements, and finally reverses the remaining `n-k` elements where `n` is the length of the array. The reversing operation is done in-place so as not to use extra memory.

This is achieved using a `reverse` function that swaps elements at positions `start` and `end` and increment `start` and decrement `end` until `start` is greater than or equal to `end`. The `reverse` function basically reverses the elements between the given positions.

In Python, we use slicing to achieve the rotation without the explicit `reverse` function.","function rotate(nums, k) {
    const n = nums.length;
    k %= n;
    reverse(nums, 0, n - 1);
    reverse(nums, 0, k - 1);
    reverse(nums, k, n - 1);
}

function reverse(nums, start, end) {
    while (start < end) {
        [nums[start], nums[end]] = [nums[end], nums[start]];
        start++;
        end--;
    }
}","The algorithm first reverses the entire array, then reverses the first `k` elements, and finally reverses the remaining `n-k` elements where `n` is the length of the array. The reversing operation is done in-place so as not to use extra memory.

This is achieved using a `reverse` function that swaps elements at positions `start` and `end` and increment `start` and decrement `end` until `start` is greater than or equal to `end`. The `reverse` function basically reverses the elements between the given positions.

In Python, we use slicing to achieve the rotation without the explicit `reverse` function.","def rotate(nums, k):
    n = len(nums)
    k %= n
    reverse(nums, 0, n - 1)
    reverse(nums, 0, k - 1)
    reverse(nums, k, n - 1)

def reverse(nums, start, end):
    while start < end:
        nums[start], nums[end] = nums[end], nums[start]
        start += 1
        end -= 1","def rotate(nums, k):
    n = len(nums)
    k %= n
    reverse(nums, 0, n - 1)
    reverse(nums, 0, k - 1)
    reverse(nums, k, n - 1)

def reverse(nums, start, end):
    while start < end:
        nums[start], nums[end] = nums[end], nums[start]
        start += 1
        end -= 1","def rotate(nums, k):
    n = len(nums)
    k %= n
    reverse(nums, 0, n - 1)
    reverse(nums, 0, k - 1)
    reverse(nums, k, n - 1)

def reverse(nums, start, end):
    while start < end:
        temp = nums[start]
        nums[start] = nums[end]
        nums[end] = temp
        start += 1
        end -= 1","```python
def rotate(nums, k):
    n = len(nums)
    k %= n
    nums.reverse()
    nums[:k] = reversed(nums[:k])
    nums[k:] = reversed(nums[k:])
```","def rotate(nums, k):
    n = len(nums)
    k %= n
    reverse(nums, 0, n - 1)
    reverse(nums, 0, k - 1)
    reverse(nums, k, n - 1)

def reverse(nums, start, end):
    while start < end:
        temp = nums[start]
        nums[start] = nums[end]
        nums[end] = temp
        start += 1
        end -= 1","def rotate(nums, k):
    n = len(nums)
    k %= n
    nums.reverse()
    nums[:k] = reversed(nums[:k])
    nums[k:] = reversed(nums[k:])"
179,190,reverse-bits,Reverse Bits,Easy,"Reverse bits of a given 32 bits unsigned integer.

**Note:**

*   Note that in some languages, such as Java, there is no unsigned integer type. In this case, both input and output will be given as a signed integer type. They should not affect your implementation, as the integer's internal binary representation is the same, whether it is signed or unsigned.
*   In Java, the compiler represents the signed integers using [2's complement notation](https://en.wikipedia.org/wiki/Two%27s_complement). Therefore, in **Example 2** above, the input represents the signed integer `-3` and the output represents the signed integer `-1073741825`.

**Example 1:**

**Input:** n = 00000010100101000001111010011100
**Output:**    964176192 (00111001011110000010100101000000)
**Explanation:** The input binary string **00000010100101000001111010011100** represents the unsigned integer 43261596, so return 964176192 which its binary representation is **00111001011110000010100101000000**.

**Example 2:**

**Input:** n = 11111111111111111111111111111101
**Output:**   3221225471 (10111111111111111111111111111111)
**Explanation:** The input binary string **11111111111111111111111111111101** represents the unsigned integer 4294967293, so return 3221225471 which its binary representation is **10111111111111111111111111111111**.

**Constraints:**

*   The input must be a **binary string** of length `32`

**Follow up:** If this function is called many times, how would you optimize it?","public int reverseBits(int n) {
    int res = 0;
    for (int i = 0; i < 32; ++i) {
        res <<= 1;
        res |= n & 1;
        n >>= 1;
    }
    return res;
}","The algorithm iterates through all 32 bits of the given unsigned 32-bit integer, and for each bit, it shifts the result variable `res` one position to the left, and then performs a bitwise OR with the given number `n` ANDed with 1. This operation adds the least significant bit of `n` to the most significant bit of `res`. Then, the given number `n` is shifted one position to the right. The process is repeated for all 32 bits, and in each step, the result variable `res` accumulates the reversed bits of the input number.","unsigned int reverseBits(unsigned int n) {
    unsigned int res = 0;
    for (int i = 0; i < 32; ++i) {
        res <<= 1;
        res |= n & 1;
        n >>= 1;
    }
    return res;
}","The algorithm iterates through all 32 bits of the given unsigned 32-bit integer, and for each bit, it shifts the result variable `res` one position to the left, and then performs a bitwise OR with the given number `n` ANDed with 1. This operation adds the least significant bit of `n` to the most significant bit of `res`. Then, the given number `n` is shifted one position to the right. The process is repeated for all 32 bits, and in each step, the result variable `res` accumulates the reversed bits of the input number.","def reverse_bits(n: int) -> int:
    res = 0
    for _ in range(32):
        res <<= 1
        res |= n & 1
        n >>= 1
    return res","The algorithm iterates through all 32 bits of the given unsigned 32-bit integer, and for each bit, it shifts the result variable `res` one position to the left, and then performs a bitwise OR with the given number `n` ANDed with 1. This operation adds the least significant bit of `n` to the most significant bit of `res`. Then, the given number `n` is shifted one position to the right. The process is repeated for all 32 bits, and in each step, the result variable `res` accumulates the reversed bits of the input number.","function reverseBits(n) {
    let res = 0;
    for (let i = 0; i < 32; ++i) {
        res <<= 1;
        res |= n & 1;
        n >>= 1;
    }
    return res >>> 0;
}","The algorithm iterates through all 32 bits of the given unsigned 32-bit integer, and for each bit, it shifts the result variable `res` one position to the left, and then performs a bitwise OR with the given number `n` ANDed with 1. This operation adds the least significant bit of `n` to the most significant bit of `res`. Then, the given number `n` is shifted one position to the right. The process is repeated for all 32 bits, and in each step, the result variable `res` accumulates the reversed bits of the input number.","def reverse_bits(n):
    res = 0
    for i in range(32):
        res <<= 1
        res |= n & 1
        n >>= 1
    return res & 0xFFFFFFFF","def reverse_bits(n):
    res = 0
    for i in range(32):
        res <<= 1
        res |= n & 1
        n >>= 1
    return res & 0xFFFFFFFF","def reverse_bits(n):
    res = 0
    for i in range(32):
        res <<= 1
        res |= n & 1
        n >>= 1
    return res","def reverse_bits(n):
    res = 0
    for i in range(32):
        res <<= 1
        res |= n & 1
        n >>= 1
    return res","def reverse_bits(n):
    res = 0
    for i in range(32):
        res <<= 1
        res |= n & 1
        n >>= 1
    return res","def reverse_bits(n):
    res = 0
    for i in range(32):
        res <<= 1
        res |= n & 1
        n >>= 1
    return res"
180,191,number-of-1-bits,Number of 1 Bits,Easy,"Write a function that takes the binary representation of an unsigned integer and returns the number of '1' bits it has (also known as the [Hamming weight](http://en.wikipedia.org/wiki/Hamming_weight)).

**Note:**

*   Note that in some languages, such as Java, there is no unsigned integer type. In this case, the input will be given as a signed integer type. It should not affect your implementation, as the integer's internal binary representation is the same, whether it is signed or unsigned.
*   In Java, the compiler represents the signed integers using [2's complement notation](https://en.wikipedia.org/wiki/Two%27s_complement). Therefore, in **Example 3**, the input represents the signed integer. `-3`.

**Example 1:**

**Input:** n = 00000000000000000000000000001011
**Output:** 3
**Explanation:** The input binary string **00000000000000000000000000001011** has a total of three '1' bits.

**Example 2:**

**Input:** n = 00000000000000000000000010000000
**Output:** 1
**Explanation:** The input binary string **00000000000000000000000010000000** has a total of one '1' bit.

**Example 3:**

**Input:** n = 11111111111111111111111111111101
**Output:** 31
**Explanation:** The input binary string **11111111111111111111111111111101** has a total of thirty one '1' bits.

**Constraints:**

*   The input must be a **binary string** of length `32`.

**Follow up:** If this function is called many times, how would you optimize it?","public int hammingWeight(int n) {
    int count = 0;
    while (n != 0) {
        count += n & 1;
        n >>>= 1;
    }
    return count;
}","The algorithm for this problem is straightforward. We use a bitwise AND operation with 1 to check the rightmost bit of the input integer `n`. If the result is 1, then the rightmost bit is a '1', and we increment the `count`. We continue to check the rest of the bits by shifting `n` to the right (`>>` in C++/Python or `>>>` in Java/JavaScript, since Java/JavaScript use signed right shift) to remove the rightmost bit. The loop continues until `n` becomes 0, which means there are no more '1' bits. Finally, we return the `count` of 1 bits.

Note that the '>>>=' unary operator in Java and JavaScript is used to avoid sign extension when shifting right. This ensures that the shift is done in an unsigned manner.","int hammingWeight(uint32_t n) {
    int count = 0;
    while (n != 0) {
        count += n & 1;
        n >>= 1;
    }
    return count;
}","The algorithm for this problem is straightforward. We use a bitwise AND operation with 1 to check the rightmost bit of the input integer `n`. If the result is 1, then the rightmost bit is a '1', and we increment the `count`. We continue to check the rest of the bits by shifting `n` to the right (`>>` in C++/Python or `>>>` in Java/JavaScript, since Java/JavaScript use signed right shift) to remove the rightmost bit. The loop continues until `n` becomes 0, which means there are no more '1' bits. Finally, we return the `count` of 1 bits.

Note that the '>>>=' unary operator in Java and JavaScript is used to avoid sign extension when shifting right. This ensures that the shift is done in an unsigned manner.","def hamming_weight(n):
    count = 0
    while n:
        count += n & 1
        n >>= 1
    return count","The algorithm for this problem is straightforward. We use a bitwise AND operation with 1 to check the rightmost bit of the input integer `n`. If the result is 1, then the rightmost bit is a '1', and we increment the `count`. We continue to check the rest of the bits by shifting `n` to the right (`>>` in C++/Python or `>>>` in Java/JavaScript, since Java/JavaScript use signed right shift) to remove the rightmost bit. The loop continues until `n` becomes 0, which means there are no more '1' bits. Finally, we return the `count` of 1 bits.

Note that the '>>>=' unary operator in Java and JavaScript is used to avoid sign extension when shifting right. This ensures that the shift is done in an unsigned manner.","function hammingWeight(n) {
    let count = 0;
    while (n != 0) {
        count += n & 1;
        n >>>= 1;
    }
    return count;
}","The algorithm for this problem is straightforward. We use a bitwise AND operation with 1 to check the rightmost bit of the input integer `n`. If the result is 1, then the rightmost bit is a '1', and we increment the `count`. We continue to check the rest of the bits by shifting `n` to the right (`>>` in C++/Python or `>>>` in Java/JavaScript, since Java/JavaScript use signed right shift) to remove the rightmost bit. The loop continues until `n` becomes 0, which means there are no more '1' bits. Finally, we return the `count` of 1 bits.

Note that the '>>>=' unary operator in Java and JavaScript is used to avoid sign extension when shifting right. This ensures that the shift is done in an unsigned manner.","def hammingWeight(n):
    count = 0
    while n != 0:
        count += n & 1
        n >>= 1
    return count","def hammingWeight(n):
    count = 0
    while n != 0:
        count += n & 1
        n >>= 1
    return count","def hammingWeight(n):
    count = 0
    while n != 0:
        count += n & 1
        n >>= 1
    return count","Here is the equivalent code in Python:

```python
def hammingWeight(n):
    count = 0
    while n != 0:
        count += n & 1
        n >>= 1
    return count
```","def hammingWeight(n):
    count = 0
    while n != 0:
        count += n & 1
        n >>= 1
    return count","def hammingWeight(n):
    count = 0
    while n != 0:
        count += n & 1
        n >>= 1
    return count"
185,201,bitwise-and-of-numbers-range,Bitwise AND of Numbers Range,Medium,"Given two integers `left` and `right` that represent the range `[left, right]`, return _the bitwise AND of all numbers in this range, inclusive_.

**Example 1:**

**Input:** left = 5, right = 7
**Output:** 4

**Example 2:**

**Input:** left = 0, right = 0
**Output:** 0

**Example 3:**

**Input:** left = 1, right = 2147483647
**Output:** 0

**Constraints:**

*   `0 <= left <= right <= 231 - 1`","public int rangeBitwiseAnd(int left, int right) {
    int shift = 0;
    while (left != right) {
        left >>= 1;
        right >>= 1;
        shift++;
    }
    return left << shift;
}","The algorithm works by performing a bitwise right shift on both the left and right edge of the range until both numbers become equal. This is done because the common bits to the left of the different bits are the bits that will survive the AND operation for all numbers in the range.

Since we right shifted x times, we perform a left shift x times on the equal numbers to restore the original position of the bits. As a result, we get the final bitwise AND of all the numbers in the range. This algorithm has a complexity of O(log N) due to the bitwise manipulation.","int rangeBitwiseAnd(int left, int right) {
    int shift = 0;
    while (left != right) {
        left >>= 1;
        right >>= 1;
        ++shift;
    }
    return left << shift;
}","The algorithm works by performing a bitwise right shift on both the left and right edge of the range until both numbers become equal. This is done because the common bits to the left of the different bits are the bits that will survive the AND operation for all numbers in the range.

Since we right shifted x times, we perform a left shift x times on the equal numbers to restore the original position of the bits. As a result, we get the final bitwise AND of all the numbers in the range. This algorithm has a complexity of O(log N) due to the bitwise manipulation.","def range_bitwise_and(left: int, right: int) -> int:
    shift = 0
    while left != right:
        left >>= 1
        right >>= 1
        shift += 1
    return left << shift","The algorithm works by performing a bitwise right shift on both the left and right edge of the range until both numbers become equal. This is done because the common bits to the left of the different bits are the bits that will survive the AND operation for all numbers in the range.

Since we right shifted x times, we perform a left shift x times on the equal numbers to restore the original position of the bits. As a result, we get the final bitwise AND of all the numbers in the range. This algorithm has a complexity of O(log N) due to the bitwise manipulation.","function rangeBitwiseAnd(left, right) {
    let shift = 0;
    while (left != right) {
        left >>= 1;
        right >>= 1;
        shift++;
    }
    return left << shift;
}","The algorithm works by performing a bitwise right shift on both the left and right edge of the range until both numbers become equal. This is done because the common bits to the left of the different bits are the bits that will survive the AND operation for all numbers in the range.

Since we right shifted x times, we perform a left shift x times on the equal numbers to restore the original position of the bits. As a result, we get the final bitwise AND of all the numbers in the range. This algorithm has a complexity of O(log N) due to the bitwise manipulation.","Here is the equivalent code in Python:

```python
def rangeBitwiseAnd(left, right):
    shift = 0
    while left != right:
        left >>= 1
        right >>= 1
        shift += 1
    return left << shift
```","def rangeBitwiseAnd(left, right):
    shift = 0
    while left != right:
        left >>= 1
        right >>= 1
        shift += 1
    return left << shift","def rangeBitwiseAnd(left, right):
    shift = 0
    while left != right:
        left >>= 1
        right >>= 1
        shift += 1
    return left << shift","Here is the equivalent code in Python:

```python
def rangeBitwiseAnd(left, right):
    shift = 0
    while left != right:
        left >>= 1
        right >>= 1
        shift += 1
    return left << shift
```","def rangeBitwiseAnd(left, right):
    shift = 0
    while left != right:
        left >>= 1
        right >>= 1
        shift += 1
    return left << shift","def rangeBitwiseAnd(left, right):
    shift = 0
    while left != right:
        left >>= 1
        right >>= 1
        shift += 1
    return left << shift"
186,202,happy-number,Happy Number,Easy,"Write an algorithm to determine if a number `n` is happy.

A **happy number** is a number defined by the following process:

*   Starting with any positive integer, replace the number by the sum of the squares of its digits.
*   Repeat the process until the number equals 1 (where it will stay), or it **loops endlessly in a cycle** which does not include 1.
*   Those numbers for which this process **ends in 1** are happy.

Return `true` _if_ `n` _is a happy number, and_ `false` _if not_.

**Example 1:**

**Input:** n = 19
**Output:** true
**Explanation:**
12 + 92 = 82
82 + 22 = 68
62 + 82 = 100
12 + 02 + 02 = 1

**Example 2:**

**Input:** n = 2
**Output:** false

**Constraints:**

*   `1 <= n <= 231 - 1`","public int getNext(int n) {
    int sum = 0;
    while (n > 0) {
        int digit = n % 10;
        sum += digit * digit;
        n /= 10;
    }
    return sum;
}

public boolean isHappy(int n) {
    int slow = n, fast = getNext(n);
    while (fast != 1 && slow != fast) {
        slow = getNext(slow);
        fast = getNext(getNext(fast));
    }
    return fast == 1;
}","The algorithm to determine if a number is happy repeatedly performs the sum of the squares of its digits. We can use the slow and fast pointer method (also called the Floyd's cycle-finding algorithm). In this method, we have two pointers (`slow` and `fast`), both initially pointing to the input number `n`. In each iteration, the `slow` pointer moves to the next number in the sequence (by calling `getNext()`) while the `fast` pointer moves to the next of next number in the sequence. If at any point, we find that the `fast` pointer becomes 1, it implies that the number is a happy number. If the `slow` and `fast` pointers become equal and it is not 1, it implies that there is a cycle and the number is not a happy number.

`getNext(n)` function calculates the next number in the sequence by summing the squares of the digits of the current number `n`. This function is called in the main `isHappy(n)` function for updating `slow` and `fast` pointers.","int getNext(int n) {
    int sum = 0;
    while (n > 0) {
        int digit = n % 10;
        sum += digit * digit;
        n /= 10;
    }
    return sum;
}

bool isHappy(int n) {
    int slow = n, fast = getNext(n);
    while (fast != 1 && slow != fast) {
        slow = getNext(slow);
        fast = getNext(getNext(fast));
    }
    return fast == 1;
}","The algorithm to determine if a number is happy repeatedly performs the sum of the squares of its digits. We can use the slow and fast pointer method (also called the Floyd's cycle-finding algorithm). In this method, we have two pointers (`slow` and `fast`), both initially pointing to the input number `n`. In each iteration, the `slow` pointer moves to the next number in the sequence (by calling `getNext()`) while the `fast` pointer moves to the next of next number in the sequence. If at any point, we find that the `fast` pointer becomes 1, it implies that the number is a happy number. If the `slow` and `fast` pointers become equal and it is not 1, it implies that there is a cycle and the number is not a happy number.

`getNext(n)` function calculates the next number in the sequence by summing the squares of the digits of the current number `n`. This function is called in the main `isHappy(n)` function for updating `slow` and `fast` pointers.","def get_next(n):
    sum = 0
    while n > 0:
        digit = n % 10
        sum += digit * digit
        n //= 10
    return sum

def is_happy(n):
    slow, fast = n, get_next(n)
    while fast != 1 and slow != fast:
        slow = get_next(slow)
        fast = get_next(get_next(fast))
    return fast == 1","The algorithm to determine if a number is happy repeatedly performs the sum of the squares of its digits. We can use the slow and fast pointer method (also called the Floyd's cycle-finding algorithm). In this method, we have two pointers (`slow` and `fast`), both initially pointing to the input number `n`. In each iteration, the `slow` pointer moves to the next number in the sequence (by calling `getNext()`) while the `fast` pointer moves to the next of next number in the sequence. If at any point, we find that the `fast` pointer becomes 1, it implies that the number is a happy number. If the `slow` and `fast` pointers become equal and it is not 1, it implies that there is a cycle and the number is not a happy number.

`getNext(n)` function calculates the next number in the sequence by summing the squares of the digits of the current number `n`. This function is called in the main `isHappy(n)` function for updating `slow` and `fast` pointers.","function getNext(n) {
    let sum = 0;
    while (n > 0) {
        let digit = n % 10;
        sum += digit * digit;
        n = Math.floor(n / 10);
    }
    return sum;
}

function isHappy(n) {
    let slow = n, fast = getNext(n);
    while (fast !== 1 && slow !== fast) {
        slow = getNext(slow);
        fast = getNext(getNext(fast));
    }
    return fast === 1;
}","The algorithm to determine if a number is happy repeatedly performs the sum of the squares of its digits. We can use the slow and fast pointer method (also called the Floyd's cycle-finding algorithm). In this method, we have two pointers (`slow` and `fast`), both initially pointing to the input number `n`. In each iteration, the `slow` pointer moves to the next number in the sequence (by calling `getNext()`) while the `fast` pointer moves to the next of next number in the sequence. If at any point, we find that the `fast` pointer becomes 1, it implies that the number is a happy number. If the `slow` and `fast` pointers become equal and it is not 1, it implies that there is a cycle and the number is not a happy number.

`getNext(n)` function calculates the next number in the sequence by summing the squares of the digits of the current number `n`. This function is called in the main `isHappy(n)` function for updating `slow` and `fast` pointers.","```python
def get_next(n):
    sum = 0
    while n > 0:
        digit = n % 10
        sum += digit * digit
        n = n // 10
    return sum

def is_happy(n):
    slow = n
    fast = get_next(n)
    while fast != 1 and slow != fast:
        slow = get_next(slow)
        fast = get_next(get_next(fast))
    return fast == 1
```","def get_next(n):
    sum = 0
    while n > 0:
        digit = n % 10
        sum += digit * digit
        n = n // 10
    return sum

def is_happy(n):
    slow = n
    fast = get_next(n)
    while fast != 1 and slow != fast:
        slow = get_next(slow)
        fast = get_next(get_next(fast))
    return fast == 1","```python
def get_next(n):
    sum = 0
    while n > 0:
        digit = n % 10
        sum += digit * digit
        n //= 10
    return sum

def is_happy(n):
    slow = n
    fast = get_next(n)
    while fast != 1 and slow != fast:
        slow = get_next(slow)
        fast = get_next(get_next(fast))
    return fast == 1
```","```python
def get_next(n):
    sum = 0
    while n > 0:
        digit = n % 10
        sum += digit * digit
        n //= 10
    return sum

def is_happy(n):
    slow = n
    fast = get_next(n)
    while fast != 1 and slow != fast:
        slow = get_next(slow)
        fast = get_next(get_next(fast))
    return fast == 1
```","def get_next(n):
    sum = 0
    while n > 0:
        digit = n % 10
        sum += digit * digit
        n //= 10
    return sum

def is_happy(n):
    slow = n
    fast = get_next(n)
    while fast != 1 and slow != fast:
        slow = get_next(slow)
        fast = get_next(get_next(fast))
    return fast == 1","def get_next(n):
    sum = 0
    while n > 0:
        digit = n % 10
        sum += digit * digit
        n //= 10
    return sum

def is_happy(n):
    slow = n
    fast = get_next(n)
    while fast != 1 and slow != fast:
        slow = get_next(slow)
        fast = get_next(get_next(fast))
    return fast == 1"
189,205,isomorphic-strings,Isomorphic Strings,Easy,"Given two strings `s` and `t`, _determine if they are isomorphic_.

Two strings `s` and `t` are isomorphic if the characters in `s` can be replaced to get `t`.

All occurrences of a character must be replaced with another character while preserving the order of characters. No two characters may map to the same character, but a character may map to itself.

**Example 1:**

**Input:** s = ""egg"", t = ""add""
**Output:** true

**Example 2:**

**Input:** s = ""foo"", t = ""bar""
**Output:** false

**Example 3:**

**Input:** s = ""paper"", t = ""title""
**Output:** true

**Constraints:**

*   `1 <= s.length <= 5 * 104`
*   `t.length == s.length`
*   `s` and `t` consist of any valid ascii character.","import java.util.HashMap;

public boolean isIsomorphic(String s, String t) {
    HashMap<Character, Character> map1 = new HashMap<>();
    HashMap<Character, Character> map2 = new HashMap<>();
    
    for (int i = 0; i < s.length(); i++) {
        char sChar = s.charAt(i);
        char tChar = t.charAt(i);
        
        if (!map1.containsKey(sChar)) {
            map1.put(sChar, tChar);
        }
        if (!map2.containsKey(tChar)) {
            map2.put(tChar, sChar);
        }
        
        if (map1.get(sChar) != tChar || map2.get(tChar) != sChar) {
           return false;
        }
    }
    return true;
}","- Create two maps (or hash_maps) to store the mappings for characters in `s` to `t` and characters in `t` to `s`.
- Iterate through the characters of `s` and `t`.
- If the current character of `s` is not a key in the first map, add it with the corresponding character of `t` as the value.
- If the current character of `t` is not a key in the second map, add it with the corresponding character of `s` as the value.
- If the maps have inconsistent mappings, return false (they are not isomorphic).
- If the loop is over without finding inconsistent mappings, return true (the strings are isomorphic).","#include <unordered_map>

bool isIsomorphic(std::string s, std::string t) {
    std::unordered_map<char, char> map1, map2;
    for (size_t i = 0; i < s.size(); ++i) {
        if (map1.find(s[i]) == map1.end()) {
            map1[s[i]] = t[i];
        }
        if (map2.find(t[i]) == map2.end()) {
            map2[t[i]] = s[i];
        }
        if (map1[s[i]] != t[i] || map2[t[i]] != s[i]) {
            return false;
        }
    }
    return true;
}","- Create two maps (or hash_maps) to store the mappings for characters in `s` to `t` and characters in `t` to `s`.
- Iterate through the characters of `s` and `t`.
- If the current character of `s` is not a key in the first map, add it with the corresponding character of `t` as the value.
- If the current character of `t` is not a key in the second map, add it with the corresponding character of `s` as the value.
- If the maps have inconsistent mappings, return false (they are not isomorphic).
- If the loop is over without finding inconsistent mappings, return true (the strings are isomorphic).","def is_isomorphic(s: str, t: str) -> bool:
    map1, map2 = {}, {}
    for char_s, char_t in zip(s, t):
        if char_s not in map1:
            map1[char_s] = char_t
        if char_t not in map2:
            map2[char_t] = char_s
        if map1[char_s] != char_t or map2[char_t] != char_s:
            return False
    return True","- Create two maps (or hash_maps) to store the mappings for characters in `s` to `t` and characters in `t` to `s`.
- Iterate through the characters of `s` and `t`.
- If the current character of `s` is not a key in the first map, add it with the corresponding character of `t` as the value.
- If the current character of `t` is not a key in the second map, add it with the corresponding character of `s` as the value.
- If the maps have inconsistent mappings, return false (they are not isomorphic).
- If the loop is over without finding inconsistent mappings, return true (the strings are isomorphic).","function isIsomorphic(s, t) {
    let map1 = new Map();
    let map2 = new Map();
    for (let i = 0; i < s.length; i++) {
        let sChar = s[i];
        let tChar = t[i];

        if (!map1.has(sChar)) {
            map1.set(sChar, tChar);
        }
        if (!map2.has(tChar)) {
            map2.set(tChar, sChar);
        }

        if (map1.get(sChar) !== tChar || map2.get(tChar) !== sChar) {
            return false;
        }
    }
    return true;
}","- Create two maps (or hash_maps) to store the mappings for characters in `s` to `t` and characters in `t` to `s`.
- Iterate through the characters of `s` and `t`.
- If the current character of `s` is not a key in the first map, add it with the corresponding character of `t` as the value.
- If the current character of `t` is not a key in the second map, add it with the corresponding character of `s` as the value.
- If the maps have inconsistent mappings, return false (they are not isomorphic).
- If the loop is over without finding inconsistent mappings, return true (the strings are isomorphic).","Here is the equivalent code in Python:

```python
def isIsomorphic(s, t):
    map1 = {}
    map2 = {}
    for i in range(len(s)):
        sChar = s[i]
        tChar = t[i]

        if sChar not in map1:
            map1[sChar] = tChar
        if tChar not in map2:
            map2[tChar] = sChar

        if map1[sChar] != tChar or map2[tChar] != sChar:
            return False
    return True
```","def isIsomorphic(s, t):
    map1 = {}
    map2 = {}
    for i in range(len(s)):
        sChar = s[i]
        tChar = t[i]

        if sChar not in map1:
            map1[sChar] = tChar
        if tChar not in map2:
            map2[tChar] = sChar

        if map1[sChar] != tChar or map2[tChar] != sChar:
            return False
    return True","```python
def isIsomorphic(s, t):
    map1 = {}
    map2 = {}
    
    for i in range(len(s)):
        sChar = s[i]
        tChar = t[i]
        
        if sChar not in map1:
            map1[sChar] = tChar
        if tChar not in map2:
            map2[tChar] = sChar
        
        if map1[sChar] != tChar or map2[tChar] != sChar:
            return False
    
    return True
```","Here is the equivalent code in Python:

```python
def isIsomorphic(s, t):
    map1, map2 = {}, {}
    for i in range(len(s)):
        if s[i] not in map1:
            map1[s[i]] = t[i]
        if t[i] not in map2:
            map2[t[i]] = s[i]
        if map1[s[i]] != t[i] or map2[t[i]] != s[i]:
            return False
    return True
```","def isIsomorphic(s, t):
    map1 = {}
    map2 = {}
    
    for i in range(len(s)):
        sChar = s[i]
        tChar = t[i]
        
        if sChar not in map1:
            map1[sChar] = tChar
        if tChar not in map2:
            map2[tChar] = sChar
        
        if map1[sChar] != tChar or map2[tChar] != sChar:
            return False
    
    return True","def isIsomorphic(s, t):
    map1, map2 = {}, {}
    for i in range(len(s)):
        if s[i] not in map1:
            map1[s[i]] = t[i]
        if t[i] not in map2:
            map2[t[i]] = s[i]
        if map1[s[i]] != t[i] or map2[t[i]] != s[i]:
            return False
    return True"
193,209,minimum-size-subarray-sum,Minimum Size Subarray Sum,Medium,"Given an array of positive integers `nums` and a positive integer `target`, return _the **minimal length** of a_ _subarray_ _whose sum is greater than or equal to_ `target`. If there is no such subarray, return `0` instead.

**Example 1:**

**Input:** target = 7, nums = \[2,3,1,2,4,3\]
**Output:** 2
**Explanation:** The subarray \[4,3\] has the minimal length under the problem constraint.

**Example 2:**

**Input:** target = 4, nums = \[1,4,4\]
**Output:** 1

**Example 3:**

**Input:** target = 11, nums = \[1,1,1,1,1,1,1,1\]
**Output:** 0

**Constraints:**

*   `1 <= target <= 109`
*   `1 <= nums.length <= 105`
*   `1 <= nums[i] <= 104`

**Follow up:** If you have figured out the `O(n)` solution, try coding another solution of which the time complexity is `O(n log(n))`.","public int minSubArrayLen(int target, int[] nums) {
    int left = 0, cur_sum = 0, min_len = Integer.MAX_VALUE;
    for (int right = 0; right < nums.length; right++) {
        cur_sum += nums[right];
        while (cur_sum >= target) {
            min_len = Math.min(min_len, right - left + 1);
            cur_sum -= nums[left++];
        }
    }
    return min_len == Integer.MAX_VALUE ? 0 : min_len;
}","The algorithm initializes pointers left and right, sum cur_sum, and minimum length min_len. The right pointer traverses nums. During traversal, update cur_sum by adding nums[right]. Then check if cur_sum is greater than or equal to target. If so, update min_len by comparing min_len and the length of the current subarray (right - left + 1). Then update cur_sum by subtracting nums[left] and increment the left pointer. Continue this process until the end of nums is reached. If min_len is still at its max value at the end, return 0. Otherwise, return min_len.

This algorithm uses a sliding window technique to iterate through the array while maintaining subarray sums greater than or equal to the target.","#include <climits>
int minSubArrayLen(int target, vector<int>& nums) {
    int left = 0, cur_sum = 0, min_len = INT_MAX;
    for (int right = 0; right < nums.size(); right++) {
        cur_sum += nums[right];
        while (cur_sum >= target) {
            min_len = min(min_len, right - left + 1);
            cur_sum -= nums[left++];
        }
    }
    return min_len == INT_MAX ? 0 : min_len;
}","The algorithm initializes pointers left and right, sum cur_sum, and minimum length min_len. The right pointer traverses nums. During traversal, update cur_sum by adding nums[right]. Then check if cur_sum is greater than or equal to target. If so, update min_len by comparing min_len and the length of the current subarray (right - left + 1). Then update cur_sum by subtracting nums[left] and increment the left pointer. Continue this process until the end of nums is reached. If min_len is still at its max value at the end, return 0. Otherwise, return min_len.

This algorithm uses a sliding window technique to iterate through the array while maintaining subarray sums greater than or equal to the target.","def minSubArrayLen(target: int, nums: List[int]) -> int:
    left, cur_sum, min_len = 0, 0, float('inf')
    for right in range(len(nums)):
        cur_sum += nums[right]
        while cur_sum >= target:
            min_len = min(min_len, right - left + 1)
            cur_sum -= nums[left]
            left += 1
    return min_len if min_len != float('inf') else 0","The algorithm initializes pointers left and right, sum cur_sum, and minimum length min_len. The right pointer traverses nums. During traversal, update cur_sum by adding nums[right]. Then check if cur_sum is greater than or equal to target. If so, update min_len by comparing min_len and the length of the current subarray (right - left + 1). Then update cur_sum by subtracting nums[left] and increment the left pointer. Continue this process until the end of nums is reached. If min_len is still at its max value at the end, return 0. Otherwise, return min_len.

This algorithm uses a sliding window technique to iterate through the array while maintaining subarray sums greater than or equal to the target.","function minSubArrayLen(target, nums) {
    let left = 0, cur_sum = 0, min_len = Number.MAX_VALUE;
    for (let right = 0; right < nums.length; right++) {
        cur_sum += nums[right];
        while (cur_sum >= target) {
            min_len = Math.min(min_len, right - left + 1);
            cur_sum -= nums[left++];
        }
    }
    return min_len === Number.MAX_VALUE ? 0 : min_len;
}","The algorithm initializes pointers left and right, sum cur_sum, and minimum length min_len. The right pointer traverses nums. During traversal, update cur_sum by adding nums[right]. Then check if cur_sum is greater than or equal to target. If so, update min_len by comparing min_len and the length of the current subarray (right - left + 1). Then update cur_sum by subtracting nums[left] and increment the left pointer. Continue this process until the end of nums is reached. If min_len is still at its max value at the end, return 0. Otherwise, return min_len.

This algorithm uses a sliding window technique to iterate through the array while maintaining subarray sums greater than or equal to the target.","def minSubArrayLen(target, nums):
    left = 0
    cur_sum = 0
    min_len = float('inf')
    
    for right in range(len(nums)):
        cur_sum += nums[right]
        
        while cur_sum >= target:
            min_len = min(min_len, right - left + 1)
            cur_sum -= nums[left]
            left += 1
    
    return 0 if min_len == float('inf') else min_len","def minSubArrayLen(target, nums):
    left = 0
    cur_sum = 0
    min_len = float('inf')
    
    for right in range(len(nums)):
        cur_sum += nums[right]
        
        while cur_sum >= target:
            min_len = min(min_len, right - left + 1)
            cur_sum -= nums[left]
            left += 1
    
    return 0 if min_len == float('inf') else min_len","```python
def minSubArrayLen(target, nums):
    left = 0
    cur_sum = 0
    min_len = float('inf')
    for right in range(len(nums)):
        cur_sum += nums[right]
        while cur_sum >= target:
            min_len = min(min_len, right - left + 1)
            cur_sum -= nums[left]
            left += 1
    return 0 if min_len == float('inf') else min_len
```","```python
def minSubArrayLen(target, nums):
    left = 0
    cur_sum = 0
    min_len = float('inf')
    for right in range(len(nums)):
        cur_sum += nums[right]
        while cur_sum >= target:
            min_len = min(min_len, right - left + 1)
            cur_sum -= nums[left]
            left += 1
    return 0 if min_len == float('inf') else min_len
```","def minSubArrayLen(target, nums):
    left = 0
    cur_sum = 0
    min_len = float('inf')
    for right in range(len(nums)):
        cur_sum += nums[right]
        while cur_sum >= target:
            min_len = min(min_len, right - left + 1)
            cur_sum -= nums[left]
            left += 1
    return 0 if min_len == float('inf') else min_len","def minSubArrayLen(target, nums):
    left = 0
    cur_sum = 0
    min_len = float('inf')
    for right in range(len(nums)):
        cur_sum += nums[right]
        while cur_sum >= target:
            min_len = min(min_len, right - left + 1)
            cur_sum -= nums[left]
            left += 1
    return 0 if min_len == float('inf') else min_len"
196,212,word-search-ii,Word Search II,Hard,"Given an `m x n` `board` of characters and a list of strings `words`, return _all words on the board_.

Each word must be constructed from letters of sequentially adjacent cells, where **adjacent cells** are horizontally or vertically neighboring. The same letter cell may not be used more than once in a word.

**Example 1:**

**Input:** board = \[\[ ""o "", ""a "", ""a "", ""n ""\],\[ ""e "", ""t "", ""a "", ""e ""\],\[ ""i "", ""h "", ""k "", ""r ""\],\[ ""i "", ""f "", ""l "", ""v ""\]\], words = \[ ""oath "", ""pea "", ""eat "", ""rain ""\]
**Output:** \[ ""eat "", ""oath ""\]

**Example 2:**

**Input:** board = \[\[ ""a "", ""b ""\],\[ ""c "", ""d ""\]\], words = \[ ""abcb ""\]
**Output:** \[\]

**Constraints:**

*   `m == board.length`
*   `n == board[i].length`
*   `1 <= m, n <= 12`
*   `board[i][j]` is a lowercase English letter.
*   `1 <= words.length <= 3 * 104`
*   `1 <= words[i].length <= 10`
*   `words[i]` consists of lowercase English letters.
*   All the strings of `words` are unique.","import java.util.ArrayList;
import java.util.List;

public List<String> findWords(char[][] board, String[] words) {
    List<String> result = new ArrayList<>();
    for (String word : words) {
        if (exist(board, word)) {
            result.add(word);
        }
    }
    return result;
}

private boolean exist(char[][] board, String word) {
    int m = board.length;
    int n = board[0].length;
    boolean[][] visited = new boolean[m][n];
    for (int i = 0; i < m; i++) {
        for (int j = 0; j < n; j++) {
            if (dfs(board, word, 0, i, j, visited)) {
                return true;
            }
        }
    }
    return false;
}

private boolean dfs(char[][] board, String word, int index, int i, int j, boolean[][] visited) {
    if (index == word.length()) {
        return true;
    }
    if (i < 0 || j < 0 || i >= board.length || j >= board[0].length || visited[i][j] || board[i][j] != word.charAt(index)) {
        return false;
    }
    visited[i][j] = true;
    boolean found =
            dfs(board, word, index + 1, i - 1, j, visited) ||
            dfs(board, word, index + 1, i + 1, j, visited) ||
            dfs(board, word, index + 1, i, j - 1, visited) ||
            dfs(board, word, index + 1, i, j + 1, visited);
    visited[i][j] = false;
    return found;
}","The algorithm uses Depth First Search (DFS) to search for each word in the board. For each word, we iterate through all the cells in the board and start the DFS search if the current cell matches the word's first letter. During the DFS search, we mark the cell as visited and only continue the search if the next cell we are going to move to is not yet visited, in the allowed board bounds, and it matches the next character of the word. If we reached the end of the word, then we know that this word is found in the board.

For each programming language, we implemented the `findWords` function that takes the `board` and the `words` as an input and returns a list of found words. The core algorithm is the same, but the language-specific syntax and constructs are used accordingly.","#include <vector>
#include <string>

void dfs(const std::vector<std::vector<char>>& board, const std::string& word, int index, int i, int j, std::vector<std::vector<bool>>& visited, bool& found){
    if (index == word.length()) {
        found = true;
        return;
    }
    if (i < 0 || j < 0 || i >= board.size() || j >= board[0].size() || visited[i][j] || board[i][j] != word[index]){
        return;
    }
    visited[i][j] = true;
    dfs(board, word, index + 1, i - 1, j, visited, found);
    dfs(board, word, index + 1, i + 1, j, visited, found);
    dfs(board, word, index + 1, i, j - 1, visited, found);
    dfs(board, word, index + 1, i, j + 1, visited, found);
    visited[i][j] = false;
}

std::vector<std::string> findWords(std::vector<std::vector<char>>& board, std::vector<std::string>& words) {
    std::vector<std::string> result;
    for (const auto& word : words) {
        bool found = false;
        std::vector<std::vector<bool>> visited(board.size(), std::vector<bool>(board[0].size(), false));
        for (int i = 0; i < board.size() && !found; ++i) {
            for (int j = 0; j < board[0].size() && !found; ++j) {
                dfs(board, word, 0, i, j, visited, found);
            }
        }
        if (found) {
            result.push_back(word);
        }
    }
    return result;
}","The algorithm uses Depth First Search (DFS) to search for each word in the board. For each word, we iterate through all the cells in the board and start the DFS search if the current cell matches the word's first letter. During the DFS search, we mark the cell as visited and only continue the search if the next cell we are going to move to is not yet visited, in the allowed board bounds, and it matches the next character of the word. If we reached the end of the word, then we know that this word is found in the board.

For each programming language, we implemented the `findWords` function that takes the `board` and the `words` as an input and returns a list of found words. The core algorithm is the same, but the language-specific syntax and constructs are used accordingly.","def findWords(board, words):
    def dfs(board, word, index, i, j, visited):
        if index == len(word):
            return True
        if i < 0 or j < 0 or i >= len(board) or j >= len(board[0]) or visited[i][j] or board[i][j] != word[index]:
            return False
        visited[i][j] = True
        found = dfs(board, word, index + 1, i - 1, j, visited) or \
                dfs(board, word, index + 1, i + 1, j, visited) or \
                dfs(board, word, index + 1, i, j - 1, visited) or \
                dfs(board, word, index + 1, i, j + 1, visited)
        visited[i][j] = False
        return found

    res = []
    for word in words:
        if any(dfs(board, word, 0, i, j, [[False] * len(board[0]) for _ in range(len(board))])
               for i in range(len(board)) for j in range(len(board[0]))):
            res.append(word)
    return res","The algorithm uses Depth First Search (DFS) to search for each word in the board. For each word, we iterate through all the cells in the board and start the DFS search if the current cell matches the word's first letter. During the DFS search, we mark the cell as visited and only continue the search if the next cell we are going to move to is not yet visited, in the allowed board bounds, and it matches the next character of the word. If we reached the end of the word, then we know that this word is found in the board.

For each programming language, we implemented the `findWords` function that takes the `board` and the `words` as an input and returns a list of found words. The core algorithm is the same, but the language-specific syntax and constructs are used accordingly.","function findWords(board, words) {
    function dfs(board, word, index, i, j, visited) {
        if (index === word.length) {
            return true;
        }
        if (i < 0 || j < 0 || i >= board.length || j >= board[0].length || visited[i][j] || board[i][j] !== word.charAt(index)) {
            return false;
        }
        visited[i][j] = true;
        const found = dfs(board, word, index + 1, i - 1, j, visited) ||
                      dfs(board, word, index + 1, i + 1, j, visited) ||
                      dfs(board, word, index + 1, i, j - 1, visited) ||
                      dfs(board, word, index + 1, i, j + 1, visited);
        visited[i][j] = false;
        return found;
    }

    const res = [];
    for (const word of words) {
        let found = false;
        for (let i = 0; i < board.length && !found; i++) {
            for (let j = 0; j < board[0].length && !found; j++) {
                if (dfs(board, word, 0, i, j, Array.from({ length: board.length }, () => Array(board[0].length).fill(false)))) {
                    found = true;
                }
            }
        }
        if (found) {
            res.push(word);
        }
    }
    return res;
}","The algorithm uses Depth First Search (DFS) to search for each word in the board. For each word, we iterate through all the cells in the board and start the DFS search if the current cell matches the word's first letter. During the DFS search, we mark the cell as visited and only continue the search if the next cell we are going to move to is not yet visited, in the allowed board bounds, and it matches the next character of the word. If we reached the end of the word, then we know that this word is found in the board.

For each programming language, we implemented the `findWords` function that takes the `board` and the `words` as an input and returns a list of found words. The core algorithm is the same, but the language-specific syntax and constructs are used accordingly.","Here is the equivalent code in Python:

```python
def findWords(board, words):
    def dfs(board, word, index, i, j, visited):
        if index == len(word):
            return True
        if i < 0 or j < 0 or i >= len(board) or j >= len(board[0]) or visited[i][j] or board[i][j] != word[index]:
            return False
        visited[i][j] = True
        found = dfs(board, word, index + 1, i - 1, j, visited) or \
                dfs(board, word, index + 1, i + 1, j, visited) or \
                dfs(board, word, index + 1, i, j - 1, visited) or \
                dfs(board, word, index + 1, i, j + 1, visited)
        visited[i][j] = False
        return found

    res = []
    for word in words:
        found = False
        for i in range(len(board)):
            for j in range(len(board[0])):
                if dfs(board, word, 0, i, j, [[False] * len(board[0]) for _ in range(len(board))]):
                    found = True
                    break
            if found:
                break
        if found:
            res.append(word)
    return res
```","def findWords(board, words):
    def dfs(board, word, index, i, j, visited):
        if index == len(word):
            return True
        if i < 0 or j < 0 or i >= len(board) or j >= len(board[0]) or visited[i][j] or board[i][j] != word[index]:
            return False
        visited[i][j] = True
        found = dfs(board, word, index + 1, i - 1, j, visited) or \
                dfs(board, word, index + 1, i + 1, j, visited) or \
                dfs(board, word, index + 1, i, j - 1, visited) or \
                dfs(board, word, index + 1, i, j + 1, visited)
        visited[i][j] = False
        return found

    res = []
    for word in words:
        found = False
        for i in range(len(board)):
            for j in range(len(board[0])):
                if dfs(board, word, 0, i, j, [[False] * len(board[0]) for _ in range(len(board))]):
                    found = True
                    break
            if found:
                break
        if found:
            res.append(word)
    return res","```python
def findWords(board, words):
    result = []
    for word in words:
        if exist(board, word):
            result.append(word)
    return result

def exist(board, word):
    m = len(board)
    n = len(board[0])
    visited = [[False for _ in range(n)] for _ in range(m)]
    for i in range(m):
        for j in range(n):
            if dfs(board, word, 0, i, j, visited):
                return True
    return False

def dfs(board, word, index, i, j, visited):
    if index == len(word):
        return True
    if i < 0 or j < 0 or i >= len(board) or j >= len(board[0]) or visited[i][j] or board[i][j] != word[index]:
        return False
    visited[i][j] = True
    found = dfs(board, word, index + 1, i - 1, j, visited) or dfs(board, word, index + 1, i + 1, j, visited) or dfs(board, word, index + 1, i, j - 1, visited) or dfs(board, word, index + 1, i, j + 1, visited)
    visited[i][j] = False
    return found
```","```python
def dfs(board, word, index, i, j, visited, found):
    if index == len(word):
        found = True
        return
    if i < 0 or j < 0 or i >= len(board) or j >= len(board[0]) or visited[i][j] or board[i][j] != word[index]:
        return
    visited[i][j] = True
    dfs(board, word, index + 1, i - 1, j, visited, found)
    dfs(board, word, index + 1, i + 1, j, visited, found)
    dfs(board, word, index + 1, i, j - 1, visited, found)
    dfs(board, word, index + 1, i, j + 1, visited, found)
    visited[i][j] = False

def findWords(board, words):
    result = []
    for word in words:
        found = False
        visited = [[False for _ in range(len(board[0]))] for _ in range(len(board))]
        for i in range(len(board)):
            for j in range(len(board[0])):
                if not found:
                    dfs(board, word, 0, i, j, visited, found)
        if found:
            result.append(word)
    return result
```","def findWords(board, words):
    result = []
    for word in words:
        if exist(board, word):
            result.append(word)
    return result

def exist(board, word):
    m = len(board)
    n = len(board[0])
    visited = [[False for _ in range(n)] for _ in range(m)]
    for i in range(m):
        for j in range(n):
            if dfs(board, word, 0, i, j, visited):
                return True
    return False

def dfs(board, word, index, i, j, visited):
    if index == len(word):
        return True
    if i < 0 or j < 0 or i >= len(board) or j >= len(board[0]) or visited[i][j] or board[i][j] != word[index]:
        return False
    visited[i][j] = True
    found = dfs(board, word, index + 1, i - 1, j, visited) or dfs(board, word, index + 1, i + 1, j, visited) or dfs(board, word, index + 1, i, j - 1, visited) or dfs(board, word, index + 1, i, j + 1, visited)
    visited[i][j] = False
    return found","def dfs(board, word, index, i, j, visited, found):
    if index == len(word):
        found = True
        return
    if i < 0 or j < 0 or i >= len(board) or j >= len(board[0]) or visited[i][j] or board[i][j] != word[index]:
        return
    visited[i][j] = True
    dfs(board, word, index + 1, i - 1, j, visited, found)
    dfs(board, word, index + 1, i + 1, j, visited, found)
    dfs(board, word, index + 1, i, j - 1, visited, found)
    dfs(board, word, index + 1, i, j + 1, visited, found)
    visited[i][j] = False

def findWords(board, words):
    result = []
    for word in words:
        found = False
        visited = [[False for _ in range(len(board[0]))] for _ in range(len(board))]
        for i in range(len(board)):
            for j in range(len(board[0])):
                if not found:
                    dfs(board, word, 0, i, j, visited, found)
        if found:
            result.append(word)
    return result"
199,215,kth-largest-element-in-an-array,Kth Largest Element in an Array,Medium,"Given an integer array `nums` and an integer `k`, return _the_ `kth` _largest element in the array_.

Note that it is the `kth` largest element in the sorted order, not the `kth` distinct element.

You must solve it in `O(n)` time complexity.

**Example 1:**

**Input:** nums = \[3,2,1,5,6,4\], k = 2
**Output:** 5

**Example 2:**

**Input:** nums = \[3,2,3,1,2,4,5,5,6\], k = 4
**Output:** 4

**Constraints:**

*   `1 <= k <= nums.length <= 105`
*   `-104 <= nums[i] <= 104`","import java.util.PriorityQueue;

public int findKthLargest(int[] nums, int k) {
    PriorityQueue<Integer> minHeap = new PriorityQueue<>();
    for (int num : nums) {
        minHeap.add(num);
        if (minHeap.size() > k) {
            minHeap.poll();
        }
    }
    return minHeap.poll();
}","The algorithm sorts the input array in descending order (non-increasing order). Then it returns the element at the index `k-1`. In the case of the C++ and Python implementations, the built-in `sort()` method was used to sort the array in descending order, while in the Java implementation, a min-heap was used for efficiency. In the Javascript implementation, the custom comparator `(a, b) => b - a` was used to sort the input array in descending order.

Sorting the array in descending order ensures that the kth largest element will be located at the index `k-1` (since indexing starts at 0).","#include <algorithm>
#include <vector>

int findKthLargest(std::vector<int>& nums, int k) {
    std::sort(nums.begin(), nums.end(), std::greater<int>());
    return nums[k-1];
}","The algorithm sorts the input array in descending order (non-increasing order). Then it returns the element at the index `k-1`. In the case of the C++ and Python implementations, the built-in `sort()` method was used to sort the array in descending order, while in the Java implementation, a min-heap was used for efficiency. In the Javascript implementation, the custom comparator `(a, b) => b - a` was used to sort the input array in descending order.

Sorting the array in descending order ensures that the kth largest element will be located at the index `k-1` (since indexing starts at 0).","def findKthLargest(nums: List[int], k: int) -> int:
    nums.sort(reverse=True)
    return nums[k-1]","The algorithm sorts the input array in descending order (non-increasing order). Then it returns the element at the index `k-1`. In the case of the C++ and Python implementations, the built-in `sort()` method was used to sort the array in descending order, while in the Java implementation, a min-heap was used for efficiency. In the Javascript implementation, the custom comparator `(a, b) => b - a` was used to sort the input array in descending order.

Sorting the array in descending order ensures that the kth largest element will be located at the index `k-1` (since indexing starts at 0).","function findKthLargest(nums, k) {
    nums.sort((a, b) => b - a);
    return nums[k - 1];
}","The algorithm sorts the input array in descending order (non-increasing order). Then it returns the element at the index `k-1`. In the case of the C++ and Python implementations, the built-in `sort()` method was used to sort the array in descending order, while in the Java implementation, a min-heap was used for efficiency. In the Javascript implementation, the custom comparator `(a, b) => b - a` was used to sort the input array in descending order.

Sorting the array in descending order ensures that the kth largest element will be located at the index `k-1` (since indexing starts at 0).","def findKthLargest(nums, k):
    nums.sort(reverse=True)
    return nums[k - 1]","def findKthLargest(nums, k):
    nums.sort(reverse=True)
    return nums[k - 1]","```python
import heapq

def findKthLargest(nums, k):
    minHeap = []
    for num in nums:
        heapq.heappush(minHeap, num)
        if len(minHeap) > k:
            heapq.heappop(minHeap)
    return heapq.heappop(minHeap)
```","Here is the equivalent code in Python:

```python
def findKthLargest(nums, k):
    nums.sort(reverse=True)
    return nums[k-1]
```","import heapq

def findKthLargest(nums, k):
    minHeap = []
    for num in nums:
        heapq.heappush(minHeap, num)
        if len(minHeap) > k:
            heapq.heappop(minHeap)
    return heapq.heappop(minHeap)","def findKthLargest(nums, k):
    nums.sort(reverse=True)
    return nums[k-1]"
203,219,contains-duplicate-ii,Contains Duplicate II,Easy,"Given an integer array `nums` and an integer `k`, return `true` _if there are two **distinct indices**_ `i` _and_ `j` _in the array such that_ `nums[i] == nums[j]` _and_ `abs(i - j) <= k`.

**Example 1:**

**Input:** nums = \[1,2,3,1\], k = 3
**Output:** true

**Example 2:**

**Input:** nums = \[1,0,1,1\], k = 1
**Output:** true

**Example 3:**

**Input:** nums = \[1,2,3,1,2,3\], k = 2
**Output:** false

**Constraints:**

*   `1 <= nums.length <= 105`
*   `-109 <= nums[i] <= 109`
*   `0 <= k <= 105`","public boolean containsNearbyDuplicate(int[] nums, int k) {
    HashMap<Integer, Integer> valueIndexMap = new HashMap<>();
    for (int i = 0; i < nums.length; i++) {
        if (valueIndexMap.containsKey(nums[i]) && i - valueIndexMap.get(nums[i]) <= k) {
            return true;
        }
        valueIndexMap.put(nums[i], i);
    }
    return false;
}","The algorithm utilizes a Hashtable, in which we store the integer value present in the array as the key and its latest index position as the value. For each element in the array, we first check if the current number is already in the Hashtable. If it is, we also check if the difference between the current index and the latest index stored in the Hashtable is less than or equal to k. If both conditions are met, we return `true` because there are two repeating integers having an index difference less than or equal to k. Otherwise, we add the number along with its latest index to the Hashtable and continue with the next element. If the loop finishes without finding such a pair, we return `false`.

Note: The algorithm's time complexity is O(n), where n is the length of the input array, and the space complexity is O(min(n, k)).","bool containsNearbyDuplicate(vector<int>& nums, int k) {
    unordered_map<int, int> valueIndexMap;
    for (int i = 0; i < nums.size(); i++) {
        if (valueIndexMap.find(nums[i]) != valueIndexMap.end() && i - valueIndexMap[nums[i]] <= k) {
            return true;
        }
        valueIndexMap[nums[i]] = i;
    }
    return false;
}","The algorithm utilizes a Hashtable, in which we store the integer value present in the array as the key and its latest index position as the value. For each element in the array, we first check if the current number is already in the Hashtable. If it is, we also check if the difference between the current index and the latest index stored in the Hashtable is less than or equal to k. If both conditions are met, we return `true` because there are two repeating integers having an index difference less than or equal to k. Otherwise, we add the number along with its latest index to the Hashtable and continue with the next element. If the loop finishes without finding such a pair, we return `false`.

Note: The algorithm's time complexity is O(n), where n is the length of the input array, and the space complexity is O(min(n, k)).","def containsNearbyDuplicate(nums, k):
    value_index_map = {}
    for i, num in enumerate(nums):
        if num in value_index_map and i - value_index_map[num] <= k:
            return True
        value_index_map[num] = i
    return False","The algorithm utilizes a Hashtable, in which we store the integer value present in the array as the key and its latest index position as the value. For each element in the array, we first check if the current number is already in the Hashtable. If it is, we also check if the difference between the current index and the latest index stored in the Hashtable is less than or equal to k. If both conditions are met, we return `true` because there are two repeating integers having an index difference less than or equal to k. Otherwise, we add the number along with its latest index to the Hashtable and continue with the next element. If the loop finishes without finding such a pair, we return `false`.

Note: The algorithm's time complexity is O(n), where n is the length of the input array, and the space complexity is O(min(n, k)).","function containsNearbyDuplicate(nums, k) {
    const valueIndexMap = new Map();
    for (let i = 0; i < nums.length; i++) {
        if (valueIndexMap.has(nums[i]) && i - valueIndexMap.get(nums[i]) <= k) {
            return true;
        }
        valueIndexMap.set(nums[i], i);
    }
    return false;
}","The algorithm utilizes a Hashtable, in which we store the integer value present in the array as the key and its latest index position as the value. For each element in the array, we first check if the current number is already in the Hashtable. If it is, we also check if the difference between the current index and the latest index stored in the Hashtable is less than or equal to k. If both conditions are met, we return `true` because there are two repeating integers having an index difference less than or equal to k. Otherwise, we add the number along with its latest index to the Hashtable and continue with the next element. If the loop finishes without finding such a pair, we return `false`.

Note: The algorithm's time complexity is O(n), where n is the length of the input array, and the space complexity is O(min(n, k)).","def containsNearbyDuplicate(nums, k):
    valueIndexMap = {}
    for i in range(len(nums)):
        if nums[i] in valueIndexMap and i - valueIndexMap[nums[i]] <= k:
            return True
        valueIndexMap[nums[i]] = i
    return False","def containsNearbyDuplicate(nums, k):
    valueIndexMap = {}
    for i in range(len(nums)):
        if nums[i] in valueIndexMap and i - valueIndexMap[nums[i]] <= k:
            return True
        valueIndexMap[nums[i]] = i
    return False","def containsNearbyDuplicate(nums, k):
    valueIndexMap = {}
    for i in range(len(nums)):
        if nums[i] in valueIndexMap and i - valueIndexMap[nums[i]] <= k:
            return True
        valueIndexMap[nums[i]] = i
    return False","Here is the equivalent code in Python:

```python
def containsNearbyDuplicate(nums, k):
    valueIndexMap = {}
    for i in range(len(nums)):
        if nums[i] in valueIndexMap and i - valueIndexMap[nums[i]] <= k:
            return True
        valueIndexMap[nums[i]] = i
    return False
```","def containsNearbyDuplicate(nums, k):
    valueIndexMap = {}
    for i in range(len(nums)):
        if nums[i] in valueIndexMap and i - valueIndexMap[nums[i]] <= k:
            return True
        valueIndexMap[nums[i]] = i
    return False","def containsNearbyDuplicate(nums, k):
    valueIndexMap = {}
    for i in range(len(nums)):
        if nums[i] in valueIndexMap and i - valueIndexMap[nums[i]] <= k:
            return True
        valueIndexMap[nums[i]] = i
    return False"
208,224,basic-calculator,Basic Calculator,Hard,"Given a string `s` representing a valid expression, implement a basic calculator to evaluate it, and return _the result of the evaluation_.

**Note:** You are **not** allowed to use any built-in function which evaluates strings as mathematical expressions, such as `eval()`.

**Example 1:**

**Input:** s =  ""1 + 1 ""
**Output:** 2

**Example 2:**

**Input:** s =  "" 2-1 + 2  ""
**Output:** 3

**Example 3:**

**Input:** s =  ""(1+(4+5+2)-3)+(6+8) ""
**Output:** 23

**Constraints:**

*   `1 <= s.length <= 3 * 105`
*   `s` consists of digits, `'+'`, `'-'`, `'('`, `')'`, and `' '`.
*   `s` represents a valid expression.
*   `'+'` is **not** used as a unary operation (i.e., `""+1 ""` and `""+(2 + 3) ""` is invalid).
*   `'-'` could be used as a unary operation (i.e., `""-1 ""` and `""-(2 + 3) ""` is valid).
*   There will be no two consecutive operators in the input.
*   Every number and running calculation will fit in a signed 32-bit integer.","public int calculate(String s) {
    int result = 0, sign = 1, num = 0;
    Stack<Integer> st = new Stack<>();
    for (char c : s.toCharArray()) {
        if (Character.isDigit(c)) {
            num = num * 10 + (c - '0');
        } else {
            result += sign * num;
            num = 0;
            if (c == '+') {
                sign = 1;
            } else if (c == '-') {
                sign = -1;
            } else if (c == '(') {
                st.push(result);
                st.push(sign);
                result = 0;
                sign = 1;
            } else if (c == ')') {
                int prev_sign = st.pop();
                int prev_result = st.pop();
                result = prev_result + prev_sign * result;
            }
        }
    }
    result += sign * num;
    return result;
}","The algorithm first initializes variables `result`, `sign`, and `num` along with a stack `st`. It iterates through each character of the given string, `s`. If a digit is encountered, we update `num`, otherwise, if an operator, `(` or `)` is found, we perform the appropriate operation and update the variables accordingly. For example, we store the current result and sign onto the stack when we encounter a `(` and calculate the result when we encounter a `)` and use the stack to track the values of previous results and signs. Finally, we return the final result after the iteration is complete.","int calculate(string s) {
    int result = 0, sign = 1, num = 0;
    stack<int> st;
    for (char c : s) {
        if (isdigit(c)) {
            num = num * 10 + (c - '0');
        } else {
            result += sign * num;
            num = 0;
            if (c == '+') {
                sign = 1;
            } else if (c == '-') {
                sign = -1;
            } else if (c == '(') {
                st.push(result);
                st.push(sign);
                result = 0;
                sign = 1;
            } else if (c == ')') {
                int prev_sign = st.top();
                st.pop();
                int prev_result = st.top();
                st.pop();
                result = prev_result + prev_sign * result;
            }
        }
    }
    result += sign * num;
    return result;
}","The algorithm first initializes variables `result`, `sign`, and `num` along with a stack `st`. It iterates through each character of the given string, `s`. If a digit is encountered, we update `num`, otherwise, if an operator, `(` or `)` is found, we perform the appropriate operation and update the variables accordingly. For example, we store the current result and sign onto the stack when we encounter a `(` and calculate the result when we encounter a `)` and use the stack to track the values of previous results and signs. Finally, we return the final result after the iteration is complete.","def calculate(s: str) -> int:
    result = 0
    sign = 1
    num = 0
    st = []
    for c in s:
        if c.isdigit():
            num = num * 10 + int(c)
        else:
            result += sign * num
            num = 0
            if c == '+':
                sign = 1
            elif c == '-':
                sign = -1
            elif c == '(':
                st.append(result)
                st.append(sign)
                result = 0
                sign = 1
            elif c == ')':
                prev_sign = st.pop()
                prev_result = st.pop()
                result = prev_result + prev_sign * result
    result += sign * num
    return result","The algorithm first initializes variables `result`, `sign`, and `num` along with a stack `st`. It iterates through each character of the given string, `s`. If a digit is encountered, we update `num`, otherwise, if an operator, `(` or `)` is found, we perform the appropriate operation and update the variables accordingly. For example, we store the current result and sign onto the stack when we encounter a `(` and calculate the result when we encounter a `)` and use the stack to track the values of previous results and signs. Finally, we return the final result after the iteration is complete.","function calculate(s) {
    let result = 0, sign = 1, num = 0;
    let st = [];
    for (let c of s) {
        if (/\d/.test(c)) {
            num = num * 10 + (c - '0');
        } else {
            result += sign * num;
            num = 0;
            if (c === '+') {
                sign = 1;
            } else if (c === '-') {
                sign = -1;
            } else if (c === '(') {
                st.push(result);
                st.push(sign);
                result = 0;
                sign = 1;
            } else if (c === ')') {
                let prev_sign = st.pop();
                let prev_result = st.pop();
                result = prev_result + prev_sign * result;
            }
        }
    }
    result += sign * num;
    return result;
}","The algorithm first initializes variables `result`, `sign`, and `num` along with a stack `st`. It iterates through each character of the given string, `s`. If a digit is encountered, we update `num`, otherwise, if an operator, `(` or `)` is found, we perform the appropriate operation and update the variables accordingly. For example, we store the current result and sign onto the stack when we encounter a `(` and calculate the result when we encounter a `)` and use the stack to track the values of previous results and signs. Finally, we return the final result after the iteration is complete.","```python
def calculate(s):
    result = 0
    sign = 1
    num = 0
    st = []
    for c in s:
        if c.isdigit():
            num = num * 10 + int(c)
        else:
            result += sign * num
            num = 0
            if c == '+':
                sign = 1
            elif c == '-':
                sign = -1
            elif c == '(':
                st.append(result)
                st.append(sign)
                result = 0
                sign = 1
            elif c == ')':
                prev_sign = st.pop()
                prev_result = st.pop()
                result = prev_result + prev_sign * result
    result += sign * num
    return result
```","def calculate(s):
    result = 0
    sign = 1
    num = 0
    st = []
    for c in s:
        if c.isdigit():
            num = num * 10 + int(c)
        else:
            result += sign * num
            num = 0
            if c == '+':
                sign = 1
            elif c == '-':
                sign = -1
            elif c == '(':
                st.append(result)
                st.append(sign)
                result = 0
                sign = 1
            elif c == ')':
                prev_sign = st.pop()
                prev_result = st.pop()
                result = prev_result + prev_sign * result
    result += sign * num
    return result","```python
def calculate(s):
    result = 0
    sign = 1
    num = 0
    st = []
    for c in s:
        if c.isdigit():
            num = num * 10 + int(c)
        else:
            result += sign * num
            num = 0
            if c == '+':
                sign = 1
            elif c == '-':
                sign = -1
            elif c == '(':
                st.append(result)
                st.append(sign)
                result = 0
                sign = 1
            elif c == ')':
                prev_sign = st.pop()
                prev_result = st.pop()
                result = prev_result + prev_sign * result
    result += sign * num
    return result
```","```python
def calculate(s):
    result = 0
    sign = 1
    num = 0
    st = []
    for c in s:
        if c.isdigit():
            num = num * 10 + int(c)
        else:
            result += sign * num
            num = 0
            if c == '+':
                sign = 1
            elif c == '-':
                sign = -1
            elif c == '(':
                st.append(result)
                st.append(sign)
                result = 0
                sign = 1
            elif c == ')':
                prev_sign = st.pop()
                prev_result = st.pop()
                result = prev_result + prev_sign * result
    result += sign * num
    return result
```","def calculate(s):
    result = 0
    sign = 1
    num = 0
    st = []
    for c in s:
        if c.isdigit():
            num = num * 10 + int(c)
        else:
            result += sign * num
            num = 0
            if c == '+':
                sign = 1
            elif c == '-':
                sign = -1
            elif c == '(':
                st.append(result)
                st.append(sign)
                result = 0
                sign = 1
            elif c == ')':
                prev_sign = st.pop()
                prev_result = st.pop()
                result = prev_result + prev_sign * result
    result += sign * num
    return result","def calculate(s):
    result = 0
    sign = 1
    num = 0
    st = []
    for c in s:
        if c.isdigit():
            num = num * 10 + int(c)
        else:
            result += sign * num
            num = 0
            if c == '+':
                sign = 1
            elif c == '-':
                sign = -1
            elif c == '(':
                st.append(result)
                st.append(sign)
                result = 0
                sign = 1
            elif c == ')':
                prev_sign = st.pop()
                prev_result = st.pop()
                result = prev_result + prev_sign * result
    result += sign * num
    return result"
212,228,summary-ranges,Summary Ranges,Easy,"You are given a **sorted unique** integer array `nums`.

A **range** `[a,b]` is the set of all integers from `a` to `b` (inclusive).

Return _the **smallest sorted** list of ranges that **cover all the numbers in the array exactly**_. That is, each element of `nums` is covered by exactly one of the ranges, and there is no integer `x` such that `x` is in one of the ranges but not in `nums`.

Each range `[a,b]` in the list should be output as:

*   `""a->b ""` if `a != b`
*   `""a ""` if `a == b`

**Example 1:**

**Input:** nums = \[0,1,2,4,5,7\]
**Output:** \[ ""0->2 "", ""4->5 "", ""7 ""\]
**Explanation:** The ranges are:
\[0,2\] -->  ""0->2 ""
\[4,5\] -->  ""4->5 ""
\[7,7\] -->  ""7 ""

**Example 2:**

**Input:** nums = \[0,2,3,4,6,8,9\]
**Output:** \[ ""0 "", ""2->4 "", ""6 "", ""8->9 ""\]
**Explanation:** The ranges are:
\[0,0\] -->  ""0 ""
\[2,4\] -->  ""2->4 ""
\[6,6\] -->  ""6 ""
\[8,9\] -->  ""8->9 ""

**Constraints:**

*   `0 <= nums.length <= 20`
*   `-231 <= nums[i] <= 231 - 1`
*   All the values of `nums` are **unique**.
*   `nums` is sorted in ascending order.","import java.util.ArrayList;
import java.util.List;

public List<String> findRanges(int[] nums) {
    List<String> result = new ArrayList<>();
    int n = nums.length;
    if (n == 0) return result;

    int start = nums[0];
    for (int i = 1; i < n; i++) {
        if (nums[i] > nums[i-1] + 1) {
            if (start == nums[i-1])
                result.add(Integer.toString(start));
            else
                result.add(start + ""->"" + nums[i-1]);
            start = nums[i];
        }
    }

    if (start == nums[n-1])
        result.add(Integer.toString(start));
    else
        result.add(start + ""->"" + nums[n-1]);

    return result;
}","The algorithm involves iterating through the input array and using a variable named `start` to keep track of the beginning of the current range. For each element, we compare it with the previous element to check if they form a continuous range by verifying if the current element is greater than the previous element plus 1. If they don't form a continuous range, we know that the current range has ended and a new range starts at the current element. So, we add the current range to the result in the required format and update the start variable to the current element. This process continues until all elements are processed. Finally, we add the last range to the result in the required format.

Since the input array is sorted and unique, this greedy approach ensures that we find the smallest sorted list of ranges that cover all the numbers in the array.","#include <vector>
#include <string>

std::vector<std::string> find_ranges(std::vector<int>& nums) {
    std::vector<std::string> result;
    int n = nums.size();
    if (n == 0) return result;

    int start = nums[0];
    for (int i = 1; i < n; ++i) {
        if (nums[i] > nums[i-1] + 1) {
            if (start == nums[i-1])
                result.push_back(std::to_string(start));
            else
                result.push_back(std::to_string(start) + ""->"" + std::to_string(nums[i-1]));
            start = nums[i];
        }
    }

    if (start == nums[n-1])
        result.push_back(std::to_string(start));
    else
        result.push_back(std::to_string(start) + ""->"" + std::to_string(nums[n-1]));

    return result;
}","The algorithm involves iterating through the input array and using a variable named `start` to keep track of the beginning of the current range. For each element, we compare it with the previous element to check if they form a continuous range by verifying if the current element is greater than the previous element plus 1. If they don't form a continuous range, we know that the current range has ended and a new range starts at the current element. So, we add the current range to the result in the required format and update the start variable to the current element. This process continues until all elements are processed. Finally, we add the last range to the result in the required format.

Since the input array is sorted and unique, this greedy approach ensures that we find the smallest sorted list of ranges that cover all the numbers in the array.","from typing import List

def find_ranges(nums: List[int]) -> List[str]:
    result = []
    n = len(nums)
    if n == 0: 
        return result

    start = nums[0]
    for i in range(1, n):
        if nums[i] > nums[i-1] + 1:
            if start == nums[i-1]:
                result.append(str(start))
            else:
                result.append(str(start) + ""->"" + str(nums[i-1]))
            start = nums[i]

    if start == nums[n-1]:
        result.append(str(start))
    else:
        result.append(str(start) + ""->"" + str(nums[n-1]))

    return result","The algorithm involves iterating through the input array and using a variable named `start` to keep track of the beginning of the current range. For each element, we compare it with the previous element to check if they form a continuous range by verifying if the current element is greater than the previous element plus 1. If they don't form a continuous range, we know that the current range has ended and a new range starts at the current element. So, we add the current range to the result in the required format and update the start variable to the current element. This process continues until all elements are processed. Finally, we add the last range to the result in the required format.

Since the input array is sorted and unique, this greedy approach ensures that we find the smallest sorted list of ranges that cover all the numbers in the array.","function findRanges(nums) {
    const result = [];
    const n = nums.length;
    if (n === 0) return result;

    let start = nums[0];
    for (let i = 1; i < n; i++) {
        if (nums[i] > nums[i - 1] + 1) {
            if (start === nums[i - 1])
                result.push(`${start}`);
            else
                result.push(`${start}->${nums[i - 1]}`);
            start = nums[i];
        }
    }

    if (start === nums[n - 1])
        result.push(`${start}`);
    else
        result.push(`${start}->${nums[n - 1]}`);

    return result;
}","The algorithm involves iterating through the input array and using a variable named `start` to keep track of the beginning of the current range. For each element, we compare it with the previous element to check if they form a continuous range by verifying if the current element is greater than the previous element plus 1. If they don't form a continuous range, we know that the current range has ended and a new range starts at the current element. So, we add the current range to the result in the required format and update the start variable to the current element. This process continues until all elements are processed. Finally, we add the last range to the result in the required format.

Since the input array is sorted and unique, this greedy approach ensures that we find the smallest sorted list of ranges that cover all the numbers in the array.","```python
def findRanges(nums):
    result = []
    n = len(nums)
    if n == 0:
        return result

    start = nums[0]
    for i in range(1, n):
        if nums[i] > nums[i - 1] + 1:
            if start == nums[i - 1]:
                result.append(str(start))
            else:
                result.append(f""{start}->{nums[i - 1]}"")
            start = nums[i]

    if start == nums[n - 1]:
        result.append(str(start))
    else:
        result.append(f""{start}->{nums[n - 1]}"")

    return result
```","def findRanges(nums):
    result = []
    n = len(nums)
    if n == 0:
        return result

    start = nums[0]
    for i in range(1, n):
        if nums[i] > nums[i - 1] + 1:
            if start == nums[i - 1]:
                result.append(str(start))
            else:
                result.append(f""{start}->{nums[i - 1]}"")
            start = nums[i]

    if start == nums[n - 1]:
        result.append(str(start))
    else:
        result.append(f""{start}->{nums[n - 1]}"")

    return result","```python
def findRanges(nums):
    result = []
    n = len(nums)
    if n == 0:
        return result

    start = nums[0]
    for i in range(1, n):
        if nums[i] > nums[i-1] + 1:
            if start == nums[i-1]:
                result.append(str(start))
            else:
                result.append(str(start) + ""->"" + str(nums[i-1]))
            start = nums[i]

    if start == nums[n-1]:
        result.append(str(start))
    else:
        result.append(str(start) + ""->"" + str(nums[n-1]))

    return result
```","Here is the equivalent code in Python:

```python
def find_ranges(nums):
    result = []
    n = len(nums)
    if n == 0:
        return result

    start = nums[0]
    for i in range(1, n):
        if nums[i] > nums[i-1] + 1:
            if start == nums[i-1]:
                result.append(str(start))
            else:
                result.append(str(start) + ""->"" + str(nums[i-1]))
            start = nums[i]

    if start == nums[n-1]:
        result.append(str(start))
    else:
        result.append(str(start) + ""->"" + str(nums[n-1]))

    return result
```","def findRanges(nums):
    result = []
    n = len(nums)
    if n == 0:
        return result

    start = nums[0]
    for i in range(1, n):
        if nums[i] > nums[i-1] + 1:
            if start == nums[i-1]:
                result.append(str(start))
            else:
                result.append(str(start) + ""->"" + str(nums[i-1]))
            start = nums[i]

    if start == nums[n-1]:
        result.append(str(start))
    else:
        result.append(str(start) + ""->"" + str(nums[n-1]))

    return result","def find_ranges(nums):
    result = []
    n = len(nums)
    if n == 0:
        return result

    start = nums[0]
    for i in range(1, n):
        if nums[i] > nums[i-1] + 1:
            if start == nums[i-1]:
                result.append(str(start))
            else:
                result.append(str(start) + ""->"" + str(nums[i-1]))
            start = nums[i]

    if start == nums[n-1]:
        result.append(str(start))
    else:
        result.append(str(start) + ""->"" + str(nums[n-1]))

    return result"
222,238,product-of-array-except-self,Product of Array Except Self,Medium,"Given an integer array `nums`, return _an array_ `answer` _such that_ `answer[i]` _is equal to the product of all the elements of_ `nums` _except_ `nums[i]`.

The product of any prefix or suffix of `nums` is **guaranteed** to fit in a **32-bit** integer.

You must write an algorithm that runs in `O(n)` time and without using the division operation.

**Example 1:**

**Input:** nums = \[1,2,3,4\]
**Output:** \[24,12,8,6\]

**Example 2:**

**Input:** nums = \[-1,1,0,-3,3\]
**Output:** \[0,0,9,0,0\]

**Constraints:**

*   `2 <= nums.length <= 105`
*   `-30 <= nums[i] <= 30`
*   The product of any prefix or suffix of `nums` is **guaranteed** to fit in a **32-bit** integer.

**Follow up:** Can you solve the problem in `O(1)` extra space complexity? (The output array **does not** count as extra space for space complexity analysis.)","public int[] productExceptSelf(int[] nums) {
    int n = nums.length;
    int[] answer = new int[n];
    
    Arrays.fill(answer, 1);
    
    int left = 1;
    for (int i = 0; i < n; i++) {
        answer[i] *= left;
        left *= nums[i];
    }
    
    int right = 1;
    for (int i = n - 1; i >= 0; i--) {
        answer[i] *= right;
        right *= nums[i];
    }
    
    return answer;
}","The basic idea is to create an array `answer` with the same size as `nums`. We start by initializing all elements of the `answer` array to 1.

We then perform two passes through the `nums` array. During the first pass, we keep track of the running product of elements to the left of the current index in a variable called `left`, and we multiply the corresponding element in the `answer` array by this running product.

During the second pass, we move in the reverse direction, and we perform a similar operation for the elements to the right of the current index using a variable called `right`. This will result in `answer[i]` being equal to the product of all elements in the `nums` array except for the current element, `nums[i]`.

Since we only have two passes through the input array, the algorithm has an O(n) time complexity.","vector<int> productExceptSelf(vector<int>& nums) {
    int n = nums.size();
    vector<int> answer(n, 1);
    
    int left = 1;
    for (int i = 0; i < n; i++) {
        answer[i] *= left;
        left *= nums[i];
    }
    
    int right = 1;
    for (int i = n - 1; i >= 0; i--) {
        answer[i] *= right;
        right *= nums[i];
    }
    
    return answer;
}","The basic idea is to create an array `answer` with the same size as `nums`. We start by initializing all elements of the `answer` array to 1.

We then perform two passes through the `nums` array. During the first pass, we keep track of the running product of elements to the left of the current index in a variable called `left`, and we multiply the corresponding element in the `answer` array by this running product.

During the second pass, we move in the reverse direction, and we perform a similar operation for the elements to the right of the current index using a variable called `right`. This will result in `answer[i]` being equal to the product of all elements in the `nums` array except for the current element, `nums[i]`.

Since we only have two passes through the input array, the algorithm has an O(n) time complexity.","def productExceptSelf(nums):
    n = len(nums)
    answer = [1] * n
    
    left = 1
    for i in range(n):
        answer[i] *= left
        left *= nums[i]
    
    right = 1
    for i in range(n - 1, -1, -1):
        answer[i] *= right
        right *= nums[i]
    
    return answer","The basic idea is to create an array `answer` with the same size as `nums`. We start by initializing all elements of the `answer` array to 1.

We then perform two passes through the `nums` array. During the first pass, we keep track of the running product of elements to the left of the current index in a variable called `left`, and we multiply the corresponding element in the `answer` array by this running product.

During the second pass, we move in the reverse direction, and we perform a similar operation for the elements to the right of the current index using a variable called `right`. This will result in `answer[i]` being equal to the product of all elements in the `nums` array except for the current element, `nums[i]`.

Since we only have two passes through the input array, the algorithm has an O(n) time complexity.","function productExceptSelf(nums) {
    const n = nums.length;
    const answer = new Array(n).fill(1);
    
    let left = 1;
    for (let i = 0; i < n; i++) {
        answer[i] *= left;
        left *= nums[i];
    }
    
    let right = 1;
    for (let i = n - 1; i >= 0; i--) {
        answer[i] *= right;
        right *= nums[i];
    }
    
    return answer;
}","The basic idea is to create an array `answer` with the same size as `nums`. We start by initializing all elements of the `answer` array to 1.

We then perform two passes through the `nums` array. During the first pass, we keep track of the running product of elements to the left of the current index in a variable called `left`, and we multiply the corresponding element in the `answer` array by this running product.

During the second pass, we move in the reverse direction, and we perform a similar operation for the elements to the right of the current index using a variable called `right`. This will result in `answer[i]` being equal to the product of all elements in the `nums` array except for the current element, `nums[i]`.

Since we only have two passes through the input array, the algorithm has an O(n) time complexity.","Here is the equivalent code in Python:

```python
def productExceptSelf(nums):
    n = len(nums)
    answer = [1] * n
    
    left = 1
    for i in range(n):
        answer[i] *= left
        left *= nums[i]
    
    right = 1
    for i in range(n-1, -1, -1):
        answer[i] *= right
        right *= nums[i]
    
    return answer
```","def productExceptSelf(nums):
    n = len(nums)
    answer = [1] * n
    
    left = 1
    for i in range(n):
        answer[i] *= left
        left *= nums[i]
    
    right = 1
    for i in range(n-1, -1, -1):
        answer[i] *= right
        right *= nums[i]
    
    return answer","```python
def productExceptSelf(nums):
    n = len(nums)
    answer = [1] * n
    
    left = 1
    for i in range(n):
        answer[i] *= left
        left *= nums[i]
    
    right = 1
    for i in range(n-1, -1, -1):
        answer[i] *= right
        right *= nums[i]
    
    return answer
```","Here is the equivalent code in Python:

```python
def productExceptSelf(nums):
    n = len(nums)
    answer = [1] * n
    
    left = 1
    for i in range(n):
        answer[i] *= left
        left *= nums[i]
    
    right = 1
    for i in range(n-1, -1, -1):
        answer[i] *= right
        right *= nums[i]
    
    return answer
```","def productExceptSelf(nums):
    n = len(nums)
    answer = [1] * n
    
    left = 1
    for i in range(n):
        answer[i] *= left
        left *= nums[i]
    
    right = 1
    for i in range(n-1, -1, -1):
        answer[i] *= right
        right *= nums[i]
    
    return answer","def productExceptSelf(nums):
    n = len(nums)
    answer = [1] * n
    
    left = 1
    for i in range(n):
        answer[i] *= left
        left *= nums[i]
    
    right = 1
    for i in range(n-1, -1, -1):
        answer[i] *= right
        right *= nums[i]
    
    return answer"
226,242,valid-anagram,Valid Anagram,Easy,"Given two strings `s` and `t`, return `true` _if_ `t` _is an anagram of_ `s`_, and_ `false` _otherwise_.

An **Anagram** is a word or phrase formed by rearranging the letters of a different word or phrase, typically using all the original letters exactly once.

**Example 1:**

**Input:** s = ""anagram"", t = ""nagaram""
**Output:** true

**Example 2:**

**Input:** s = ""rat"", t = ""car""
**Output:** false

**Constraints:**

*   `1 <= s.length, t.length <= 5 * 104`
*   `s` and `t` consist of lowercase English letters.

**Follow up:** What if the inputs contain Unicode characters? How would you adapt your solution to such a case?","public boolean isAnagram(String s, String t) {
    if(s.length() != t.length())
        return false;

    int[] counts = new int[26];
    for(char c : s.toCharArray())
        counts[c - 'a']++;

    for(char c : t.toCharArray()) {
        if(counts[c - 'a'] == 0)
            return false;
        counts[c - 'a']--;
    }

    return true;
}","The algorithm first checks if the two input strings have the same length. If they do not, it returns `false`, because an anagram of a string would have the same length as the original string.

Then, the algorithm initializes a hash table to store the frequency of each character in the string `s`. It iterates through the string `s`, and for each character, it increments the corresponding frequency count in the hash table.

It then iterates through the string `t`. For each character in `t`, it checks if the frequency count of that character in the hash table is greater than 0. If it is not, that means the character either wasn't in the string `s`, or has been used up already, so the function returns `false`. Otherwise, it decrements the frequency count for the current character in the hash table.

Finally, if the function has not yet returned `false`, that means that the two strings are anagrams and the function returns `true`.","bool isAnagram(std::string s, std::string t) {
    if(s.size() != t.size())
        return false;
    
    std::unordered_map<char, int> counts;
    for(char c : s)
        counts[c]++;
        
    for(char c : t) {
        if(counts[c] == 0)
            return false;
        counts[c]--;
    }
    
    return true;
}","The algorithm first checks if the two input strings have the same length. If they do not, it returns `false`, because an anagram of a string would have the same length as the original string.

Then, the algorithm initializes a hash table to store the frequency of each character in the string `s`. It iterates through the string `s`, and for each character, it increments the corresponding frequency count in the hash table.

It then iterates through the string `t`. For each character in `t`, it checks if the frequency count of that character in the hash table is greater than 0. If it is not, that means the character either wasn't in the string `s`, or has been used up already, so the function returns `false`. Otherwise, it decrements the frequency count for the current character in the hash table.

Finally, if the function has not yet returned `false`, that means that the two strings are anagrams and the function returns `true`.","def is_anagram(s, t):
    if len(s) != len(t):
        return False

    counts = {}
    for c in s:
        if c in counts:
            counts[c] += 1
        else:
            counts[c] = 1

    for c in t:
        if c not in counts or counts[c] == 0:
            return False
        counts[c] -= 1

    return True","The algorithm first checks if the two input strings have the same length. If they do not, it returns `false`, because an anagram of a string would have the same length as the original string.

Then, the algorithm initializes a hash table to store the frequency of each character in the string `s`. It iterates through the string `s`, and for each character, it increments the corresponding frequency count in the hash table.

It then iterates through the string `t`. For each character in `t`, it checks if the frequency count of that character in the hash table is greater than 0. If it is not, that means the character either wasn't in the string `s`, or has been used up already, so the function returns `false`. Otherwise, it decrements the frequency count for the current character in the hash table.

Finally, if the function has not yet returned `false`, that means that the two strings are anagrams and the function returns `true`.","function isAnagram(s, t) {
    if (s.length !== t.length)
        return false;

    const counts = {};
    for (let c of s)
        counts[c] = (counts[c] || 0) + 1;

    for (let c of t) {
        if (counts[c] === 0 || !counts[c])
            return false;
        counts[c]--;
    }

    return true;
}","The algorithm first checks if the two input strings have the same length. If they do not, it returns `false`, because an anagram of a string would have the same length as the original string.

Then, the algorithm initializes a hash table to store the frequency of each character in the string `s`. It iterates through the string `s`, and for each character, it increments the corresponding frequency count in the hash table.

It then iterates through the string `t`. For each character in `t`, it checks if the frequency count of that character in the hash table is greater than 0. If it is not, that means the character either wasn't in the string `s`, or has been used up already, so the function returns `false`. Otherwise, it decrements the frequency count for the current character in the hash table.

Finally, if the function has not yet returned `false`, that means that the two strings are anagrams and the function returns `true`.","def isAnagram(s, t):
    if len(s) != len(t):
        return False

    counts = {}
    for c in s:
        counts[c] = counts.get(c, 0) + 1

    for c in t:
        if counts.get(c, 0) == 0:
            return False
        counts[c] -= 1

    return True","def isAnagram(s, t):
    if len(s) != len(t):
        return False

    counts = {}
    for c in s:
        counts[c] = counts.get(c, 0) + 1

    for c in t:
        if counts.get(c, 0) == 0:
            return False
        counts[c] -= 1

    return True","def isAnagram(s, t):
    if len(s) != len(t):
        return False

    counts = [0] * 26
    for c in s:
        counts[ord(c) - ord('a')] += 1

    for c in t:
        if counts[ord(c) - ord('a')] == 0:
            return False
        counts[ord(c) - ord('a')] -= 1

    return True","Here is the equivalent code in Python:

```python
from collections import Counter

def isAnagram(s, t):
    if len(s) != len(t):
        return False
    
    counts = Counter(s)
    for c in t:
        if counts[c] == 0:
            return False
        counts[c] -= 1
    
    return True
```","def isAnagram(s, t):
    if len(s) != len(t):
        return False

    counts = [0] * 26
    for c in s:
        counts[ord(c) - ord('a')] += 1

    for c in t:
        if counts[ord(c) - ord('a')] == 0:
            return False
        counts[ord(c) - ord('a')] -= 1

    return True","from collections import Counter

def isAnagram(s, t):
    if len(s) != len(t):
        return False
    
    counts = Counter(s)
    for c in t:
        if counts[c] == 0:
            return False
        counts[c] -= 1
    
    return True"
257,274,h-index,H-Index,Medium,"Given an array of integers `citations` where `citations[i]` is the number of citations a researcher received for their `ith` paper, return _the researcher's h-index_.

According to the [definition of h-index on Wikipedia](https://en.wikipedia.org/wiki/H-index): The h-index is defined as the maximum value of `h` such that the given researcher has published at least `h` papers that have each been cited at least `h` times.

**Example 1:**

**Input:** citations = \[3,0,6,1,5\]
**Output:** 3
**Explanation:** \[3,0,6,1,5\] means the researcher has 5 papers in total and each of them had received 3, 0, 6, 1, 5 citations respectively.
Since the researcher has 3 papers with at least 3 citations each and the remaining two with no more than 3 citations each, their h-index is 3.

**Example 2:**

**Input:** citations = \[1,3,1\]
**Output:** 1

**Constraints:**

*   `n == citations.length`
*   `1 <= n <= 5000`
*   `0 <= citations[i] <= 1000`","public int hIndex(int[] citations) {
    Arrays.sort(citations);
    int h = 0;
    for (int i = citations.length - 1; i >= 0; i--) {
        int rank = citations.length - i;
        if (citations[i] >= rank) {
            h = rank;
        } else {
            break;
        }
    }
    return h;
}","1. First, we sort the citations array in descending order.
2. Then, we iterate through the sorted array and compare each value with its index + 1 (zero-based index). If citations[i] is greater or equal to (i + 1), we update the h-index with the new value (i + 1). Otherwise, we break the loop since the maximum h-index is achieved.
3. Finally, we return the h-index.","int hIndex(vector<int>& citations) {
    sort(citations.begin(), citations.end(), greater<int>());
    int h = 0;
    for (int i = 0; i < citations.size(); ++i) {
        if (citations[i] >= i + 1) {
            h = i + 1;
        } else {
            break;
        }
    }
    return h;
}","1. First, we sort the citations array in descending order.
2. Then, we iterate through the sorted array and compare each value with its index + 1 (zero-based index). If citations[i] is greater or equal to (i + 1), we update the h-index with the new value (i + 1). Otherwise, we break the loop since the maximum h-index is achieved.
3. Finally, we return the h-index.","def hIndex(citations: List[int]) -> int:
    citations.sort(reverse=True)
    h = 0
    for i, citation in enumerate(citations):
        if citation >= i + 1:
            h = i + 1
        else:
            break
    return h","1. First, we sort the citations array in descending order.
2. Then, we iterate through the sorted array and compare each value with its index + 1 (zero-based index). If citations[i] is greater or equal to (i + 1), we update the h-index with the new value (i + 1). Otherwise, we break the loop since the maximum h-index is achieved.
3. Finally, we return the h-index.","function hIndex(citations) {
    citations.sort((a, b) => b - a);
    let h = 0;
    for (let i = 0; i < citations.length; i++) {
        if (citations[i] >= i + 1) {
            h = i + 1;
        } else {
            break;
        }
    }
    return h;
}","1. First, we sort the citations array in descending order.
2. Then, we iterate through the sorted array and compare each value with its index + 1 (zero-based index). If citations[i] is greater or equal to (i + 1), we update the h-index with the new value (i + 1). Otherwise, we break the loop since the maximum h-index is achieved.
3. Finally, we return the h-index.","def hIndex(citations):
    citations.sort(reverse=True)
    h = 0
    for i in range(len(citations)):
        if citations[i] >= i + 1:
            h = i + 1
        else:
            break
    return h","def hIndex(citations):
    citations.sort(reverse=True)
    h = 0
    for i in range(len(citations)):
        if citations[i] >= i + 1:
            h = i + 1
        else:
            break
    return h","def hIndex(citations):
    citations.sort()
    h = 0
    for i in range(len(citations) - 1, -1, -1):
        rank = len(citations) - i
        if citations[i] >= rank:
            h = rank
        else:
            break
    return h","def hIndex(citations):
    citations.sort(reverse=True)
    h = 0
    for i in range(len(citations)):
        if citations[i] >= i + 1:
            h = i + 1
        else:
            break
    return h","def hIndex(citations):
    citations.sort()
    h = 0
    for i in range(len(citations) - 1, -1, -1):
        rank = len(citations) - i
        if citations[i] >= rank:
            h = rank
        else:
            break
    return h","def hIndex(citations):
    citations.sort(reverse=True)
    h = 0
    for i in range(len(citations)):
        if citations[i] >= i + 1:
            h = i + 1
        else:
            break
    return h"
272,289,game-of-life,Game of Life,Medium,"According to [Wikipedia's article](https://en.wikipedia.org/wiki/Conway%27s_Game_of_Life): ""The **Game of Life**, also known simply as **Life**, is a cellular automaton devised by the British mathematician John Horton Conway in 1970. ""

The board is made up of an `m x n` grid of cells, where each cell has an initial state: **live** (represented by a `1`) or **dead** (represented by a `0`). Each cell interacts with its [eight neighbors](https://en.wikipedia.org/wiki/Moore_neighborhood) (horizontal, vertical, diagonal) using the following four rules (taken from the above Wikipedia article):

1.  Any live cell with fewer than two live neighbors dies as if caused by under-population.
2.  Any live cell with two or three live neighbors lives on to the next generation.
3.  Any live cell with more than three live neighbors dies, as if by over-population.
4.  Any dead cell with exactly three live neighbors becomes a live cell, as if by reproduction.

The next state is created by applying the above rules simultaneously to every cell in the current state, where births and deaths occur simultaneously. Given the current state of the `m x n` grid `board`, return _the next state_.

**Example 1:**

**Input:** board = \[\[0,1,0\],\[0,0,1\],\[1,1,1\],\[0,0,0\]\]
**Output:** \[\[0,0,0\],\[1,0,1\],\[0,1,1\],\[0,1,0\]\]

**Example 2:**

**Input:** board = \[\[1,1\],\[1,0\]\]
**Output:** \[\[1,1\],\[1,1\]\]

**Constraints:**

*   `m == board.length`
*   `n == board[i].length`
*   `1 <= m, n <= 25`
*   `board[i][j]` is `0` or `1`.

**Follow up:**

*   Could you solve it in-place? Remember that the board needs to be updated simultaneously: You cannot update some cells first and then use their updated values to update other cells.
*   In this question, we represent the board using a 2D array. In principle, the board is infinite, which would cause problems when the active area encroaches upon the border of the array (i.e., live cells reach the border). How would you address these problems?","public int[][] gameOfLife(int[][] board) {
    int m = board.length;
    int n = board[0].length;
    int[][] result = new int[m][n];
    int[][] dirs = {{-1, -1}, {-1, 0}, {-1, 1}, {0, -1}, {0, 1}, {1, -1}, {1, 0}, {1, 1}};
    
    for (int i = 0; i < m; i++) {
        for (int j = 0; j < n; j++) {
            int liveNeighbors = 0;
            
            for (int[] dir : dirs) {
                int newRow = i + dir[0];
                int newCol = j + dir[1];
                
                if (newRow >= 0 && newRow < m && newCol >= 0 && newCol < n && board[newRow][newCol] == 1) {
                    liveNeighbors++;
                }
            }
            
            if (board[i][j] == 1 && (liveNeighbors == 2 || liveNeighbors == 3)) {
                result[i][j] = 1;
            } else if (board[i][j] == 0 && liveNeighbors == 3) {
                result[i][j] = 1;
            }
        }
    }
    
    return result;
}","Create a new board called `result` with the same dimensions as the input board. For each cell in the input board, count the live neighbors (the 8 neighboring cells). Then apply the following rules:
1. Any live cell with two or three live neighbors survives.
2. Any dead cell with exactly three live neighbors becomes a live cell.
3. All other live cells die and all other dead cells stay dead.

To count live neighbors, iterate through a predefined list of relative coordinates `dirs` representing the eight neighboring cells. For each neighboring coordinate, check if it is inside the grid, and if the corresponding cell in the input board is live. If so, increment the counter of live neighbors.

Finally, update the cell in the result board using the rules.","#include <vector>

std::vector<std::vector<int>> gameOfLife(std::vector<std::vector<int>>& board) {
    int m = board.size();
    int n = board[0].size();
    std::vector<std::vector<int>> result(m, std::vector<int>(n, 0));
    
    std::vector<std::vector<int>> dirs = {{-1, -1}, {-1, 0}, {-1, 1}, {0, -1}, {0, 1}, {1, -1}, {1, 0}, {1, 1}};
    
    for (int i = 0; i < m; i++) {
        for (int j = 0; j < n; j++) {
            int liveNeighbors = 0;
            
            for (std::vector<int> dir : dirs) {
                int newRow = i + dir[0];
                int newCol = j + dir[1];
                
                if (newRow >= 0 && newRow < m && newCol >= 0 && newCol < n && board[newRow][newCol] == 1) {
                    liveNeighbors++;
                }
            }
            
            if (board[i][j] == 1 && (liveNeighbors == 2 || liveNeighbors == 3)) {
                result[i][j] = 1;
            } else if (board[i][j] == 0 && liveNeighbors == 3) {
                result[i][j] = 1;
            }
        }
    }
    
    return result;
}","Create a new board called `result` with the same dimensions as the input board. For each cell in the input board, count the live neighbors (the 8 neighboring cells). Then apply the following rules:
1. Any live cell with two or three live neighbors survives.
2. Any dead cell with exactly three live neighbors becomes a live cell.
3. All other live cells die and all other dead cells stay dead.

To count live neighbors, iterate through a predefined list of relative coordinates `dirs` representing the eight neighboring cells. For each neighboring coordinate, check if it is inside the grid, and if the corresponding cell in the input board is live. If so, increment the counter of live neighbors.

Finally, update the cell in the result board using the rules.","def gameOfLife(board):
    m, n = len(board), len(board[0])
    result = [[0] * n for _ in range(m)]
    dirs = [[-1, -1], [-1, 0], [-1, 1], [0, -1], [0, 1], [1, -1], [1, 0], [1, 1]]
    
    for i in range(m):
        for j in range(n):
            liveNeighbors = 0
            
            for dir in dirs:
                newRow = i + dir[0]
                newCol = j + dir[1]
                
                if newRow >= 0 and newRow < m and newCol >= 0 and newCol < n and board[newRow][newCol] == 1:
                    liveNeighbors += 1
            
            if board[i][j] == 1 and (liveNeighbors == 2 or liveNeighbors == 3):
                result[i][j] = 1
            elif board[i][j] == 0 and liveNeighbors == 3:
                result[i][j] = 1
                
    return result","Create a new board called `result` with the same dimensions as the input board. For each cell in the input board, count the live neighbors (the 8 neighboring cells). Then apply the following rules:
1. Any live cell with two or three live neighbors survives.
2. Any dead cell with exactly three live neighbors becomes a live cell.
3. All other live cells die and all other dead cells stay dead.

To count live neighbors, iterate through a predefined list of relative coordinates `dirs` representing the eight neighboring cells. For each neighboring coordinate, check if it is inside the grid, and if the corresponding cell in the input board is live. If so, increment the counter of live neighbors.

Finally, update the cell in the result board using the rules.","function gameOfLife(board) {
    let m = board.length;
    let n = board[0].length;
    let result = new Array(m).fill(0).map(() => new Array(n).fill(0));
    let dirs = [[-1, -1], [-1, 0], [-1, 1], [0, -1], [0, 1], [1, -1], [1, 0], [1, 1]];

    for (let i = 0; i < m; i++) {
        for (let j = 0; j < n; j++) {
            let liveNeighbors = 0;

            for (let dir of dirs) {
                let newRow = i + dir[0];
                let newCol = j + dir[1];

                if (newRow >= 0 && newRow < m && newCol >= 0 && newCol < n && board[newRow][newCol] === 1) {
                    liveNeighbors++;
                }
            }

            if (board[i][j] === 1 && (liveNeighbors === 2 || liveNeighbors === 3)) {
                result[i][j] = 1;
            } else if (board[i][j] === 0 && liveNeighbors === 3) {
                result[i][j] = 1;
            }
        }
    }

    return result;
}","Create a new board called `result` with the same dimensions as the input board. For each cell in the input board, count the live neighbors (the 8 neighboring cells). Then apply the following rules:
1. Any live cell with two or three live neighbors survives.
2. Any dead cell with exactly three live neighbors becomes a live cell.
3. All other live cells die and all other dead cells stay dead.

To count live neighbors, iterate through a predefined list of relative coordinates `dirs` representing the eight neighboring cells. For each neighboring coordinate, check if it is inside the grid, and if the corresponding cell in the input board is live. If so, increment the counter of live neighbors.

Finally, update the cell in the result board using the rules.","Here is the equivalent code in Python:

```python
def gameOfLife(board):
    m = len(board)
    n = len(board[0])
    result = [[0 for _ in range(n)] for _ in range(m)]
    dirs = [[-1, -1], [-1, 0], [-1, 1], [0, -1], [0, 1], [1, -1], [1, 0], [1, 1]]

    for i in range(m):
        for j in range(n):
            liveNeighbors = 0

            for dir in dirs:
                newRow = i + dir[0]
                newCol = j + dir[1]

                if 0 <= newRow < m and 0 <= newCol < n and board[newRow][newCol] == 1:
                    liveNeighbors += 1

            if board[i][j] == 1 and (liveNeighbors == 2 or liveNeighbors == 3):
                result[i][j] = 1
            elif board[i][j] == 0 and liveNeighbors == 3:
                result[i][j] = 1

    return result
```","def gameOfLife(board):
    m = len(board)
    n = len(board[0])
    result = [[0 for _ in range(n)] for _ in range(m)]
    dirs = [[-1, -1], [-1, 0], [-1, 1], [0, -1], [0, 1], [1, -1], [1, 0], [1, 1]]

    for i in range(m):
        for j in range(n):
            liveNeighbors = 0

            for dir in dirs:
                newRow = i + dir[0]
                newCol = j + dir[1]

                if 0 <= newRow < m and 0 <= newCol < n and board[newRow][newCol] == 1:
                    liveNeighbors += 1

            if board[i][j] == 1 and (liveNeighbors == 2 or liveNeighbors == 3):
                result[i][j] = 1
            elif board[i][j] == 0 and liveNeighbors == 3:
                result[i][j] = 1

    return result","```python
def gameOfLife(board):
    m = len(board)
    n = len(board[0])
    result = [[0 for _ in range(n)] for _ in range(m)]
    dirs = [[-1, -1], [-1, 0], [-1, 1], [0, -1], [0, 1], [1, -1], [1, 0], [1, 1]]
    
    for i in range(m):
        for j in range(n):
            liveNeighbors = 0
            
            for dir in dirs:
                newRow = i + dir[0]
                newCol = j + dir[1]
                
                if newRow >= 0 and newRow < m and newCol >= 0 and newCol < n and board[newRow][newCol] == 1:
                    liveNeighbors += 1
            
            if board[i][j] == 1 and (liveNeighbors == 2 or liveNeighbors == 3):
                result[i][j] = 1
            elif board[i][j] == 0 and liveNeighbors == 3:
                result[i][j] = 1
    
    return result
```","Here is the equivalent code in Python:

```python
def gameOfLife(board):
    m = len(board)
    n = len(board[0])
    result = [[0 for _ in range(n)] for _ in range(m)]
    
    dirs = [(-1, -1), (-1, 0), (-1, 1), (0, -1), (0, 1), (1, -1), (1, 0), (1, 1)]
    
    for i in range(m):
        for j in range(n):
            liveNeighbors = 0
            
            for dir in dirs:
                newRow = i + dir[0]
                newCol = j + dir[1]
                
                if 0 <= newRow < m and 0 <= newCol < n and board[newRow][newCol] == 1:
                    liveNeighbors += 1
            
            if board[i][j] == 1 and (liveNeighbors == 2 or liveNeighbors == 3):
                result[i][j] = 1
            elif board[i][j] == 0 and liveNeighbors == 3:
                result[i][j] = 1
    
    return result
```","def gameOfLife(board):
    m = len(board)
    n = len(board[0])
    result = [[0 for _ in range(n)] for _ in range(m)]
    dirs = [[-1, -1], [-1, 0], [-1, 1], [0, -1], [0, 1], [1, -1], [1, 0], [1, 1]]
    
    for i in range(m):
        for j in range(n):
            liveNeighbors = 0
            
            for dir in dirs:
                newRow = i + dir[0]
                newCol = j + dir[1]
                
                if newRow >= 0 and newRow < m and newCol >= 0 and newCol < n and board[newRow][newCol] == 1:
                    liveNeighbors += 1
            
            if board[i][j] == 1 and (liveNeighbors == 2 or liveNeighbors == 3):
                result[i][j] = 1
            elif board[i][j] == 0 and liveNeighbors == 3:
                result[i][j] = 1
    
    return result","def gameOfLife(board):
    m = len(board)
    n = len(board[0])
    result = [[0 for _ in range(n)] for _ in range(m)]
    
    dirs = [(-1, -1), (-1, 0), (-1, 1), (0, -1), (0, 1), (1, -1), (1, 0), (1, 1)]
    
    for i in range(m):
        for j in range(n):
            liveNeighbors = 0
            
            for dir in dirs:
                newRow = i + dir[0]
                newCol = j + dir[1]
                
                if 0 <= newRow < m and 0 <= newCol < n and board[newRow][newCol] == 1:
                    liveNeighbors += 1
            
            if board[i][j] == 1 and (liveNeighbors == 2 or liveNeighbors == 3):
                result[i][j] = 1
            elif board[i][j] == 0 and liveNeighbors == 3:
                result[i][j] = 1
    
    return result"
273,290,word-pattern,Word Pattern,Easy,"Given a `pattern` and a string `s`, find if `s` follows the same pattern.

Here **follow** means a full match, such that there is a bijection between a letter in `pattern` and a **non-empty** word in `s`.

**Example 1:**

**Input:** pattern =  ""abba "", s =  ""dog cat cat dog ""
**Output:** true

**Example 2:**

**Input:** pattern =  ""abba "", s =  ""dog cat cat fish ""
**Output:** false

**Example 3:**

**Input:** pattern =  ""aaaa "", s =  ""dog cat cat dog ""
**Output:** false

**Constraints:**

*   `1 <= pattern.length <= 300`
*   `pattern` contains only lower-case English letters.
*   `1 <= s.length <= 3000`
*   `s` contains only lowercase English letters and spaces `' '`.
*   `s` **does not contain** any leading or trailing spaces.
*   All the words in `s` are separated by a **single space**.","import java.util.HashMap;
import java.util.Map;

public boolean wordPattern(String pattern, String s) {
    String[] words = s.split("" "");
    if (pattern.length() != words.length) return false;

    Map<Character, String> charMap = new HashMap<>();
    Map<String, Character> wordMap = new HashMap<>();

    for (int i = 0; i < pattern.length(); i++) {
        char c = pattern.charAt(i);
        String word = words[i];
        if (!charMap.containsKey(c) && !wordMap.containsKey(word)) {
            charMap.put(c, word);
            wordMap.put(word, c);
        } else {
            if (!word.equals(charMap.get(c)) || c != wordMap.get(word)) return false;
        }
    }

    return true;
}","1. First, split the string 's' into words array based on the space-delimited words.
2. Check if the length of the pattern and words array is the same, otherwise return false.
3. Create two maps (hash tables/dictionaries) - one for storing the mapping from a pattern character to a word, and the other for mapping from a word to a pattern character.
4. Iterate through the pattern and the words array simultaneously using a loop.
5. If a pattern character and word are not in the respective maps, save the corresponding mapping in both maps.
6. If they exist, compare the mappings; if they differ, immediately return false.
7. After the loop is completed, if there is no mismatch, return true.","#include <string>
#include <unordered_map>
#include <sstream>
using namespace std;

bool wordPattern(string pattern, string s) {
    unordered_map<char, string> char_map;
    unordered_map<string, char> word_map;
    stringstream ss(s);

    int i = 0;
    for (string word; ss >> word; ++i) {
        if (i == pattern.size()) return false;
        char c = pattern[i];
        if (char_map.count(c) == 0 && word_map.count(word) == 0) {
            char_map[c] = word;
            word_map[word] = c;
        } else {
            if (char_map[c] != word || word_map[word] != c) return false;
        }
    }

    return i == pattern.size();
}","1. First, split the string 's' into words array based on the space-delimited words.
2. Check if the length of the pattern and words array is the same, otherwise return false.
3. Create two maps (hash tables/dictionaries) - one for storing the mapping from a pattern character to a word, and the other for mapping from a word to a pattern character.
4. Iterate through the pattern and the words array simultaneously using a loop.
5. If a pattern character and word are not in the respective maps, save the corresponding mapping in both maps.
6. If they exist, compare the mappings; if they differ, immediately return false.
7. After the loop is completed, if there is no mismatch, return true.","def word_pattern(pattern, s):
    words = s.split()
    if len(pattern) != len(words):
        return False

    char_map, word_map = {}, {}
    for c, word in zip(pattern, words):
        if c not in char_map and word not in word_map:
            char_map[c] = word
            word_map[word] = c
        else:
            if char_map.get(c) != word or word_map.get(word) != c:
                return False

    return True","1. First, split the string 's' into words array based on the space-delimited words.
2. Check if the length of the pattern and words array is the same, otherwise return false.
3. Create two maps (hash tables/dictionaries) - one for storing the mapping from a pattern character to a word, and the other for mapping from a word to a pattern character.
4. Iterate through the pattern and the words array simultaneously using a loop.
5. If a pattern character and word are not in the respective maps, save the corresponding mapping in both maps.
6. If they exist, compare the mappings; if they differ, immediately return false.
7. After the loop is completed, if there is no mismatch, return true.","function wordPattern(pattern, s) {
    const words = s.split(' ');
    if (pattern.length !== words.length) return false;

    const charMap = new Map();
    const wordMap = new Map();

    for (let i = 0; i < pattern.length; i++) {
        const c = pattern[i];
        const word = words[i];
        if (!charMap.has(c) && !wordMap.has(word)) {
            charMap.set(c, word);
            wordMap.set(word, c);
        } else {
            if (charMap.get(c) !== word || wordMap.get(word) !== c) return false;
        }
    }

    return true;
}","1. First, split the string 's' into words array based on the space-delimited words.
2. Check if the length of the pattern and words array is the same, otherwise return false.
3. Create two maps (hash tables/dictionaries) - one for storing the mapping from a pattern character to a word, and the other for mapping from a word to a pattern character.
4. Iterate through the pattern and the words array simultaneously using a loop.
5. If a pattern character and word are not in the respective maps, save the corresponding mapping in both maps.
6. If they exist, compare the mappings; if they differ, immediately return false.
7. After the loop is completed, if there is no mismatch, return true.","Here is the equivalent code in Python:

```python
def wordPattern(pattern, s):
    words = s.split(' ')
    if len(pattern) != len(words):
        return False

    charMap = {}
    wordMap = {}

    for i in range(len(pattern)):
        c = pattern[i]
        word = words[i]
        if c not in charMap and word not in wordMap:
            charMap[c] = word
            wordMap[word] = c
        else:
            if charMap.get(c) != word or wordMap.get(word) != c:
                return False

    return True
```","def wordPattern(pattern, s):
    words = s.split(' ')
    if len(pattern) != len(words):
        return False

    charMap = {}
    wordMap = {}

    for i in range(len(pattern)):
        c = pattern[i]
        word = words[i]
        if c not in charMap and word not in wordMap:
            charMap[c] = word
            wordMap[word] = c
        else:
            if charMap.get(c) != word or wordMap.get(word) != c:
                return False

    return True","Here is the equivalent Python code:

```python
def wordPattern(pattern, s):
    words = s.split("" "")
    if len(pattern) != len(words):
        return False

    charMap = {}
    wordMap = {}

    for i in range(len(pattern)):
        c = pattern[i]
        word = words[i]
        if c not in charMap and word not in wordMap:
            charMap[c] = word
            wordMap[word] = c
        else:
            if word != charMap.get(c) or c != wordMap.get(word):
                return False

    return True
```","```python
def wordPattern(pattern, s):
    char_map = {}
    word_map = {}
    words = s.split()
    
    i = 0
    for word in words:
        if i == len(pattern):
            return False
        c = pattern[i]
        if c not in char_map and word not in word_map:
            char_map[c] = word
            word_map[word] = c
        else:
            if char_map.get(c) != word or word_map.get(word) != c:
                return False
        i += 1
    
    return i == len(pattern)
```","def wordPattern(pattern, s):
    words = s.split("" "")
    if len(pattern) != len(words):
        return False

    charMap = {}
    wordMap = {}

    for i in range(len(pattern)):
        c = pattern[i]
        word = words[i]
        if c not in charMap and word not in wordMap:
            charMap[c] = word
            wordMap[word] = c
        else:
            if word != charMap.get(c) or c != wordMap.get(word):
                return False

    return True","def wordPattern(pattern, s):
    char_map = {}
    word_map = {}
    words = s.split()
    
    i = 0
    for word in words:
        if i == len(pattern):
            return False
        c = pattern[i]
        if c not in char_map and word not in word_map:
            char_map[c] = word
            word_map[word] = c
        else:
            if char_map.get(c) != word or word_map.get(word) != c:
                return False
        i += 1
    
    return i == len(pattern)"
356,373,find-k-pairs-with-smallest-sums,Find K Pairs with Smallest Sums,Medium,"You are given two integer arrays `nums1` and `nums2` sorted in **ascending order** and an integer `k`.

Define a pair `(u, v)` which consists of one element from the first array and one element from the second array.

Return _the_ `k` _pairs_ `(u1, v1), (u2, v2), ..., (uk, vk)` _with the smallest sums_.

**Example 1:**

**Input:** nums1 = \[1,7,11\], nums2 = \[2,4,6\], k = 3
**Output:** \[\[1,2\],\[1,4\],\[1,6\]\]
**Explanation:** The first 3 pairs are returned from the sequence: \[1,2\],\[1,4\],\[1,6\],\[7,2\],\[7,4\],\[11,2\],\[7,6\],\[11,4\],\[11,6\]

**Example 2:**

**Input:** nums1 = \[1,1,2\], nums2 = \[1,2,3\], k = 2
**Output:** \[\[1,1\],\[1,1\]\]
**Explanation:** The first 2 pairs are returned from the sequence: \[1,1\],\[1,1\],\[1,2\],\[2,1\],\[1,2\],\[2,2\],\[1,3\],\[1,3\],\[2,3\]

**Example 3:**

**Input:** nums1 = \[1,2\], nums2 = \[3\], k = 3
**Output:** \[\[1,3\],\[2,3\]\]
**Explanation:** All possible pairs are returned from the sequence: \[1,3\],\[2,3\]

**Constraints:**

*   `1 <= nums1.length, nums2.length <= 105`
*   `-109 <= nums1[i], nums2[i] <= 109`
*   `nums1` and `nums2` both are sorted in **ascending order**.
*   `1 <= k <= 104`","public List<int[]> kSmallestPairs(int[] nums1, int[] nums2, int k) {
    PriorityQueue<int[]> minHeap = new PriorityQueue<>((a, b) -> (a[0] + a[1]) - (b[0] + b[1]));
    List<int[]> result = new ArrayList<>();

    if (nums1.length == 0 || nums2.length == 0 || k == 0) {
        return result;
    }

    for (int i = 0; i < nums1.length && i < k; i++) {
        minHeap.offer(new int[]{nums1[i], nums2[0], 0});
    }

    while (k-- > 0 && !minHeap.isEmpty()) {
        int[] curr = minHeap.poll();
        result.add(new int[]{curr[0], curr[1]});
        if (curr[2] == nums2.length - 1) {
            continue;
        }
        minHeap.offer(new int[]{curr[0], nums2[curr[2] + 1], curr[2] + 1});
    }

    return result;
}","The idea is to take advantage of the fact that the input arrays are sorted. We start by adding the first element of nums2 with each element of nums1 into a min heap. In each iteration, we pop the smallest sum from the heap, add it to the result, and then replace this sum with the sum of the same element from nums1 but with the next element from nums2, if there is a next element in nums2.

The comparison function used for the min heap is based on the actual sum of pairs of elements from the given arrays.

All solutions have O(k * log(min(k, m))) time complexity, where m is the length of the first array. This is because there will be at most min(k, m) elements in the min heap, and at most k iterations.","vector<vector<int>> kSmallestPairs(vector<int>& nums1, vector<int>& nums2, int k) {
    auto comp = [&nums1, &nums2](pair<int, int> a, pair<int, int> b) {
        return nums1[a.first] + nums2[a.second] > nums1[b.first] + nums2[b.second];
    };
    priority_queue<pair<int, int>, vector<pair<int, int>>, decltype(comp)> min_heap(comp);
    vector<vector<int>> result;

    if (nums1.empty() || nums2.empty()) return result;

    for (int i = 0; i < nums1.size(); ++i) {
        min_heap.emplace(i, 0);
    }

    while (k-- && !min_heap.empty()) {
        auto curr = min_heap.top();
        min_heap.pop();
        result.push_back({nums1[curr.first], nums2[curr.second]});
        if (curr.second + 1 < nums2.size()) {
            min_heap.emplace(curr.first, curr.second + 1);
        }
    }
    return result;
}","The idea is to take advantage of the fact that the input arrays are sorted. We start by adding the first element of nums2 with each element of nums1 into a min heap. In each iteration, we pop the smallest sum from the heap, add it to the result, and then replace this sum with the sum of the same element from nums1 but with the next element from nums2, if there is a next element in nums2.

The comparison function used for the min heap is based on the actual sum of pairs of elements from the given arrays.

All solutions have O(k * log(min(k, m))) time complexity, where m is the length of the first array. This is because there will be at most min(k, m) elements in the min heap, and at most k iterations.","import heapq

def kSmallestPairs(nums1, nums2, k):
    if not nums1 or not nums2:
        return []
    
    heap = [(nums1[i] + nums2[0], i, 0) for i in range(min(k, len(nums1)))]
    heapq.heapify(heap)
    result = []

    while k > 0 and heap:
        s, i, j = heapq.heappop(heap)
        result.append([nums1[i], nums2[j]])
        if j + 1 < len(nums2):
            heapq.heappush(heap, (nums1[i] + nums2[j + 1], i, j + 1))
        k -= 1

    return result","The idea is to take advantage of the fact that the input arrays are sorted. We start by adding the first element of nums2 with each element of nums1 into a min heap. In each iteration, we pop the smallest sum from the heap, add it to the result, and then replace this sum with the sum of the same element from nums1 but with the next element from nums2, if there is a next element in nums2.

The comparison function used for the min heap is based on the actual sum of pairs of elements from the given arrays.

All solutions have O(k * log(min(k, m))) time complexity, where m is the length of the first array. This is because there will be at most min(k, m) elements in the min heap, and at most k iterations.","function kSmallestPairs(nums1, nums2, k) {
    const minHeap = new PriorityQueue(k, (a, b) => a[0] + a[1] - (b[0] + b[1]));
    const result = [];

    if (nums1.length === 0 || nums2.length === 0 || k === 0) {
        return result;
    }

    for (let i = 0; i < nums1.length && i < k; i++) {
        minHeap.offer([nums1[i], nums2[0], 0]);
    }

    while (k-- > 0 && !minHeap.isEmpty()) {
        const curr = minHeap.poll();
        result.push([curr[0], curr[1]]);
        if (curr[2] === nums2.length - 1) {
            continue;
        }
        minHeap.offer([curr[0], nums2[curr[2] + 1], curr[2] + 1]);
    }

    return result;
}","The idea is to take advantage of the fact that the input arrays are sorted. We start by adding the first element of nums2 with each element of nums1 into a min heap. In each iteration, we pop the smallest sum from the heap, add it to the result, and then replace this sum with the sum of the same element from nums1 but with the next element from nums2, if there is a next element in nums2.

The comparison function used for the min heap is based on the actual sum of pairs of elements from the given arrays.

All solutions have O(k * log(min(k, m))) time complexity, where m is the length of the first array. This is because there will be at most min(k, m) elements in the min heap, and at most k iterations.","Here is the equivalent code in Python:

```python
import heapq

class PriorityQueue:
    def __init__(self, k, key):
        self.k = k
        self.key = key
        self.data = []

    def offer(self, item):
        if len(self.data) < self.k:
            heapq.heappush(self.data, (self.key(item), item))
        else:
            heapq.heappushpop(self.data, (self.key(item), item))

    def poll(self):
        return heapq.heappop(self.data)[1]

    def isEmpty(self):
        return len(self.data) == 0

def kSmallestPairs(nums1, nums2, k):
    minHeap = PriorityQueue(k, lambda x: x[0] + x[1])
    result = []

    if len(nums1) == 0 or len(nums2) == 0 or k == 0:
        return result

    for i in range(min(len(nums1), k)):
        minHeap.offer([nums1[i], nums2[0], 0])

    while k > 0 and not minHeap.isEmpty():
        curr = minHeap.poll()
        result.append([curr[0], curr[1]])
        if curr[2] == len(nums2) - 1:
            continue
        minHeap.offer([curr[0], nums2[curr[2] + 1], curr[2] + 1])
        k -= 1

    return result
```","import heapq

class PriorityQueue:
    def __init__(self, k, key):
        self.k = k
        self.key = key
        self.data = []

    def offer(self, item):
        if len(self.data) < self.k:
            heapq.heappush(self.data, (self.key(item), item))
        else:
            heapq.heappushpop(self.data, (self.key(item), item))

    def poll(self):
        return heapq.heappop(self.data)[1]

    def isEmpty(self):
        return len(self.data) == 0

def kSmallestPairs(nums1, nums2, k):
    minHeap = PriorityQueue(k, lambda x: x[0] + x[1])
    result = []

    if len(nums1) == 0 or len(nums2) == 0 or k == 0:
        return result

    for i in range(min(len(nums1), k)):
        minHeap.offer([nums1[i], nums2[0], 0])

    while k > 0 and not minHeap.isEmpty():
        curr = minHeap.poll()
        result.append([curr[0], curr[1]])
        if curr[2] == len(nums2) - 1:
            continue
        minHeap.offer([curr[0], nums2[curr[2] + 1], curr[2] + 1])
        k -= 1

    return result","Here is the equivalent Python code:

```python
import heapq

def kSmallestPairs(nums1, nums2, k):
    minHeap = []
    result = []

    if len(nums1) == 0 or len(nums2) == 0 or k == 0:
        return result

    for i in range(min(len(nums1), k)):
        heapq.heappush(minHeap, (nums1[i] + nums2[0], nums1[i], nums2[0], 0))

    while k > 0 and minHeap:
        _, num1, num2, index = heapq.heappop(minHeap)
        result.append([num1, num2])
        if index == len(nums2) - 1:
            continue
        heapq.heappush(minHeap, (num1 + nums2[index + 1], num1, nums2[index + 1], index + 1))
        k -= 1

    return result
```","Here is the equivalent code in Python:

```python
import heapq

def kSmallestPairs(nums1, nums2, k):
    def comp(a, b):
        return nums1[a[0]] + nums2[a[1]] > nums1[b[0]] + nums2[b[1]]
    
    min_heap = []
    result = []
    
    if not nums1 or not nums2:
        return result
    
    for i in range(len(nums1)):
        heapq.heappush(min_heap, (i, 0))
    
    while k > 0 and min_heap:
        curr = heapq.heappop(min_heap)
        result.append([nums1[curr[0]], nums2[curr[1]])
        if curr[1] + 1 < len(nums2):
            heapq.heappush(min_heap, (curr[0], curr[1] + 1))
        k -= 1
    
    return result
```","import heapq

def kSmallestPairs(nums1, nums2, k):
    minHeap = []
    result = []

    if len(nums1) == 0 or len(nums2) == 0 or k == 0:
        return result

    for i in range(min(len(nums1), k)):
        heapq.heappush(minHeap, (nums1[i] + nums2[0], nums1[i], nums2[0], 0))

    while k > 0 and minHeap:
        _, num1, num2, index = heapq.heappop(minHeap)
        result.append([num1, num2])
        if index == len(nums2) - 1:
            continue
        heapq.heappush(minHeap, (num1 + nums2[index + 1], num1, nums2[index + 1], index + 1))
        k -= 1

    return result","import heapq

def kSmallestPairs(nums1, nums2, k):
    def comp(a, b):
        return nums1[a[0]] + nums2[a[1]] > nums1[b[0]] + nums2[b[1]]
    
    min_heap = []
    result = []
    
    if not nums1 or not nums2:
        return result
    
    for i in range(len(nums1)):
        heapq.heappush(min_heap, (i, 0))
    
    while k > 0 and min_heap:
        curr = heapq.heappop(min_heap)
        result.append([nums1[curr[0]], nums2[curr[1]])
        if curr[1] + 1 < len(nums2):
            heapq.heappush(min_heap, (curr[0], curr[1] + 1))
        k -= 1
    
    return result"
366,383,ransom-note,Ransom Note,Easy,"Given two strings `ransomNote` and `magazine`, return `true` _if_ `ransomNote` _can be constructed by using the letters from_ `magazine` _and_ `false` _otherwise_.

Each letter in `magazine` can only be used once in `ransomNote`.

**Example 1:**

**Input:** ransomNote = ""a"", magazine = ""b""
**Output:** false

**Example 2:**

**Input:** ransomNote = ""aa"", magazine = ""ab""
**Output:** false

**Example 3:**

**Input:** ransomNote = ""aa"", magazine = ""aab""
**Output:** true

**Constraints:**

*   `1 <= ransomNote.length, magazine.length <= 105`
*   `ransomNote` and `magazine` consist of lowercase English letters.","import java.util.HashMap;

public boolean canConstruct(String ransomNote, String magazine) {
    HashMap<Character, Integer> letterCount = new HashMap<>();
    
    for (char c : magazine.toCharArray()) {
        letterCount.put(c, letterCount.getOrDefault(c, 0) + 1);
    }
    
    for (char c : ransomNote.toCharArray()) {
        if (!letterCount.containsKey(c) || letterCount.get(c) == 0) {
            return false;
        }
        letterCount.put(c, letterCount.get(c) - 1);
    }

    return true;
}","The algorithm works as follows:
1. Create a hash map called `letterCount`, which holds the count of each character in the `magazine` string.
2. Iterate over the characters in `ransomNote`. For each character:
   a. If the character is not in `letterCount` or its count is 0, return `false`, as the required letter is not available in `magazine`.
   b. Decrease the count of the character in `letterCount` by 1.
3. Once the iteration is done, if the entire `ransomNote` string is processed without any issue, return `true`.

This algorithm checks if the `ransomNote` can be made from the available characters in the `magazine` by using a single pass through each string and maintaining the count of characters in a hash map.","#include <string>
#include <unordered_map>

bool canConstruct(std::string ransomNote, std::string magazine) {
    std::unordered_map<char, int> letterCount;
    for (char c : magazine) {
        letterCount[c]++;
    }
    
    for (char c : ransomNote) {
        if (letterCount[c] == 0) {
            return false;
        }
        letterCount[c]--;
    }

    return true;
}","The algorithm works as follows:
1. Create a hash map called `letterCount`, which holds the count of each character in the `magazine` string.
2. Iterate over the characters in `ransomNote`. For each character:
   a. If the character is not in `letterCount` or its count is 0, return `false`, as the required letter is not available in `magazine`.
   b. Decrease the count of the character in `letterCount` by 1.
3. Once the iteration is done, if the entire `ransomNote` string is processed without any issue, return `true`.

This algorithm checks if the `ransomNote` can be made from the available characters in the `magazine` by using a single pass through each string and maintaining the count of characters in a hash map.","def can_construct(ransom_note, magazine):
    letter_count = {}
    
    for c in magazine:
        letter_count[c] = letter_count.get(c, 0) + 1
        
    for c in ransom_note:
        if c not in letter_count or letter_count[c] == 0:
            return False
        letter_count[c] -= 1
        
    return True","The algorithm works as follows:
1. Create a hash map called `letterCount`, which holds the count of each character in the `magazine` string.
2. Iterate over the characters in `ransomNote`. For each character:
   a. If the character is not in `letterCount` or its count is 0, return `false`, as the required letter is not available in `magazine`.
   b. Decrease the count of the character in `letterCount` by 1.
3. Once the iteration is done, if the entire `ransomNote` string is processed without any issue, return `true`.

This algorithm checks if the `ransomNote` can be made from the available characters in the `magazine` by using a single pass through each string and maintaining the count of characters in a hash map.","function canConstruct(ransomNote, magazine) {
    let letterCount = new Map();
    
    for (const c of magazine) {
        letterCount.set(c, (letterCount.get(c) || 0) + 1);
    }
    
    for (const c of ransomNote) {
        if (!letterCount.has(c) || letterCount.get(c) === 0) {
            return false;
        }
        letterCount.set(c, letterCount.get(c) - 1);
    }

    return true;
}","The algorithm works as follows:
1. Create a hash map called `letterCount`, which holds the count of each character in the `magazine` string.
2. Iterate over the characters in `ransomNote`. For each character:
   a. If the character is not in `letterCount` or its count is 0, return `false`, as the required letter is not available in `magazine`.
   b. Decrease the count of the character in `letterCount` by 1.
3. Once the iteration is done, if the entire `ransomNote` string is processed without any issue, return `true`.

This algorithm checks if the `ransomNote` can be made from the available characters in the `magazine` by using a single pass through each string and maintaining the count of characters in a hash map.","```python
def canConstruct(ransomNote, magazine):
    letterCount = {}
    
    for c in magazine:
        letterCount[c] = letterCount.get(c, 0) + 1
    
    for c in ransomNote:
        if c not in letterCount or letterCount[c] == 0:
            return False
        letterCount[c] -= 1

    return True
```","def canConstruct(ransomNote, magazine):
    letterCount = {}
    
    for c in magazine:
        letterCount[c] = letterCount.get(c, 0) + 1
    
    for c in ransomNote:
        if c not in letterCount or letterCount[c] == 0:
            return False
        letterCount[c] -= 1

    return True","```python
def canConstruct(ransomNote, magazine):
    letterCount = {}
    
    for c in magazine:
        letterCount[c] = letterCount.get(c, 0) + 1
    
    for c in ransomNote:
        if c not in letterCount or letterCount[c] == 0:
            return False
        letterCount[c] -= 1

    return True
```","Here is the equivalent code in Python:

```python
def canConstruct(ransomNote, magazine):
    letterCount = {}
    for c in magazine:
        letterCount[c] = letterCount.get(c, 0) + 1
    
    for c in ransomNote:
        if letterCount.get(c, 0) == 0:
            return False
        letterCount[c] -= 1

    return True
```","def canConstruct(ransomNote, magazine):
    letterCount = {}
    
    for c in magazine:
        letterCount[c] = letterCount.get(c, 0) + 1
    
    for c in ransomNote:
        if c not in letterCount or letterCount[c] == 0:
            return False
        letterCount[c] -= 1

    return True","def canConstruct(ransomNote, magazine):
    letterCount = {}
    for c in magazine:
        letterCount[c] = letterCount.get(c, 0) + 1
    
    for c in ransomNote:
        if letterCount.get(c, 0) == 0:
            return False
        letterCount[c] -= 1

    return True"
375,392,is-subsequence,Is Subsequence,Easy,"Given two strings `s` and `t`, return `true` _if_ `s` _is a **subsequence** of_ `t`_, or_ `false` _otherwise_.

A **subsequence** of a string is a new string that is formed from the original string by deleting some (can be none) of the characters without disturbing the relative positions of the remaining characters. (i.e., `""ace ""` is a subsequence of `""abcde ""` while `""aec ""` is not).

**Example 1:**

**Input:** s = ""abc"", t = ""ahbgdc""
**Output:** true

**Example 2:**

**Input:** s = ""axc"", t = ""ahbgdc""
**Output:** false

**Constraints:**

*   `0 <= s.length <= 100`
*   `0 <= t.length <= 104`
*   `s` and `t` consist only of lowercase English letters.

**Follow up:** Suppose there are lots of incoming `s`, say `s1, s2, ..., sk` where `k >= 109`, and you want to check one by one to see if `t` has its subsequence. In this scenario, how would you change your code?","boolean isSubsequence(String s, String t) {
    int si = 0, ti = 0;

    while (si < s.length() && ti < t.length()) {
        if (s.charAt(si) == t.charAt(ti))
            si++;
        ti++;
    }

    return si == s.length();
}","We use two pointers to iterate through the strings `s` and `t`. The `si` pointer will be used to iterate through the string `s` and the `ti` pointer will be used for `t`. 

At each iteration of the loop, if the character at the current position of both strings is the same, we increment the `si` pointer. We will always increment the `ti` pointer.

The loop will continue until we have checked all the characters in the `s` string or until we have checked all the characters in the `t` string. If the `si` pointer is equal to the length of the `s` string, it means we've found all the characters in the `t` string and the function returns true. Otherwise, it returns false.

This algorithm runs with a time complexity of O(max(n, m)) where n and m are the lengths of the strings s and t, respectively.","bool isSubsequence(std::string s, std::string t) {
    int si = 0, ti = 0;

    while (si < s.size() && ti < t.size()) {
        if (s[si] == t[ti])
            si++;
        ti++;
    }

    return si == s.size();
}","We use two pointers to iterate through the strings `s` and `t`. The `si` pointer will be used to iterate through the string `s` and the `ti` pointer will be used for `t`. 

At each iteration of the loop, if the character at the current position of both strings is the same, we increment the `si` pointer. We will always increment the `ti` pointer.

The loop will continue until we have checked all the characters in the `s` string or until we have checked all the characters in the `t` string. If the `si` pointer is equal to the length of the `s` string, it means we've found all the characters in the `t` string and the function returns true. Otherwise, it returns false.

This algorithm runs with a time complexity of O(max(n, m)) where n and m are the lengths of the strings s and t, respectively.","def is_subsequence(s, t):
    si, ti = 0, 0

    while si < len(s) and ti < len(t):
        if s[si] == t[ti]:
            si += 1
        ti += 1

    return si == len(s)","We use two pointers to iterate through the strings `s` and `t`. The `si` pointer will be used to iterate through the string `s` and the `ti` pointer will be used for `t`. 

At each iteration of the loop, if the character at the current position of both strings is the same, we increment the `si` pointer. We will always increment the `ti` pointer.

The loop will continue until we have checked all the characters in the `s` string or until we have checked all the characters in the `t` string. If the `si` pointer is equal to the length of the `s` string, it means we've found all the characters in the `t` string and the function returns true. Otherwise, it returns false.

This algorithm runs with a time complexity of O(max(n, m)) where n and m are the lengths of the strings s and t, respectively.","function isSubsequence(s, t) {
    let si = 0, ti = 0;

    while (si < s.length && ti < t.length) {
        if (s[si] === t[ti])
            si++;
        ti++;
    }

    return si === s.length;
}","We use two pointers to iterate through the strings `s` and `t`. The `si` pointer will be used to iterate through the string `s` and the `ti` pointer will be used for `t`. 

At each iteration of the loop, if the character at the current position of both strings is the same, we increment the `si` pointer. We will always increment the `ti` pointer.

The loop will continue until we have checked all the characters in the `s` string or until we have checked all the characters in the `t` string. If the `si` pointer is equal to the length of the `s` string, it means we've found all the characters in the `t` string and the function returns true. Otherwise, it returns false.

This algorithm runs with a time complexity of O(max(n, m)) where n and m are the lengths of the strings s and t, respectively.","def isSubsequence(s, t):
    si = 0
    ti = 0

    while si < len(s) and ti < len(t):
        if s[si] == t[ti]:
            si += 1
        ti += 1

    return si == len(s)","def isSubsequence(s, t):
    si = 0
    ti = 0

    while si < len(s) and ti < len(t):
        if s[si] == t[ti]:
            si += 1
        ti += 1

    return si == len(s)","Here is the equivalent code in Python:

```python
def isSubsequence(s, t):
    si = 0
    ti = 0

    while si < len(s) and ti < len(t):
        if s[si] == t[ti]:
            si += 1
        ti += 1

    return si == len(s)
```","Here is the equivalent code in Python:

```python
def isSubsequence(s, t):
    si = 0
    ti = 0

    while si < len(s) and ti < len(t):
        if s[si] == t[ti]:
            si += 1
        ti += 1

    return si == len(s)
```","def isSubsequence(s, t):
    si = 0
    ti = 0

    while si < len(s) and ti < len(t):
        if s[si] == t[ti]:
            si += 1
        ti += 1

    return si == len(s)","def isSubsequence(s, t):
    si = 0
    ti = 0

    while si < len(s) and ti < len(t):
        if s[si] == t[ti]:
            si += 1
        ti += 1

    return si == len(s)"
435,452,minimum-number-of-arrows-to-burst-balloons,Minimum Number of Arrows to Burst Balloons,Medium,"There are some spherical balloons taped onto a flat wall that represents the XY-plane. The balloons are represented as a 2D integer array `points` where `points[i] = [xstart, xend]` denotes a balloon whose **horizontal diameter** stretches between `xstart` and `xend`. You do not know the exact y-coordinates of the balloons.

Arrows can be shot up **directly vertically** (in the positive y-direction) from different points along the x-axis. A balloon with `xstart` and `xend` is **burst** by an arrow shot at `x` if `xstart <= x <= xend`. There is **no limit** to the number of arrows that can be shot. A shot arrow keeps traveling up infinitely, bursting any balloons in its path.

Given the array `points`, return _the **minimum** number of arrows that must be shot to burst all balloons_.

**Example 1:**

**Input:** points = \[\[10,16\],\[2,8\],\[1,6\],\[7,12\]\]
**Output:** 2
**Explanation:** The balloons can be burst by 2 arrows:
- Shoot an arrow at x = 6, bursting the balloons \[2,8\] and \[1,6\].
- Shoot an arrow at x = 11, bursting the balloons \[10,16\] and \[7,12\].

**Example 2:**

**Input:** points = \[\[1,2\],\[3,4\],\[5,6\],\[7,8\]\]
**Output:** 4
**Explanation:** One arrow needs to be shot for each balloon for a total of 4 arrows.

**Example 3:**

**Input:** points = \[\[1,2\],\[2,3\],\[3,4\],\[4,5\]\]
**Output:** 2
**Explanation:** The balloons can be burst by 2 arrows:
- Shoot an arrow at x = 2, bursting the balloons \[1,2\] and \[2,3\].
- Shoot an arrow at x = 4, bursting the balloons \[3,4\] and \[4,5\].

**Constraints:**

*   `1 <= points.length <= 105`
*   `points[i].length == 2`
*   `-231 <= xstart < xend <= 231 - 1`","import java.util.Arrays;
import java.util.Comparator;

public int findMinArrowShots(int[][] points) {
    if (points.length == 0) return 0;
    Arrays.sort(points, Comparator.comparingInt(a -> a[1]));

    int arrows = 1;
    int end = points[0][1];

    for (int i = 1; i < points.length; i++) {
        if (points[i][0] > end) {
            arrows++;
            end = points[i][1];
        }
    }

    return arrows;
}","The algorithm sorts the given points by the end value of their ranges. Then, it initializes a variable `arrows` to 1 (to count the first arrow) and `end` to the end value of the first point (to keep track of the last point reached by arrows).

Then, it iterates through the array, starting from the second point to the end. For each point, it checks whether the start value is greater than the current `end` value. If it is, that means this point is not covered by the previous arrows, so it increments the `arrows` counter and updates `end` to the end value of the current point.

Finally, it returns the value of `arrows` as the minimum number of arrows needed to burst all balloons.","#include <vector>
#include <algorithm>

int findMinArrowShots(std::vector<std::vector<int>>& points) {
    if (points.empty()) return 0;
    std::sort(points.begin(), points.end(), [](const std::vector<int>& a, const std::vector<int>& b) {
        return a[1] < b[1];
    });

    int arrows = 1;
    int end = points[0][1];

    for (int i = 1; i < points.size(); ++i) {
        if (points[i][0] > end) {
            arrows++;
            end = points[i][1];
        }
    }

    return arrows;
}","The algorithm sorts the given points by the end value of their ranges. Then, it initializes a variable `arrows` to 1 (to count the first arrow) and `end` to the end value of the first point (to keep track of the last point reached by arrows).

Then, it iterates through the array, starting from the second point to the end. For each point, it checks whether the start value is greater than the current `end` value. If it is, that means this point is not covered by the previous arrows, so it increments the `arrows` counter and updates `end` to the end value of the current point.

Finally, it returns the value of `arrows` as the minimum number of arrows needed to burst all balloons.","def findMinArrowShots(points):
    if not points:
        return 0
    points.sort(key=lambda x: x[1])

    arrows = 1
    end = points[0][1]

    for i in range(1, len(points)):
        if points[i][0] > end:
            arrows += 1
            end = points[i][1]

    return arrows","The algorithm sorts the given points by the end value of their ranges. Then, it initializes a variable `arrows` to 1 (to count the first arrow) and `end` to the end value of the first point (to keep track of the last point reached by arrows).

Then, it iterates through the array, starting from the second point to the end. For each point, it checks whether the start value is greater than the current `end` value. If it is, that means this point is not covered by the previous arrows, so it increments the `arrows` counter and updates `end` to the end value of the current point.

Finally, it returns the value of `arrows` as the minimum number of arrows needed to burst all balloons.","function findMinArrowShots(points) {
    if (points.length === 0) return 0;
    points.sort((a, b) => a[1] - b[1]);

    let arrows = 1;
    let end = points[0][1];

    for (let i = 1; i < points.length; i++) {
        if (points[i][0] > end) {
            arrows++;
            end = points[i][1];
        }
    }

    return arrows;
}","The algorithm sorts the given points by the end value of their ranges. Then, it initializes a variable `arrows` to 1 (to count the first arrow) and `end` to the end value of the first point (to keep track of the last point reached by arrows).

Then, it iterates through the array, starting from the second point to the end. For each point, it checks whether the start value is greater than the current `end` value. If it is, that means this point is not covered by the previous arrows, so it increments the `arrows` counter and updates `end` to the end value of the current point.

Finally, it returns the value of `arrows` as the minimum number of arrows needed to burst all balloons.","def findMinArrowShots(points):
    if len(points) == 0:
        return 0
    points.sort(key=lambda x: x[1])

    arrows = 1
    end = points[0][1]

    for i in range(1, len(points)):
        if points[i][0] > end:
            arrows += 1
            end = points[i][1]

    return arrows","def findMinArrowShots(points):
    if len(points) == 0:
        return 0
    points.sort(key=lambda x: x[1])

    arrows = 1
    end = points[0][1]

    for i in range(1, len(points)):
        if points[i][0] > end:
            arrows += 1
            end = points[i][1]

    return arrows","```python
def findMinArrowShots(points):
    if len(points) == 0:
        return 0
    points.sort(key=lambda x: x[1])

    arrows = 1
    end = points[0][1]

    for i in range(1, len(points)):
        if points[i][0] > end:
            arrows += 1
            end = points[i][1]

    return arrows
```","Here is the equivalent code in Python:

```python
def findMinArrowShots(points):
    if not points:
        return 0
    
    points.sort(key=lambda x: x[1])
    
    arrows = 1
    end = points[0][1]
    
    for i in range(1, len(points)):
        if points[i][0] > end:
            arrows += 1
            end = points[i][1]
    
    return arrows
```","def findMinArrowShots(points):
    if len(points) == 0:
        return 0
    points.sort(key=lambda x: x[1])

    arrows = 1
    end = points[0][1]

    for i in range(1, len(points)):
        if points[i][0] > end:
            arrows += 1
            end = points[i][1]

    return arrows","def findMinArrowShots(points):
    if not points:
        return 0
    
    points.sort(key=lambda x: x[1])
    
    arrows = 1
    end = points[0][1]
    
    for i in range(1, len(points)):
        if points[i][0] > end:
            arrows += 1
            end = points[i][1]
    
    return arrows"
485,502,ipo,IPO,Hard,"Suppose LeetCode will start its **IPO** soon. In order to sell a good price of its shares to Venture Capital, LeetCode would like to work on some projects to increase its capital before the **IPO**. Since it has limited resources, it can only finish at most `k` distinct projects before the **IPO**. Help LeetCode design the best way to maximize its total capital after finishing at most `k` distinct projects.

You are given `n` projects where the `ith` project has a pure profit `profits[i]` and a minimum capital of `capital[i]` is needed to start it.

Initially, you have `w` capital. When you finish a project, you will obtain its pure profit and the profit will be added to your total capital.

Pick a list of **at most** `k` distinct projects from given projects to **maximize your final capital**, and return _the final maximized capital_.

The answer is guaranteed to fit in a 32-bit signed integer.

**Example 1:**

**Input:** k = 2, w = 0, profits = \[1,2,3\], capital = \[0,1,1\]
**Output:** 4
**Explanation:** Since your initial capital is 0, you can only start the project indexed 0.
After finishing it you will obtain profit 1 and your capital becomes 1.
With capital 1, you can either start the project indexed 1 or the project indexed 2.
Since you can choose at most 2 projects, you need to finish the project indexed 2 to get the maximum capital.
Therefore, output the final maximized capital, which is 0 + 1 + 3 = 4.

**Example 2:**

**Input:** k = 3, w = 0, profits = \[1,2,3\], capital = \[0,1,2\]
**Output:** 6

**Constraints:**

*   `1 <= k <= 105`
*   `0 <= w <= 109`
*   `n == profits.length`
*   `n == capital.length`
*   `1 <= n <= 105`
*   `0 <= profits[i] <= 104`
*   `0 <= capital[i] <= 109`","import java.util.PriorityQueue;
import java.util.Arrays;

public class Solution {
    public int findMaximizedCapital(int k, int w, int[] profits, int[] capital) {
        int[][] project_pool = new int[profits.length][2];
        
        for (int i = 0; i < profits.length; i++) {
            project_pool[i] = new int[] {capital[i], profits[i]};
        }
        
        Arrays.sort(project_pool, (a, b) -> a[0] - b[0]);
        
        PriorityQueue<Integer> profit_pool = new PriorityQueue<>((a, b) -> b - a);
        int index = 0;
        
        for (int i = 0; i < k; i++) {
            while (index < project_pool.length &&
                   project_pool[index][0] <= w) {
                profit_pool.add(project_pool[index++][1]);
            }
            
            if (!profit_pool.isEmpty()) {
                w += profit_pool.poll();
            } else {
                break;
            }
        }
        
        return w;
    }
}","1. Create an array of project pool, where each element is a pair of (capital, profit).
2. Sort the project pool array by capital in ascending order.
3. Initialize a priority queue called profit pool to store the profits of projects based on which one has the highest profit.
4. Iterate through projects up to k times.
5. In each iteration, check projects with capitals less than or equal to w in the project pool, push their profits into the profit pool and remove them from the project pool.
6. If there is any profit in the profit pool, pop the one with the highest profit and add the profit to w.
7. Return the final maximized capital w after finishing at most k distinct projects.","#include <queue>
#include <vector>
#include <algorithm>

using namespace std;

int findMaximizedCapital(int k, int w, vector<int>& profits, vector<int>& capital) {
    vector<pair<int, int>> project_pool;
    
    for (size_t i = 0; i < profits.size(); i++) {
        project_pool.emplace_back(capital[i], profits[i]);
    }
    
    sort(project_pool.begin(), project_pool.end());
    
    priority_queue<int> profit_pool;
    int index = 0;
    
    for (int i = 0; i < k; i++) {
        while (index < project_pool.size() &&
               project_pool[index].first <= w) {
            profit_pool.push(project_pool[index++].second);
        }
        
        if (!profit_pool.empty()) {
            w += profit_pool.top();
            profit_pool.pop();
        } else {
            break;
        }
    }
    
    return w;
}","1. Create an array of project pool, where each element is a pair of (capital, profit).
2. Sort the project pool array by capital in ascending order.
3. Initialize a priority queue called profit pool to store the profits of projects based on which one has the highest profit.
4. Iterate through projects up to k times.
5. In each iteration, check projects with capitals less than or equal to w in the project pool, push their profits into the profit pool and remove them from the project pool.
6. If there is any profit in the profit pool, pop the one with the highest profit and add the profit to w.
7. Return the final maximized capital w after finishing at most k distinct projects.","import heapq

def findMaximizedCapital(k: int, w: int, profits, capital) -> int:
    project_pool = list(zip(capital, profits))
    project_pool.sort(reverse=True)
    
    profit_pool = []
    
    while k:
        while project_pool and project_pool[-1][0] <= w:
            heapq.heappush(profit_pool, -project_pool.pop()[1])
        
        if not profit_pool:
            break
        
        w -= heapq.heappop(profit_pool)
        k -= 1
        
    return w","1. Create an array of project pool, where each element is a pair of (capital, profit).
2. Sort the project pool array by capital in ascending order.
3. Initialize a priority queue called profit pool to store the profits of projects based on which one has the highest profit.
4. Iterate through projects up to k times.
5. In each iteration, check projects with capitals less than or equal to w in the project pool, push their profits into the profit pool and remove them from the project pool.
6. If there is any profit in the profit pool, pop the one with the highest profit and add the profit to w.
7. Return the final maximized capital w after finishing at most k distinct projects.","function findMaximizedCapital(k, w, profits, capital) {
    const project_pool = profits.map((p, i) => [capital[i], p]).sort((a, b) => a[0] - b[0]);
    const profit_pool = new MaxPriorityQueue();
    let index = 0;

    for (let i = 0; i < k; i++) {
        while (index < project_pool.length && project_pool[index][0] <= w) {
            profit_pool.insert(project_pool[index++][1]);
        }

        if (!profit_pool.isEmpty()) {
            w += profit_pool.removeMax();
        } else {
            break;
        }
    }

    return w;
}

class MaxPriorityQueue {
    constructor() {
        this.queue = [];
    }
    
    insert(value) {
        this.queue.push(value);
        this.siftUp(this.queue.length - 1);
    }
    
    removeMax() {
        const maxValue = this.queue[0];
        const lastValue = this.queue.pop();
        
        if (this.queue.length) {
            this.queue[0] = lastValue;
            this.siftDown(0);
        }
        
        return maxValue;
    }
    
    siftUp(index) {
        while (index) {
            const parentIndex = (index - 1) >> 1;
            if (this.queue[parentIndex] >= this.queue[index]) break;
            [this.queue[parentIndex], this.queue[index]] = [this.queue[index], this.queue[parentIndex]];
            index = parentIndex;
        }
    }
    
    siftDown(index) {
        while (true) {
            const leftIndex = (index << 1) + 1;
            const rightIndex = leftIndex + 1;
            let maxIndex = index;
            if (leftIndex < this.queue.length && this.queue[leftIndex] > this.queue[maxIndex]) maxIndex = leftIndex;
            if (rightIndex < this.queue.length && this.queue[rightIndex] > this.queue[maxIndex]) maxIndex = rightIndex;
            if (maxIndex === index) break;
            [this.queue[index], this.queue[maxIndex]] = [this.queue[maxIndex], this.queue[index]];
            index = maxIndex;
        }
    }
    
    isEmpty() {
        return this.queue.length === 0;
    }
}","1. Create an array of project pool, where each element is a pair of (capital, profit).
2. Sort the project pool array by capital in ascending order.
3. Initialize a priority queue called profit pool to store the profits of projects based on which one has the highest profit.
4. Iterate through projects up to k times.
5. In each iteration, check projects with capitals less than or equal to w in the project pool, push their profits into the profit pool and remove them from the project pool.
6. If there is any profit in the profit pool, pop the one with the highest profit and add the profit to w.
7. Return the final maximized capital w after finishing at most k distinct projects.","```python
import heapq

def findMaximizedCapital(k, w, profits, capital):
    project_pool = sorted([(c, p) for c, p in zip(capital, profits)])
    profit_pool = []
    index = 0

    for i in range(k):
        while index < len(project_pool) and project_pool[index][0] <= w:
            heapq.heappush(profit_pool, -project_pool[index][1])
            index += 1

        if profit_pool:
            w -= heapq.heappop(profit_pool)
        else:
            break

    return w
```","import heapq

def findMaximizedCapital(k, w, profits, capital):
    project_pool = sorted([(c, p) for c, p in zip(capital, profits)])
    profit_pool = []
    index = 0

    for i in range(k):
        while index < len(project_pool) and project_pool[index][0] <= w:
            heapq.heappush(profit_pool, -project_pool[index][1])
            index += 1

        if profit_pool:
            w -= heapq.heappop(profit_pool)
        else:
            break

    return w","```python
import heapq

class Solution:
    def findMaximizedCapital(self, k, w, profits, capital):
        project_pool = [(capital[i], profits[i]) for i in range(len(profits))]
        
        project_pool.sort(key=lambda x: x[0])
        
        profit_pool = []
        index = 0
        
        for i in range(k):
            while index < len(project_pool) and project_pool[index][0] <= w:
                heapq.heappush(profit_pool, -project_pool[index][1])
                index += 1
            
            if profit_pool:
                w -= heapq.heappop(profit_pool)
            else:
                break
        
        return w
```","```python
import heapq

def findMaximizedCapital(k, w, profits, capital):
    project_pool = [(capital[i], profits[i]) for i in range(len(profits))]
    project_pool.sort()
    
    profit_pool = []
    index = 0
    
    for i in range(k):
        while index < len(project_pool) and project_pool[index][0] <= w:
            heapq.heappush(profit_pool, -project_pool[index][1])
            index += 1
        
        if profit_pool:
            w -= heapq.heappop(profit_pool)
        else:
            break
    
    return w
```","import heapq

class Solution:
    def findMaximizedCapital(self, k, w, profits, capital):
        project_pool = [(capital[i], profits[i]) for i in range(len(profits))]
        
        project_pool.sort(key=lambda x: x[0])
        
        profit_pool = []
        index = 0
        
        for i in range(k):
            while index < len(project_pool) and project_pool[index][0] <= w:
                heapq.heappush(profit_pool, -project_pool[index][1])
                index += 1
            
            if profit_pool:
                w -= heapq.heappop(profit_pool)
            else:
                break
        
        return w","import heapq

def findMaximizedCapital(k, w, profits, capital):
    project_pool = [(capital[i], profits[i]) for i in range(len(profits))]
    project_pool.sort()
    
    profit_pool = []
    index = 0
    
    for i in range(k):
        while index < len(project_pool) and project_pool[index][0] <= w:
            heapq.heappush(profit_pool, -project_pool[index][1])
            index += 1
        
        if profit_pool:
            w -= heapq.heappop(profit_pool)
        else:
            break
    
    return w"
858,909,snakes-and-ladders,Snakes and Ladders,Medium,"You are given an `n x n` integer matrix `board` where the cells are labeled from `1` to `n2` in a [**Boustrophedon style**](https://en.wikipedia.org/wiki/Boustrophedon) starting from the bottom left of the board (i.e. `board[n - 1][0]`) and alternating direction each row.

You start on square `1` of the board. In each move, starting from square `curr`, do the following:

*   Choose a destination square `next` with a label in the range `[curr + 1, min(curr + 6, n2)]`.
    *   This choice simulates the result of a standard **6-sided die roll**: i.e., there are always at most 6 destinations, regardless of the size of the board.
*   If `next` has a snake or ladder, you **must** move to the destination of that snake or ladder. Otherwise, you move to `next`.
*   The game ends when you reach the square `n2`.

A board square on row `r` and column `c` has a snake or ladder if `board[r][c] != -1`. The destination of that snake or ladder is `board[r][c]`. Squares `1` and `n2` do not have a snake or ladder.

Note that you only take a snake or ladder at most once per move. If the destination to a snake or ladder is the start of another snake or ladder, you do **not** follow the subsequent snake or ladder.

*   For example, suppose the board is `[[-1,4],[-1,3]]`, and on the first move, your destination square is `2`. You follow the ladder to square `3`, but do **not** follow the subsequent ladder to `4`.

Return _the least number of moves required to reach the square_ `n2`_. If it is not possible to reach the square, return_ `-1`.

**Example 1:**

**Input:** board = \[\[-1,-1,-1,-1,-1,-1\],\[-1,-1,-1,-1,-1,-1\],\[-1,-1,-1,-1,-1,-1\],\[-1,35,-1,-1,13,-1\],\[-1,-1,-1,-1,-1,-1\],\[-1,15,-1,-1,-1,-1\]\]
**Output:** 4
**Explanation:** 
In the beginning, you start at square 1 (at row 5, column 0).
You decide to move to square 2 and must take the ladder to square 15.
You then decide to move to square 17 and must take the snake to square 13.
You then decide to move to square 14 and must take the ladder to square 35.
You then decide to move to square 36, ending the game.
This is the lowest possible number of moves to reach the last square, so return 4.

**Example 2:**

**Input:** board = \[\[-1,-1\],\[-1,3\]\]
**Output:** 1

**Constraints:**

*   `n == board.length == board[i].length`
*   `2 <= n <= 20`
*   `board[i][j]` is either `-1` or in the range `[1, n2]`.
*   The squares labeled `1` and `n2` do not have any ladders or snakes.","public boolean aliceWins(int[] piles) {
    int n = piles.length;
    int[][] dp = new int[n][n];
    for (int gap = 0; gap < n; ++gap) {
        for (int i = 0, j = gap; j < n; ++i, ++j) {
            int x = (i + 2) <= j ? dp[i + 2][j] : 0;
            int y = (i + 1) <= (j - 1) ? dp[i + 1][j - 1] : 0;
            int z = i <= (j - 2) ? dp[i][j - 2] : 0;
            dp[i][j] = Math.max(piles[i] + Math.min(x, y), piles[j] + Math.min(y, z));
        }
    }
    int sum = Arrays.stream(piles).sum();
    return dp[0][n - 1] > (sum - dp[0][n - 1]);
}","This problem can be solved using dynamic programming. We create a 2D DP array called `dp`. The element `dp[i][j]` represents the maximum number of stones the current player (either Alice or Bob) can get if the piles are from index `i` to index `j`.

We use a `for` loop to iterate through different lengths of the piles, starting with gaps from 0 to the length of piles. In each loop, we calculate the possible number of stones picked by the current player, considering the remaining piles and the possible selection of their opponent afterward, either from the beginning or end of the remaining piles.

We fill the DP table diagonally from the upper-left corner to the lower-right corner. After filling the table, we compare the max stones picked by Alice (i.e., `dp[0][n - 1]`) with the total sum of the stones minus max stones picked by Alice (which would be Bob's max stones). If Alice's max stones are more than Bob's max stones, we return `true`, otherwise `false`.","bool aliceWins(vector<int>& piles) {
    int n = piles.size();
    int dp[n][n];
    for (int gap = 0; gap < n; ++gap) {
        for (int i = 0, j = gap; j < n; ++i, ++j) {
            int x = ((i + 2) <= j) ? dp[i + 2][j] : 0;
            int y = ((i + 1) <= (j - 1)) ? dp[i + 1][j - 1] : 0;
            int z = (i <= (j - 2)) ? dp[i][j - 2] : 0;
            dp[i][j] = max(piles[i] + min(x, y), piles[j] + min(y, z));
        }
    }
    int sum = accumulate(piles.begin(), piles.end(), 0);
    return dp[0][n - 1] > (sum - dp[0][n - 1]);
}","This problem can be solved using dynamic programming. We create a 2D DP array called `dp`. The element `dp[i][j]` represents the maximum number of stones the current player (either Alice or Bob) can get if the piles are from index `i` to index `j`.

We use a `for` loop to iterate through different lengths of the piles, starting with gaps from 0 to the length of piles. In each loop, we calculate the possible number of stones picked by the current player, considering the remaining piles and the possible selection of their opponent afterward, either from the beginning or end of the remaining piles.

We fill the DP table diagonally from the upper-left corner to the lower-right corner. After filling the table, we compare the max stones picked by Alice (i.e., `dp[0][n - 1]`) with the total sum of the stones minus max stones picked by Alice (which would be Bob's max stones). If Alice's max stones are more than Bob's max stones, we return `true`, otherwise `false`.","def aliceWins(piles):
    n = len(piles)
    dp = [[0] * n for _ in range(n)]
    for gap in range(n):
        for i in range(n - gap):
            j = i + gap
            x = dp[i + 2][j] if i + 2 <= j else 0
            y = dp[i + 1][j - 1] if i + 1 <= j - 1 else 0
            z = dp[i][j - 2] if i <= j - 2 else 0
            dp[i][j] = max(piles[i] + min(x, y), piles[j] + min(y, z))
    sum_of_piles = sum(piles)
    return dp[0][n - 1] > (sum_of_piles - dp[0][n - 1])","This problem can be solved using dynamic programming. We create a 2D DP array called `dp`. The element `dp[i][j]` represents the maximum number of stones the current player (either Alice or Bob) can get if the piles are from index `i` to index `j`.

We use a `for` loop to iterate through different lengths of the piles, starting with gaps from 0 to the length of piles. In each loop, we calculate the possible number of stones picked by the current player, considering the remaining piles and the possible selection of their opponent afterward, either from the beginning or end of the remaining piles.

We fill the DP table diagonally from the upper-left corner to the lower-right corner. After filling the table, we compare the max stones picked by Alice (i.e., `dp[0][n - 1]`) with the total sum of the stones minus max stones picked by Alice (which would be Bob's max stones). If Alice's max stones are more than Bob's max stones, we return `true`, otherwise `false`.","function aliceWins(piles) {
    const n = piles.length;
    const dp = Array.from({length: n}, (_, _) => Array(n).fill(0));
    for (let gap = 0; gap < n; ++gap) {
        for (let i = 0, j = gap; j < n; ++i, ++j) {
            const x = (i + 2) <= j ? dp[i + 2][j] : 0;
            const y = (i + 1) <= (j - 1) ? dp[i + 1][j - 1] : 0;
            const z = i <= (j - 2) ? dp[i][j - 2] : 0;
            dp[i][j] = Math.max(piles[i] + Math.min(x, y), piles[j] + Math.min(y, z));
        }
    }
    const sum = piles.reduce((acc, val) => acc + val, 0);
    return dp[0][n - 1] > (sum - dp[0][n - 1]);
}","This problem can be solved using dynamic programming. We create a 2D DP array called `dp`. The element `dp[i][j]` represents the maximum number of stones the current player (either Alice or Bob) can get if the piles are from index `i` to index `j`.

We use a `for` loop to iterate through different lengths of the piles, starting with gaps from 0 to the length of piles. In each loop, we calculate the possible number of stones picked by the current player, considering the remaining piles and the possible selection of their opponent afterward, either from the beginning or end of the remaining piles.

We fill the DP table diagonally from the upper-left corner to the lower-right corner. After filling the table, we compare the max stones picked by Alice (i.e., `dp[0][n - 1]`) with the total sum of the stones minus max stones picked by Alice (which would be Bob's max stones). If Alice's max stones are more than Bob's max stones, we return `true`, otherwise `false`.","```python
def aliceWins(piles):
    n = len(piles)
    dp = [[0 for _ in range(n)] for _ in range(n)]
    for gap in range(n):
        for i in range(n - gap):
            j = i + gap
            x = dp[i + 2][j] if (i + 2) <= j else 0
            y = dp[i + 1][j - 1] if (i + 1) <= (j - 1) else 0
            z = dp[i][j - 2] if i <= (j - 2) else 0
            dp[i][j] = max(piles[i] + min(x, y), piles[j] + min(y, z))
    total_sum = sum(piles)
    return dp[0][n - 1] > (total_sum - dp[0][n - 1])
```","def aliceWins(piles):
    n = len(piles)
    dp = [[0 for _ in range(n)] for _ in range(n)]
    for gap in range(n):
        for i in range(n - gap):
            j = i + gap
            x = dp[i + 2][j] if (i + 2) <= j else 0
            y = dp[i + 1][j - 1] if (i + 1) <= (j - 1) else 0
            z = dp[i][j - 2] if i <= (j - 2) else 0
            dp[i][j] = max(piles[i] + min(x, y), piles[j] + min(y, z))
    total_sum = sum(piles)
    return dp[0][n - 1] > (total_sum - dp[0][n - 1])","```python
def aliceWins(piles):
    n = len(piles)
    dp = [[0 for _ in range(n)] for _ in range(n)]
    for gap in range(n):
        for i in range(n - gap):
            j = i + gap
            x = dp[i + 2][j] if (i + 2) <= j else 0
            y = dp[i + 1][j - 1] if (i + 1) <= (j - 1) else 0
            z = dp[i][j - 2] if i <= (j - 2) else 0
            dp[i][j] = max(piles[i] + min(x, y), piles[j] + min(y, z))
    total_sum = sum(piles)
    return dp[0][n - 1] > (total_sum - dp[0][n - 1])
```","```python
def aliceWins(piles):
    n = len(piles)
    dp = [[0 for _ in range(n)] for _ in range(n)]
    for gap in range(n):
        for i in range(n - gap):
            j = i + gap
            x = dp[i + 2][j] if (i + 2) <= j else 0
            y = dp[i + 1][j - 1] if (i + 1) <= (j - 1) else 0
            z = dp[i][j - 2] if i <= (j - 2) else 0
            dp[i][j] = max(piles[i] + min(x, y), piles[j] + min(y, z))
    total_sum = sum(piles)
    return dp[0][n - 1] > (total_sum - dp[0][n - 1])
```","def aliceWins(piles):
    n = len(piles)
    dp = [[0 for _ in range(n)] for _ in range(n)]
    for gap in range(n):
        for i in range(n - gap):
            j = i + gap
            x = dp[i + 2][j] if (i + 2) <= j else 0
            y = dp[i + 1][j - 1] if (i + 1) <= (j - 1) else 0
            z = dp[i][j - 2] if i <= (j - 2) else 0
            dp[i][j] = max(piles[i] + min(x, y), piles[j] + min(y, z))
    total_sum = sum(piles)
    return dp[0][n - 1] > (total_sum - dp[0][n - 1])","def aliceWins(piles):
    n = len(piles)
    dp = [[0 for _ in range(n)] for _ in range(n)]
    for gap in range(n):
        for i in range(n - gap):
            j = i + gap
            x = dp[i + 2][j] if (i + 2) <= j else 0
            y = dp[i + 1][j - 1] if (i + 1) <= (j - 1) else 0
            z = dp[i][j - 2] if i <= (j - 2) else 0
            dp[i][j] = max(piles[i] + min(x, y), piles[j] + min(y, z))
    total_sum = sum(piles)
    return dp[0][n - 1] > (total_sum - dp[0][n - 1])"
867,918,maximum-sum-circular-subarray,Maximum Sum Circular Subarray,Medium,"Given a **circular integer array** `nums` of length `n`, return _the maximum possible sum of a non-empty **subarray** of_ `nums`.

A **circular array** means the end of the array connects to the beginning of the array. Formally, the next element of `nums[i]` is `nums[(i + 1) % n]` and the previous element of `nums[i]` is `nums[(i - 1 + n) % n]`.

A **subarray** may only include each element of the fixed buffer `nums` at most once. Formally, for a subarray `nums[i], nums[i + 1], ..., nums[j]`, there does not exist `i <= k1`, `k2 <= j` with `k1 % n == k2 % n`.

**Example 1:**

**Input:** nums = \[1,-2,3,-2\]
**Output:** 3
**Explanation:** Subarray \[3\] has maximum sum 3.

**Example 2:**

**Input:** nums = \[5,-3,5\]
**Output:** 10
**Explanation:** Subarray \[5,5\] has maximum sum 5 + 5 = 10.

**Example 3:**

**Input:** nums = \[-3,-2,-3\]
**Output:** -2
**Explanation:** Subarray \[-2\] has maximum sum -2.

**Constraints:**

*   `n == nums.length`
*   `1 <= n <= 3 * 104`
*   `-3 * 104 <= nums[i] <= 3 * 104`","import java.util.*;

class Solution {
    public int reachableNodes(int[][] edges, int maxMoves, int n) {
        List<List<int[]>> graph = new ArrayList<>();
        for (int i = 0; i < n; i++) {
            graph.add(new ArrayList<>());
        }
        
        for (int[] edge : edges) {
            int u = edge[0], v = edge[1], cnt = edge[2];
            graph.get(u).add(new int[]{v, cnt + 1});
            graph.get(v).add(new int[]{u, cnt + 1});
        }

        Set<Integer> visited = new HashSet<>();
        PriorityQueue<int[]> pq = new PriorityQueue<>((a, b) -> b[0] - a[0]);
        pq.offer(new int[]{maxMoves, 0});

        while (!pq.isEmpty()) {
            int[] top = pq.poll();
            int moves_left = top[0];
            int node = top[1];

            if (visited.contains(node)) continue;
            visited.add(node);

            for (int[] neighbor : graph.get(node)) {
                int next_node = neighbor[0];
                int moves_needed = neighbor[1];
                int moves_left_after = moves_left - moves_needed;

                if (!visited.contains(next_node) && moves_left_after > 0) {
                    pq.offer(new int[]{moves_left_after, next_node});
                }
            }
        }

        return visited.size();
    }
}","The problem can be solved using Dijkstra's algorithm.

1. First, convert the given graph into an adjacency list (graph) so that it stores the adjacent nodes and the edge weights between them.
2. Initialize a set (visited) for storing the visited nodes.
3. Initialize a max-heap priority queue (pq), with the initial maximum moves left and the starting node (0) as a tuple.
4. Run a while loop until the priority queue is empty:
   a. Pop the top element from the queue which has the maximum moves left and the corresponding node.
   b. Check if the node is already visited. If yes, continue to the next element in the queue.
   c. If the node is not visited, add it to the visited set.
   d. Loop through each neighbor of the current node:
      i. Calculate moves_left_after: moves left after reaching the neighbor node.
      ii. If the neighbor node is not visited and the moves_left_after is greater than 0, push it into the priority queue.
5. Return the size of the visited set.","#include <vector>
#include <unordered_set>
#include <queue>

using namespace std;

int reachableNodes(vector<vector<int>>& edges, int maxMoves, int n) {
    vector<vector<pair<int, int>>> graph(n);
    for (const auto& edge : edges) {
        int u = edge[0], v = edge[1], cnt = edge[2];
        graph[u].emplace_back(v, cnt + 1);
        graph[v].emplace_back(u, cnt + 1);
    }

    unordered_set<int> visited;
    priority_queue<pair<int, int>> pq;
    pq.emplace(maxMoves, 0);

    while (!pq.empty()) {
        int moves_left = pq.top().first;
        int node = pq.top().second;
        pq.pop();

        if (visited.count(node)) continue;
        visited.insert(node);

        for (const auto& neighbor : graph[node]) {
            int next_node = neighbor.first;
            int moves_needed = neighbor.second;
            int moves_left_after = moves_left - moves_needed;

            if (!visited.count(next_node) && moves_left_after > 0) {
                pq.emplace(moves_left_after, next_node);
            }
        }
    }

    return visited.size();
}","The problem can be solved using Dijkstra's algorithm.

1. First, convert the given graph into an adjacency list (graph) so that it stores the adjacent nodes and the edge weights between them.
2. Initialize a set (visited) for storing the visited nodes.
3. Initialize a max-heap priority queue (pq), with the initial maximum moves left and the starting node (0) as a tuple.
4. Run a while loop until the priority queue is empty:
   a. Pop the top element from the queue which has the maximum moves left and the corresponding node.
   b. Check if the node is already visited. If yes, continue to the next element in the queue.
   c. If the node is not visited, add it to the visited set.
   d. Loop through each neighbor of the current node:
      i. Calculate moves_left_after: moves left after reaching the neighbor node.
      ii. If the neighbor node is not visited and the moves_left_after is greater than 0, push it into the priority queue.
5. Return the size of the visited set.","from heapq import heappush, heappop

def reachableNodes(edges, maxMoves, n):
    graph = [[] for _ in range(n)]
    for u, v, cnt in edges:
        graph[u].append((v, cnt + 1))
        graph[v].append((u, cnt + 1))

    visited = set()
    pq = [(-maxMoves, 0)]

    while pq:
        moves_left, node = heappop(pq)

        if node in visited:
            continue
        visited.add(node)

        for next_node, moves_needed in graph[node]:
            moves_left_after = moves_left - moves_needed
            if next_node not in visited and moves_left_after > 0:
                heappush(pq, (moves_left_after, next_node))

    return len(visited)","The problem can be solved using Dijkstra's algorithm.

1. First, convert the given graph into an adjacency list (graph) so that it stores the adjacent nodes and the edge weights between them.
2. Initialize a set (visited) for storing the visited nodes.
3. Initialize a max-heap priority queue (pq), with the initial maximum moves left and the starting node (0) as a tuple.
4. Run a while loop until the priority queue is empty:
   a. Pop the top element from the queue which has the maximum moves left and the corresponding node.
   b. Check if the node is already visited. If yes, continue to the next element in the queue.
   c. If the node is not visited, add it to the visited set.
   d. Loop through each neighbor of the current node:
      i. Calculate moves_left_after: moves left after reaching the neighbor node.
      ii. If the neighbor node is not visited and the moves_left_after is greater than 0, push it into the priority queue.
5. Return the size of the visited set.","function reachableNodes(edges, maxMoves, n) {
    const graph = Array.from({length: n}, () => []);
    for (const edge of edges) {
        const [u, v, cnt] = edge;
        graph[u].push([v, cnt + 1]);
        graph[v].push([u, cnt + 1]);
    }

    const visited = new Set();
    const pq = [[maxMoves, 0]];

    while (pq.length) {
        const [moves_left, node] = pq.pop();

        if (visited.has(node)) continue;
        visited.add(node);

        for (const neighbor of graph[node]) {
            const [next_node, moves_needed] = neighbor;
            const moves_left_after = moves_left - moves_needed;

            if (!visited.has(next_node) && moves_left_after > 0) {
                pq.push([moves_left_after, next_node]);
                pq.sort((a, b) => b[0] - a[0]);
            }
        }
    }

    return visited.size;
}","The problem can be solved using Dijkstra's algorithm.

1. First, convert the given graph into an adjacency list (graph) so that it stores the adjacent nodes and the edge weights between them.
2. Initialize a set (visited) for storing the visited nodes.
3. Initialize a max-heap priority queue (pq), with the initial maximum moves left and the starting node (0) as a tuple.
4. Run a while loop until the priority queue is empty:
   a. Pop the top element from the queue which has the maximum moves left and the corresponding node.
   b. Check if the node is already visited. If yes, continue to the next element in the queue.
   c. If the node is not visited, add it to the visited set.
   d. Loop through each neighbor of the current node:
      i. Calculate moves_left_after: moves left after reaching the neighbor node.
      ii. If the neighbor node is not visited and the moves_left_after is greater than 0, push it into the priority queue.
5. Return the size of the visited set.","def reachableNodes(edges, maxMoves, n):
    graph = [[] for _ in range(n)]
    for edge in edges:
        u, v, cnt = edge
        graph[u].append([v, cnt + 1])
        graph[v].append([u, cnt + 1])

    visited = set()
    pq = [[maxMoves, 0]]

    while pq:
        moves_left, node = pq.pop()

        if node in visited:
            continue
        visited.add(node)

        for neighbor in graph[node]:
            next_node, moves_needed = neighbor
            moves_left_after = moves_left - moves_needed

            if next_node not in visited and moves_left_after > 0:
                pq.append([moves_left_after, next_node])
                pq.sort(key=lambda x: x[0], reverse=True)

    return len(visited)","def reachableNodes(edges, maxMoves, n):
    graph = [[] for _ in range(n)]
    for edge in edges:
        u, v, cnt = edge
        graph[u].append([v, cnt + 1])
        graph[v].append([u, cnt + 1])

    visited = set()
    pq = [[maxMoves, 0]]

    while pq:
        moves_left, node = pq.pop()

        if node in visited:
            continue
        visited.add(node)

        for neighbor in graph[node]:
            next_node, moves_needed = neighbor
            moves_left_after = moves_left - moves_needed

            if next_node not in visited and moves_left_after > 0:
                pq.append([moves_left_after, next_node])
                pq.sort(key=lambda x: x[0], reverse=True)

    return len(visited)","```python
import heapq

class Solution:
    def reachableNodes(self, edges, maxMoves, n):
        graph = [[] for _ in range(n)]
        
        for edge in edges:
            u, v, cnt = edge
            graph[u].append([v, cnt + 1])
            graph[v].append([u, cnt + 1])

        visited = set()
        pq = [(-maxMoves, 0)]
        heapq.heapify(pq)

        while pq:
            moves_left, node = heapq.heappop(pq)

            if node in visited:
                continue
            visited.add(node)

            for neighbor in graph[node]:
                next_node, moves_needed = neighbor
                moves_left_after = moves_left + moves_needed

                if next_node not in visited and moves_left_after > 0:
                    heapq.heappush(pq, (moves_left_after, next_node))

        return len(visited)
```","Here is the equivalent Python code:

```python
import heapq

def reachableNodes(edges, maxMoves, n):
    graph = [[] for _ in range(n)]
    for edge in edges:
        u, v, cnt = edge
        graph[u].append((v, cnt + 1))
        graph[v].append((u, cnt + 1))

    visited = set()
    pq = [(maxMoves, 0)]

    while pq:
        moves_left, node = heapq.heappop(pq)

        if node in visited:
            continue
        visited.add(node)

        for neighbor in graph[node]:
            next_node, moves_needed = neighbor
            moves_left_after = moves_left - moves_needed

            if next_node not in visited and moves_left_after > 0:
                heapq.heappush(pq, (moves_left_after, next_node))

    return len(visited)
```","import heapq

class Solution:
    def reachableNodes(self, edges, maxMoves, n):
        graph = [[] for _ in range(n)]
        
        for edge in edges:
            u, v, cnt = edge
            graph[u].append([v, cnt + 1])
            graph[v].append([u, cnt + 1])

        visited = set()
        pq = [(-maxMoves, 0)]
        heapq.heapify(pq)

        while pq:
            moves_left, node = heapq.heappop(pq)

            if node in visited:
                continue
            visited.add(node)

            for neighbor in graph[node]:
                next_node, moves_needed = neighbor
                moves_left_after = moves_left + moves_needed

                if next_node not in visited and moves_left_after > 0:
                    heapq.heappush(pq, (moves_left_after, next_node))

        return len(visited)","import heapq

def reachableNodes(edges, maxMoves, n):
    graph = [[] for _ in range(n)]
    for edge in edges:
        u, v, cnt = edge
        graph[u].append((v, cnt + 1))
        graph[v].append((u, cnt + 1))

    visited = set()
    pq = [(maxMoves, 0)]

    while pq:
        moves_left, node = heapq.heappop(pq)

        if node in visited:
            continue
        visited.add(node)

        for neighbor in graph[node]:
            next_node, moves_needed = neighbor
            moves_left_after = moves_left - moves_needed

            if next_node not in visited and moves_left_after > 0:
                heapq.heappush(pq, (moves_left_after, next_node))

    return len(visited)"
